Price,Adj Close,Close,High,Low,Open,Volume
Ticker,AXISBANK.NS,AXISBANK.NS,AXISBANK.NS,AXISBANK.NS,AXISBANK.NS,AXISBANK.NS
Date,,,,,,
1998-11-27 00:00:00+00:00,2.2513718605041504,3.4000000953674316,3.549999952316284,2.7100000381469727,3.549999952316284,21000
1998-11-30 00:00:00+00:00,2.125559091567993,3.2100000381469727,3.299999952316284,3.0999999046325684,3.25,132000
1998-12-01 00:00:00+00:00,2.2447493076324463,3.390000104904175,3.4600000381469727,3.2200000286102295,3.2899999618530273,123500
1998-12-02 00:00:00+00:00,2.2447493076324463,3.390000104904175,3.440000057220459,3.319999933242798,3.359999895095825,75500
1998-12-03 00:00:00+00:00,2.2447493076324463,3.390000104904175,3.490000009536743,3.369999885559082,3.440000057220459,102000
1998-12-04 00:00:00+00:00,2.2447493076324463,3.390000104904175,3.4100000858306885,3.299999952316284,3.3399999141693115,71000
1998-12-07 00:00:00+00:00,2.2381277084350586,3.380000114440918,3.440000057220459,3.3499999046325684,3.380000114440918,26000
1998-12-08 00:00:00+00:00,2.1454241275787354,3.240000009536743,3.4000000953674316,3.2300000190734863,3.380000114440918,32500
1998-12-09 00:00:00+00:00,2.1454241275787354,3.240000009536743,3.3399999141693115,3.2300000190734863,3.2899999618530273,15000
1998-12-10 00:00:00+00:00,2.1189379692077637,3.200000047683716,3.2699999809265137,3.190000057220459,3.240000009536743,36000
1998-12-11 00:00:00+00:00,2.0924508571624756,3.1600000858306885,3.240000009536743,3.119999885559082,3.2200000286102295,37500
1998-12-14 00:00:00+00:00,2.105694055557251,3.180000066757202,3.259999990463257,3.1600000858306885,3.259999990463257,18500
1998-12-15 00:00:00+00:00,2.0858287811279297,3.1500000953674316,3.200000047683716,3.1500000953674316,3.200000047683716,8500
1998-12-16 00:00:00+00:00,2.0725860595703125,3.130000114440918,3.1600000858306885,3.0999999046325684,3.140000104904175,43000
1998-12-17 00:00:00+00:00,2.0394766330718994,3.0799999237060547,3.119999885559082,3.0299999713897705,3.0299999713897705,14000
1998-12-18 00:00:00+00:00,1.9865037202835083,3.0,3.119999885559082,2.990000009536743,3.059999942779541,72500
1998-12-21 00:00:00+00:00,2.0196123123168945,3.049999952316284,3.1600000858306885,3.049999952316284,3.1500000953674316,35500
1998-12-22 00:00:00+00:00,2.026233673095703,3.059999942779541,3.069999933242798,3.0,3.069999933242798,22000
1998-12-23 00:00:00+00:00,2.0129904747009277,3.0399999618530273,3.069999933242798,3.0,3.0399999618530273,20000
1998-12-24 00:00:00+00:00,1.9865037202835083,3.0,3.059999942779541,2.9200000762939453,2.9200000762939453,29000
1998-12-25 00:00:00+00:00,1.9865037202835083,3.0,3.0,3.0,3.0,0
1998-12-28 00:00:00+00:00,1.9865037202835083,3.0,3.069999933242798,3.0,3.0,11000
1998-12-29 00:00:00+00:00,2.0196123123168945,3.049999952316284,3.0999999046325684,3.0,3.009999990463257,24000
1998-12-30 00:00:00+00:00,2.2579925060272217,3.4100000858306885,3.5399999618530273,3.130000114440918,3.130000114440918,47000
1998-12-31 00:00:00+00:00,2.1454241275787354,3.240000009536743,3.4000000953674316,3.2100000381469727,3.4000000953674316,48500
1999-01-01 00:00:00+00:00,2.1652889251708984,3.2699999809265137,3.3399999141693115,3.2300000190734863,3.319999933242798,337500
1999-01-04 00:00:00+00:00,2.2579925060272217,3.4100000858306885,3.5399999618530273,3.4000000953674316,3.4000000953674316,50000
1999-01-05 00:00:00+00:00,2.1189379692077637,3.200000047683716,3.359999895095825,3.1700000762939453,3.359999895095825,44000
1999-01-06 00:00:00+00:00,2.1189379692077637,3.200000047683716,3.2699999809265137,3.1500000953674316,3.2699999809265137,47000
1999-01-07 00:00:00+00:00,2.2182624340057373,3.3499999046325684,3.559999942779541,3.200000047683716,3.200000047683716,104000
1999-01-08 00:00:00+00:00,2.2579925060272217,3.4100000858306885,3.549999952316284,3.4000000953674316,3.440000057220459,220000
1999-01-11 00:00:00+00:00,2.324209451675415,3.509999990463257,3.6500000953674316,3.4100000858306885,3.5999999046325684,172500
1999-01-12 00:00:00+00:00,2.2712361812591553,3.430000066757202,3.5999999046325684,3.369999885559082,3.450000047683716,47500
1999-01-13 00:00:00+00:00,2.2646141052246094,3.4200000762939453,3.4700000286102295,3.4000000953674316,3.4100000858306885,25500
1999-01-14 00:00:00+00:00,2.2248847484588623,3.359999895095825,3.4000000953674316,3.299999952316284,3.359999895095825,9000
1999-01-15 00:00:00+00:00,2.1123158931732178,3.190000057220459,3.4000000953674316,3.130000114440918,3.4000000953674316,31000
1999-01-18 00:00:00+00:00,2.158668041229248,3.259999990463257,3.259999990463257,3.1500000953674316,3.190000057220459,9000
1999-01-19 00:00:00+00:00,2.1851541996002197,3.299999952316284,3.3499999046325684,3.25,3.3499999046325684,7500
1999-01-20 00:00:00+00:00,2.1851541996002197,3.299999952316284,3.299999952316284,3.299999952316284,3.299999952316284,0
1999-01-21 00:00:00+00:00,2.152045726776123,3.25,3.259999990463257,2.940000057220459,3.0999999046325684,10500
1999-01-22 00:00:00+00:00,2.158668041229248,3.259999990463257,3.380000114440918,3.2200000286102295,3.299999952316284,4500
1999-01-25 00:00:00+00:00,2.158668041229248,3.259999990463257,3.259999990463257,3.069999933242798,3.25,15500
1999-01-26 00:00:00+00:00,2.158668041229248,3.259999990463257,3.259999990463257,3.259999990463257,3.259999990463257,0
1999-01-27 00:00:00+00:00,2.1189379692077637,3.200000047683716,3.200000047683716,3.119999885559082,3.200000047683716,5000
1999-01-28 00:00:00+00:00,2.0924508571624756,3.1600000858306885,3.2799999713897705,3.1600000858306885,3.200000047683716,8500
1999-01-29 00:00:00+00:00,2.00636887550354,3.0299999713897705,3.240000009536743,3.0199999809265137,3.200000047683716,37000
1999-02-01 00:00:00+00:00,2.052720069885254,3.0999999046325684,3.119999885559082,3.0999999046325684,3.0999999046325684,7500
1999-02-02 00:00:00+00:00,2.1123158931732178,3.190000057220459,3.200000047683716,3.0199999809265137,3.200000047683716,34500
1999-02-03 00:00:00+00:00,2.099072217941284,3.1700000762939453,3.25,3.1500000953674316,3.240000009536743,60500
1999-02-04 00:00:00+00:00,2.052720069885254,3.0999999046325684,3.200000047683716,3.0999999046325684,3.200000047683716,30000
1999-02-05 00:00:00+00:00,2.052720069885254,3.0999999046325684,3.200000047683716,3.0199999809265137,3.180000066757202,27500
1999-02-08 00:00:00+00:00,2.0725860595703125,3.130000114440918,3.140000104904175,3.0999999046325684,3.0999999046325684,9500
1999-02-09 00:00:00+00:00,2.026233673095703,3.059999942779541,3.0999999046325684,3.0,3.0,9000
1999-02-10 00:00:00+00:00,1.999747633934021,3.0199999809265137,3.200000047683716,3.0,3.190000057220459,13000
1999-02-11 00:00:00+00:00,2.026233673095703,3.059999942779541,3.0999999046325684,3.0,3.0999999046325684,23000
1999-02-12 00:00:00+00:00,1.9865037202835083,3.0,3.0999999046325684,3.0,3.0,86500
1999-02-15 00:00:00+00:00,1.9865037202835083,3.0,3.0,3.0,3.0,3500
1999-02-16 00:00:00+00:00,1.993125557899475,3.009999990463257,3.109999895095825,3.009999990463257,3.109999895095825,4000
1999-02-17 00:00:00+00:00,1.999747633934021,3.0199999809265137,3.0799999237060547,3.0,3.0199999809265137,3000
1999-02-18 00:00:00+00:00,1.9865037202835083,3.0,3.0999999046325684,2.950000047683716,2.950000047683716,55000
1999-02-19 00:00:00+00:00,1.9865037202835083,3.0,3.049999952316284,2.9000000953674316,3.049999952316284,47500
1999-02-22 00:00:00+00:00,1.979882001876831,2.990000009536743,3.0999999046325684,2.799999952316284,3.0999999046325684,3500
1999-02-23 00:00:00+00:00,1.9070441722869873,2.880000114440918,2.9100000858306885,2.8399999141693115,2.9100000858306885,12500
1999-02-24 00:00:00+00:00,1.920286774635315,2.9000000953674316,2.9000000953674316,2.799999952316284,2.819999933242798,21000
1999-02-25 00:00:00+00:00,1.8871790170669556,2.8499999046325684,2.9600000381469727,2.8499999046325684,2.940000057220459,12500
1999-02-26 00:00:00+00:00,1.9070441722869873,2.880000114440918,2.9000000953674316,2.8399999141693115,2.9000000953674316,13500
1999-03-01 00:00:00+00:00,1.8805568218231201,2.8399999141693115,2.869999885559082,2.799999952316284,2.8499999046325684,50000
1999-03-02 00:00:00+00:00,1.8805568218231201,2.8399999141693115,2.8399999141693115,2.8399999141693115,2.8399999141693115,0
1999-03-03 00:00:00+00:00,2.324209451675415,3.509999990463257,3.5399999618530273,3.0399999618530273,3.0399999618530273,102500
1999-03-04 00:00:00+00:00,2.1983978748321533,3.319999933242798,3.5,3.119999885559082,3.5,284000
1999-03-05 00:00:00+00:00,2.1652889251708984,3.2699999809265137,3.490000009536743,3.200000047683716,3.490000009536743,271000
1999-03-08 00:00:00+00:00,2.1851541996002197,3.299999952316284,3.690000057220459,3.299999952316284,3.690000057220459,212000
1999-03-09 00:00:00+00:00,2.1189379692077637,3.200000047683716,3.5999999046325684,3.200000047683716,3.5899999141693115,119000
1999-03-10 00:00:00+00:00,2.0858287811279297,3.1500000953674316,3.200000047683716,2.940000057220459,2.940000057220459,19000
1999-03-11 00:00:00+00:00,1.9865037202835083,3.0,3.190000057220459,3.0,3.0999999046325684,61500
1999-03-12 00:00:00+00:00,1.9136650562286377,2.890000104904175,3.049999952316284,2.799999952316284,3.0,69500
1999-03-15 00:00:00+00:00,1.920286774635315,2.9000000953674316,3.0199999809265137,2.9000000953674316,3.0199999809265137,49500
1999-03-16 00:00:00+00:00,1.8805568218231201,2.8399999141693115,3.0199999809265137,2.799999952316284,2.9200000762939453,66000
1999-03-17 00:00:00+00:00,1.8739351034164429,2.8299999237060547,2.990000009536743,2.819999933242798,2.990000009536743,13500
1999-03-18 00:00:00+00:00,1.8739351034164429,2.8299999237060547,2.8299999237060547,2.8299999237060547,2.8299999237060547,0
1999-03-19 00:00:00+00:00,1.847448468208313,2.7899999618530273,2.8499999046325684,2.7699999809265137,2.8399999141693115,67000
1999-03-22 00:00:00+00:00,1.8540699481964111,2.799999952316284,2.9000000953674316,2.7799999713897705,2.9000000953674316,61500
1999-03-23 00:00:00+00:00,1.8739351034164429,2.8299999237060547,2.880000114440918,2.75,2.880000114440918,45000
1999-03-24 00:00:00+00:00,1.8540699481964111,2.799999952316284,2.819999933242798,2.740000009536743,2.799999952316284,51500
1999-03-25 00:00:00+00:00,1.8540699481964111,2.799999952316284,2.799999952316284,2.799999952316284,2.799999952316284,0
1999-03-26 00:00:00+00:00,1.7348802089691162,2.619999885559082,2.759999990463257,2.5999999046325684,2.700000047683716,53000
1999-03-29 00:00:00+00:00,1.7348802089691162,2.619999885559082,2.619999885559082,2.619999885559082,2.619999885559082,0
1999-03-30 00:00:00+00:00,1.7746104001998901,2.680000066757202,2.7699999809265137,2.5999999046325684,2.75,23000
1999-03-31 00:00:00+00:00,1.8540699481964111,2.799999952316284,2.859999895095825,2.799999952316284,2.799999952316284,7500
1999-04-01 00:00:00+00:00,1.847448468208313,2.7899999618530273,2.799999952316284,2.6500000953674316,2.6500000953674316,4500
1999-04-02 00:00:00+00:00,1.847448468208313,2.7899999618530273,2.7899999618530273,2.7899999618530273,2.7899999618530273,0
1999-04-05 00:00:00+00:00,1.7547446489334106,2.6500000953674316,2.799999952316284,2.609999895095825,2.7899999618530273,9500
1999-04-06 00:00:00+00:00,1.7282578945159912,2.609999895095825,2.740000009536743,2.609999895095825,2.740000009536743,11500
1999-04-07 00:00:00+00:00,1.7547446489334106,2.6500000953674316,2.700000047683716,2.6500000953674316,2.690000057220459,10000
1999-04-08 00:00:00+00:00,1.7415014505386353,2.630000114440918,2.680000066757202,2.630000114440918,2.6500000953674316,13000
1999-04-09 00:00:00+00:00,1.7348802089691162,2.619999885559082,2.700000047683716,2.5999999046325684,2.640000104904175,9000
1999-04-12 00:00:00+00:00,1.7348802089691162,2.619999885559082,2.619999885559082,2.5999999046325684,2.609999895095825,1500
1999-04-13 00:00:00+00:00,1.7481237649917603,2.640000104904175,2.6500000953674316,2.5999999046325684,2.5999999046325684,5500
1999-04-14 00:00:00+00:00,1.7481237649917603,2.640000104904175,2.640000104904175,2.640000104904175,2.640000104904175,0
1999-04-15 00:00:00+00:00,1.7216367721557617,2.5999999046325684,2.700000047683716,2.5999999046325684,2.5999999046325684,6000
1999-04-16 00:00:00+00:00,1.7150150537490845,2.5899999141693115,2.609999895095825,2.5399999618530273,2.609999895095825,17500
1999-04-19 00:00:00+00:00,1.7481237649917603,2.640000104904175,2.640000104904175,2.5199999809265137,2.5999999046325684,11000
1999-04-20 00:00:00+00:00,1.7679883241653442,2.6700000762939453,2.690000057220459,2.5999999046325684,2.5999999046325684,16500
1999-04-21 00:00:00+00:00,1.7481237649917603,2.640000104904175,2.759999990463257,2.619999885559082,2.759999990463257,9000
1999-04-22 00:00:00+00:00,1.7547446489334106,2.6500000953674316,2.7100000381469727,2.5999999046325684,2.6500000953674316,7500
1999-04-23 00:00:00+00:00,1.7216367721557617,2.5999999046325684,2.6500000953674316,2.5999999046325684,2.5999999046325684,34500
1999-04-26 00:00:00+00:00,1.6355550289154053,2.4700000286102295,2.5999999046325684,2.4600000381469727,2.5,13000
1999-04-27 00:00:00+00:00,1.6355550289154053,2.4700000286102295,2.4700000286102295,2.4700000286102295,2.4700000286102295,0
1999-04-28 00:00:00+00:00,1.655419945716858,2.5,2.5999999046325684,2.5,2.5999999046325684,10500
1999-04-29 00:00:00+00:00,1.7150150537490845,2.5899999141693115,2.5999999046325684,2.5,2.5999999046325684,5000
1999-04-30 00:00:00+00:00,1.7150150537490845,2.5899999141693115,2.5899999141693115,2.5899999141693115,2.5899999141693115,0
1999-05-03 00:00:00+00:00,1.6686632633209229,2.5199999809265137,2.7300000190734863,2.5,2.5999999046325684,9500
1999-05-04 00:00:00+00:00,1.6819067001342773,2.5399999618530273,2.740000009536743,2.5399999618530273,2.740000009536743,152500
1999-05-05 00:00:00+00:00,1.7282578945159912,2.609999895095825,2.740000009536743,2.5999999046325684,2.740000009536743,15500
1999-05-06 00:00:00+00:00,1.761366605758667,2.6600000858306885,2.7300000190734863,2.5999999046325684,2.5999999046325684,16000
1999-05-07 00:00:00+00:00,1.820961594581604,2.75,2.75,2.5399999618530273,2.5399999618530273,6500
1999-05-10 00:00:00+00:00,1.847448468208313,2.7899999618530273,2.799999952316284,2.700000047683716,2.700000047683716,15000
1999-05-11 00:00:00+00:00,1.7944754362106323,2.7100000381469727,2.9000000953674316,2.7100000381469727,2.8399999141693115,39000
1999-05-12 00:00:00+00:00,1.7944754362106323,2.7100000381469727,2.759999990463257,2.700000047683716,2.7100000381469727,11000
1999-05-13 00:00:00+00:00,1.7746104001998901,2.680000066757202,2.799999952316284,2.6600000858306885,2.759999990463257,13000
1999-05-14 00:00:00+00:00,1.7878531217575073,2.700000047683716,2.8499999046325684,2.6500000953674316,2.6600000858306885,54500
1999-05-17 00:00:00+00:00,1.920286774635315,2.9000000953674316,2.9000000953674316,2.7100000381469727,2.7100000381469727,34000
1999-05-18 00:00:00+00:00,1.920286774635315,2.9000000953674316,2.9000000953674316,2.799999952316284,2.9000000953674316,9500
1999-05-19 00:00:00+00:00,2.0394766330718994,3.0799999237060547,3.0799999237060547,2.890000104904175,2.890000104904175,29000
1999-05-20 00:00:00+00:00,2.00636887550354,3.0299999713897705,3.25,3.0,3.1700000762939453,60500
1999-05-21 00:00:00+00:00,1.920286774635315,2.9000000953674316,3.0399999618530273,2.9000000953674316,3.0,9000
1999-05-24 00:00:00+00:00,1.8871790170669556,2.8499999046325684,2.9800000190734863,2.8399999141693115,2.9000000953674316,7000
1999-05-25 00:00:00+00:00,1.8871790170669556,2.8499999046325684,2.8499999046325684,2.5999999046325684,2.8499999046325684,54000
1999-05-26 00:00:00+00:00,1.8408269882202148,2.7799999713897705,2.799999952316284,2.7799999713897705,2.799999952316284,5000
1999-05-27 00:00:00+00:00,1.8275833129882812,2.759999990463257,2.799999952316284,2.75,2.799999952316284,2500
1999-05-28 00:00:00+00:00,1.7547446489334106,2.6500000953674316,2.799999952316284,2.5999999046325684,2.75,48000
1999-05-31 00:00:00+00:00,1.8540699481964111,2.799999952316284,2.809999942779541,2.7799999713897705,2.7799999713897705,42500
1999-06-01 00:00:00+00:00,1.9865037202835083,3.0,3.0999999046325684,2.9000000953674316,3.0999999046325684,110500
1999-06-02 00:00:00+00:00,1.9666388034820557,2.9700000286102295,3.0899999141693115,2.9200000762939453,3.0899999141693115,41000
1999-06-03 00:00:00+00:00,1.9732608795166016,2.9800000190734863,3.049999952316284,2.9000000953674316,2.9200000762939453,43500
1999-06-04 00:00:00+00:00,1.9269088506698608,2.9100000858306885,2.9600000381469727,2.859999895095825,2.9200000762939453,111500
1999-06-07 00:00:00+00:00,2.052720069885254,3.0999999046325684,3.5199999809265137,3.0,3.5,149500
1999-06-08 00:00:00+00:00,2.0196123123168945,3.049999952316284,3.180000066757202,2.9800000190734863,2.9800000190734863,59500
1999-06-09 00:00:00+00:00,2.052720069885254,3.0999999046325684,3.140000104904175,3.0999999046325684,3.0999999046325684,36000
1999-06-10 00:00:00+00:00,1.999747633934021,3.0199999809265137,3.119999885559082,3.0199999809265137,3.0799999237060547,97500
1999-06-11 00:00:00+00:00,1.9865037202835083,3.0,3.0799999237060547,2.9800000190734863,3.0799999237060547,38000
1999-06-14 00:00:00+00:00,1.8871790170669556,2.8499999046325684,2.9800000190734863,2.799999952316284,2.9800000190734863,6000
1999-06-15 00:00:00+00:00,1.8871790170669556,2.8499999046325684,2.890000104904175,2.799999952316284,2.819999933242798,9500
1999-06-16 00:00:00+00:00,2.0296075344085693,2.8499999046325684,2.9000000953674316,2.799999952316284,2.809999942779541,17000
1999-06-17 00:00:00+00:00,2.1221861839294434,2.9800000190734863,3.0,2.9000000953674316,2.9000000953674316,28000
1999-06-18 00:00:00+00:00,2.100820779800415,2.950000047683716,2.950000047683716,2.9000000953674316,2.950000047683716,6000
1999-06-21 00:00:00+00:00,2.1150643825531006,2.9700000286102295,2.9700000286102295,2.859999895095825,2.859999895095825,6500
1999-06-22 00:00:00+00:00,2.100820779800415,2.950000047683716,2.990000009536743,2.8499999046325684,2.990000009536743,4000
1999-06-23 00:00:00+00:00,2.4212865829467773,3.4000000953674316,3.5999999046325684,2.819999933242798,3.0,217500
1999-06-24 00:00:00+00:00,2.2076423168182373,3.0999999046325684,3.200000047683716,3.0899999141693115,3.200000047683716,71000
1999-06-25 00:00:00+00:00,2.2646143436431885,3.180000066757202,3.200000047683716,3.119999885559082,3.200000047683716,40500
1999-06-28 00:00:00+00:00,2.193399429321289,3.0799999237060547,3.180000066757202,3.0799999237060547,3.180000066757202,5500
1999-06-29 00:00:00+00:00,2.2432496547698975,3.1500000953674316,3.180000066757202,3.0199999809265137,3.0199999809265137,7500
1999-06-30 00:00:00+00:00,2.2076423168182373,3.0999999046325684,3.0999999046325684,2.9100000858306885,2.9100000858306885,7500
1999-07-01 00:00:00+00:00,2.2076423168182373,3.0999999046325684,3.190000057220459,3.069999933242798,3.190000057220459,3500
1999-07-02 00:00:00+00:00,2.2076423168182373,3.0999999046325684,3.1600000858306885,3.0799999237060547,3.0999999046325684,17000
1999-07-05 00:00:00+00:00,2.2147650718688965,3.109999895095825,3.1500000953674316,3.049999952316284,3.1500000953674316,41500
1999-07-06 00:00:00+00:00,2.2290074825286865,3.130000114440918,3.1500000953674316,3.0999999046325684,3.119999885559082,33000
1999-07-07 00:00:00+00:00,2.257492780685425,3.1700000762939453,3.200000047683716,3.0999999046325684,3.140000104904175,35000
1999-07-08 00:00:00+00:00,2.2503714561462402,3.1600000858306885,3.190000057220459,3.130000114440918,3.140000104904175,11500
1999-07-09 00:00:00+00:00,2.2432496547698975,3.1500000953674316,3.25,3.130000114440918,3.200000047683716,57500
1999-07-12 00:00:00+00:00,2.4640142917633057,3.4600000381469727,3.5999999046325684,3.200000047683716,3.2699999809265137,56500
1999-07-13 00:00:00+00:00,2.3571925163269043,3.309999942779541,3.4000000953674316,3.299999952316284,3.299999952316284,19500
1999-07-14 00:00:00+00:00,2.364314317703247,3.319999933242798,3.4000000953674316,3.2100000381469727,3.299999952316284,12000
1999-07-15 00:00:00+00:00,2.271735906600952,3.190000057220459,3.4700000286102295,3.1600000858306885,3.4700000286102295,90500
1999-07-16 00:00:00+00:00,2.3358287811279297,3.2799999713897705,3.299999952316284,3.1600000858306885,3.200000047683716,109500
1999-07-19 00:00:00+00:00,2.7987213134765625,3.930000066757202,4.090000152587891,3.5999999046325684,3.5999999046325684,306000
1999-07-20 00:00:00+00:00,2.649172067642212,3.7200000286102295,4.03000020980835,3.4000000953674316,4.0,172000
1999-07-21 00:00:00+00:00,2.7132644653320312,3.809999942779541,3.8499999046325684,3.4000000953674316,3.4200000762939453,56500
1999-07-22 00:00:00+00:00,2.649172067642212,3.7200000286102295,3.880000114440918,3.6600000858306885,3.6600000858306885,108000
1999-07-23 00:00:00+00:00,2.6135640144348145,3.6700000762939453,3.8499999046325684,3.630000114440918,3.6700000762939453,65000
1999-07-26 00:00:00+00:00,2.6278069019317627,3.690000057220459,3.799999952316284,3.5799999237060547,3.799999952316284,36500
1999-07-27 00:00:00+00:00,2.5779569149017334,3.619999885559082,3.75,3.5999999046325684,3.75,13500
1999-07-28 00:00:00+00:00,2.492499828338623,3.5,3.5799999237060547,3.440000057220459,3.5199999809265137,53000
1999-07-29 00:00:00+00:00,2.4212865829467773,3.4000000953674316,3.509999990463257,3.4000000953674316,3.5,91500
1999-07-30 00:00:00+00:00,2.350071430206299,3.299999952316284,3.5,3.299999952316284,3.440000057220459,220500
1999-08-02 00:00:00+00:00,2.378556966781616,3.3399999141693115,3.4000000953674316,3.3399999141693115,3.4000000953674316,7500
1999-08-03 00:00:00+00:00,2.278857707977295,3.200000047683716,3.4000000953674316,3.200000047683716,3.3499999046325684,148500
1999-08-04 00:00:00+00:00,2.3928003311157227,3.359999895095825,3.390000104904175,3.299999952316284,3.299999952316284,96500
1999-08-05 00:00:00+00:00,2.4141643047332764,3.390000104904175,3.4000000953674316,3.299999952316284,3.359999895095825,24500
1999-08-06 00:00:00+00:00,2.3144643306732178,3.25,3.319999933242798,3.240000009536743,3.319999933242798,32500
1999-08-09 00:00:00+00:00,2.385678291320801,3.3499999046325684,3.4000000953674316,3.319999933242798,3.4000000953674316,10000
1999-08-10 00:00:00+00:00,2.3358287811279297,3.2799999713897705,3.3399999141693115,3.2100000381469727,3.3399999141693115,35000
1999-08-11 00:00:00+00:00,2.3429501056671143,3.2899999618530273,3.299999952316284,3.2200000286102295,3.2799999713897705,71000
1999-08-12 00:00:00+00:00,2.3429501056671143,3.2899999618530273,3.3499999046325684,3.2200000286102295,3.2200000286102295,64500
1999-08-13 00:00:00+00:00,2.3429501056671143,3.2899999618530273,3.369999885559082,3.200000047683716,3.299999952316284,76000
1999-08-16 00:00:00+00:00,2.4212865829467773,3.4000000953674316,3.4000000953674316,3.2300000190734863,3.299999952316284,62000
1999-08-17 00:00:00+00:00,2.378556966781616,3.3399999141693115,3.4000000953674316,3.309999942779541,3.4000000953674316,71500
1999-08-18 00:00:00+00:00,2.5423500537872314,3.569999933242798,3.5999999046325684,3.4000000953674316,3.5,200500
1999-08-19 00:00:00+00:00,2.5067427158355713,3.5199999809265137,3.680000066757202,3.5,3.549999952316284,50000
1999-08-20 00:00:00+00:00,2.5423500537872314,3.569999933242798,3.5999999046325684,3.509999990463257,3.509999990463257,115500
1999-08-23 00:00:00+00:00,2.599321126937866,3.6500000953674316,3.740000009536743,3.5999999046325684,3.700000047683716,161000
1999-08-24 00:00:00+00:00,2.7061424255371094,3.799999952316284,3.799999952316284,3.700000047683716,3.799999952316284,186000
1999-08-25 00:00:00+00:00,2.620685577392578,3.680000066757202,3.9000000953674316,3.680000066757202,3.799999952316284,165500
1999-08-26 00:00:00+00:00,2.65629243850708,3.7300000190734863,3.7799999713897705,3.619999885559082,3.630000114440918,35500
1999-08-27 00:00:00+00:00,2.6135640144348145,3.6700000762939453,3.799999952316284,3.5999999046325684,3.799999952316284,63500
1999-08-30 00:00:00+00:00,2.649172067642212,3.7200000286102295,3.799999952316284,3.640000104904175,3.799999952316284,33500
1999-08-31 00:00:00+00:00,2.620685577392578,3.680000066757202,3.700000047683716,3.5999999046325684,3.640000104904175,30500
1999-09-01 00:00:00+00:00,2.599321126937866,3.6500000953674316,3.6500000953674316,3.509999990463257,3.5999999046325684,69500
1999-09-02 00:00:00+00:00,2.5779569149017334,3.619999885559082,3.640000104904175,3.559999942779541,3.5999999046325684,58000
1999-09-03 00:00:00+00:00,2.549471139907837,3.5799999237060547,3.5999999046325684,3.559999942779541,3.5999999046325684,32000
1999-09-06 00:00:00+00:00,2.570835590362549,3.609999895095825,3.6500000953674316,3.549999952316284,3.5999999046325684,88000
1999-09-07 00:00:00+00:00,2.5423500537872314,3.569999933242798,3.690000057220459,3.5,3.5,40000
1999-09-08 00:00:00+00:00,2.5352282524108887,3.559999942779541,3.5999999046325684,3.559999942779541,3.5999999046325684,14500
1999-09-09 00:00:00+00:00,2.5565929412841797,3.5899999141693115,3.6500000953674316,3.5399999618530273,3.549999952316284,59500
1999-09-10 00:00:00+00:00,2.570835590362549,3.609999895095825,3.6600000858306885,3.5999999046325684,3.5999999046325684,54500
1999-09-13 00:00:00+00:00,2.570835590362549,3.609999895095825,3.609999895095825,3.609999895095825,3.609999895095825,0
1999-09-14 00:00:00+00:00,2.563714027404785,3.5999999046325684,3.700000047683716,3.5999999046325684,3.700000047683716,17000
1999-09-15 00:00:00+00:00,2.563714027404785,3.5999999046325684,3.5999999046325684,3.559999942779541,3.5999999046325684,16500
1999-09-16 00:00:00+00:00,2.5423500537872314,3.569999933242798,3.609999895095825,3.559999942779541,3.559999942779541,32000
1999-09-17 00:00:00+00:00,2.549471139907837,3.5799999237060547,3.5999999046325684,3.549999952316284,3.559999942779541,52500
1999-09-20 00:00:00+00:00,2.5352282524108887,3.559999942779541,3.6600000858306885,3.559999942779541,3.5999999046325684,36500
1999-09-21 00:00:00+00:00,2.5281074047088623,3.549999952316284,3.5999999046325684,3.5,3.5899999141693115,18000
1999-09-22 00:00:00+00:00,2.499621629714966,3.509999990463257,3.5999999046325684,3.5,3.5,28000
1999-09-23 00:00:00+00:00,2.499621629714966,3.509999990463257,3.5899999141693115,3.5,3.5899999141693115,30500
1999-09-24 00:00:00+00:00,2.442650079727173,3.430000066757202,3.549999952316284,3.4000000953674316,3.5,69500
1999-09-27 00:00:00+00:00,2.435528039932251,3.4200000762939453,3.5,3.4000000953674316,3.4100000858306885,34000
1999-09-28 00:00:00+00:00,2.4711356163024902,3.4700000286102295,3.490000009536743,3.4000000953674316,3.4000000953674316,47500
1999-09-29 00:00:00+00:00,2.492499828338623,3.5,3.569999933242798,3.4200000762939453,3.5,82000
1999-09-30 00:00:00+00:00,2.478257417678833,3.4800000190734863,3.5,3.430000066757202,3.450000047683716,31500
1999-10-01 00:00:00+00:00,2.4568932056427,3.450000047683716,3.4600000381469727,3.4000000953674316,3.4200000762939453,93000
1999-10-04 00:00:00+00:00,2.485379219055176,3.490000009536743,3.5,3.4100000858306885,3.5,42000
1999-10-05 00:00:00+00:00,2.485379219055176,3.490000009536743,3.5,3.4100000858306885,3.4100000858306885,39500
1999-10-06 00:00:00+00:00,2.5067427158355713,3.5199999809265137,3.6500000953674316,3.4200000762939453,3.5,153500
1999-10-07 00:00:00+00:00,2.5423500537872314,3.569999933242798,3.75,3.559999942779541,3.700000047683716,98500
1999-10-08 00:00:00+00:00,2.4568932056427,3.450000047683716,3.5999999046325684,3.450000047683716,3.5999999046325684,104500
1999-10-11 00:00:00+00:00,2.563714027404785,3.5999999046325684,3.990000009536743,3.5799999237060547,3.9000000953674316,236500
1999-10-12 00:00:00+00:00,2.563714027404785,3.5999999046325684,3.799999952316284,3.5799999237060547,3.759999990463257,197000
1999-10-13 00:00:00+00:00,2.642049789428711,3.7100000381469727,3.7799999713897705,3.5999999046325684,3.5999999046325684,102500
1999-10-14 00:00:00+00:00,2.563714027404785,3.5999999046325684,3.799999952316284,3.5799999237060547,3.5999999046325684,164000
1999-10-15 00:00:00+00:00,2.4284071922302246,3.4100000858306885,3.5999999046325684,3.4000000953674316,3.5999999046325684,135500
1999-10-18 00:00:00+00:00,2.5067427158355713,3.5199999809265137,3.700000047683716,3.450000047683716,3.700000047683716,58500
1999-10-19 00:00:00+00:00,2.5067427158355713,3.5199999809265137,3.5199999809265137,3.5199999809265137,3.5199999809265137,0
1999-10-20 00:00:00+00:00,2.570835590362549,3.609999895095825,3.700000047683716,3.5999999046325684,3.5999999046325684,83000
1999-10-21 00:00:00+00:00,2.563714027404785,3.5999999046325684,3.7899999618530273,3.559999942779541,3.7899999618530273,44500
1999-10-22 00:00:00+00:00,2.4640142917633057,3.4600000381469727,3.680000066757202,3.4600000381469727,3.619999885559082,90500
1999-10-25 00:00:00+00:00,2.5423500537872314,3.569999933242798,3.799999952316284,3.5199999809265137,3.799999952316284,77500
1999-10-26 00:00:00+00:00,2.5281074047088623,3.549999952316284,3.5999999046325684,3.450000047683716,3.5999999046325684,56000
1999-10-27 00:00:00+00:00,2.5565929412841797,3.5899999141693115,3.6700000762939453,3.509999990463257,3.509999990463257,26500
1999-10-28 00:00:00+00:00,2.5209858417510986,3.5399999618530273,3.5999999046325684,3.5,3.5,19000
1999-10-29 00:00:00+00:00,2.485379219055176,3.490000009536743,3.549999952316284,3.359999895095825,3.5,101000
1999-11-01 00:00:00+00:00,2.378556966781616,3.3399999141693115,3.4200000762939453,3.299999952316284,3.4000000953674316,13500
1999-11-02 00:00:00+00:00,2.3144643306732178,3.25,3.5,3.200000047683716,3.299999952316284,170500
1999-11-03 00:00:00+00:00,2.307342767715454,3.240000009536743,3.3499999046325684,3.240000009536743,3.3499999046325684,18000
1999-11-04 00:00:00+00:00,2.278857707977295,3.200000047683716,3.4800000190734863,3.200000047683716,3.369999885559082,114500
1999-11-05 00:00:00+00:00,2.2432496547698975,3.1500000953674316,3.25,3.130000114440918,3.25,39000
1999-11-08 00:00:00+00:00,2.2432496547698975,3.1500000953674316,3.1500000953674316,3.1500000953674316,3.1500000953674316,0
1999-11-09 00:00:00+00:00,2.3358287811279297,3.2799999713897705,3.2799999713897705,3.200000047683716,3.2799999713897705,11500
1999-11-10 00:00:00+00:00,2.3358287811279297,3.2799999713897705,3.2799999713897705,3.2799999713897705,3.2799999713897705,0
1999-11-11 00:00:00+00:00,2.3215861320495605,3.259999990463257,3.299999952316284,3.2300000190734863,3.25,10000
1999-11-12 00:00:00+00:00,2.350071430206299,3.299999952316284,3.3499999046325684,3.2300000190734863,3.25,50000
1999-11-15 00:00:00+00:00,2.3144643306732178,3.25,3.25,3.200000047683716,3.25,31500
1999-11-16 00:00:00+00:00,2.307342767715454,3.240000009536743,3.25,3.200000047683716,3.200000047683716,36000
1999-11-17 00:00:00+00:00,2.3144643306732178,3.25,3.3499999046325684,3.200000047683716,3.3499999046325684,11500
1999-11-18 00:00:00+00:00,2.2859785556793213,3.2100000381469727,3.25,3.200000047683716,3.200000047683716,11000
1999-11-19 00:00:00+00:00,2.278857707977295,3.200000047683716,3.2100000381469727,3.1600000858306885,3.200000047683716,17500
1999-11-22 00:00:00+00:00,2.278857707977295,3.200000047683716,3.25,3.200000047683716,3.25,51500
1999-11-23 00:00:00+00:00,2.278857707977295,3.200000047683716,3.200000047683716,3.200000047683716,3.200000047683716,0
1999-11-24 00:00:00+00:00,2.3002212047576904,3.2300000190734863,3.25,3.180000066757202,3.200000047683716,24500
1999-11-25 00:00:00+00:00,2.2859785556793213,3.2100000381469727,3.240000009536743,3.180000066757202,3.180000066757202,31500
1999-11-26 00:00:00+00:00,2.385678291320801,3.3499999046325684,3.4600000381469727,3.299999952316284,3.299999952316284,46000
1999-11-29 00:00:00+00:00,2.3714351654052734,3.3299999237060547,3.4000000953674316,3.3299999237060547,3.4000000953674316,52500
1999-11-30 00:00:00+00:00,2.3429501056671143,3.2899999618530273,3.4000000953674316,3.259999990463257,3.4000000953674316,20000
1999-12-01 00:00:00+00:00,2.3928003311157227,3.359999895095825,3.450000047683716,3.200000047683716,3.4000000953674316,37000
1999-12-02 00:00:00+00:00,2.442650079727173,3.430000066757202,3.5,3.3399999141693115,3.3399999141693115,42500
1999-12-03 00:00:00+00:00,2.6349284648895264,3.700000047683716,3.7799999713897705,3.4600000381469727,3.5199999809265137,177000
1999-12-06 00:00:00+00:00,3.290099859237671,4.619999885559082,4.619999885559082,4.389999866485596,4.599999904632568,536000
1999-12-07 00:00:00+00:00,3.5393502712249756,4.96999979019165,4.980000019073486,4.900000095367432,4.949999809265137,1009500
1999-12-08 00:00:00+00:00,3.27585768699646,4.599999904632568,5.300000190734863,4.599999904632568,5.199999809265137,937000
1999-12-09 00:00:00+00:00,3.247371196746826,4.559999942779541,4.760000228881836,4.25,4.260000228881836,262500
1999-12-10 00:00:00+00:00,3.0622141361236572,4.300000190734863,4.590000152587891,4.199999809265137,4.300000190734863,313000
1999-12-13 00:00:00+00:00,3.247371196746826,4.559999942779541,4.639999866485596,4.389999866485596,4.389999866485596,316000
1999-12-14 00:00:00+00:00,3.1334290504455566,4.400000095367432,4.590000152587891,4.389999866485596,4.5,361500
1999-12-15 00:00:00+00:00,3.190399646759033,4.480000019073486,4.639999866485596,4.119999885559082,4.119999885559082,181000
1999-12-16 00:00:00+00:00,3.4325289726257324,4.820000171661377,4.829999923706055,4.590000152587891,4.699999809265137,664500
1999-12-17 00:00:00+00:00,3.7031431198120117,5.199999809265137,5.199999809265137,4.829999923706055,4.829999923706055,360000
1999-12-20 00:00:00+00:00,3.9951210021972656,5.610000133514404,5.610000133514404,5.599999904632568,5.610000133514404,125500
1999-12-21 00:00:00+00:00,3.987999677658081,5.599999904632568,6.03000020980835,5.380000114440918,6.0,1321500
1999-12-22 00:00:00+00:00,3.7957215309143066,5.329999923706055,5.650000095367432,5.179999828338623,5.400000095367432,425000
1999-12-23 00:00:00+00:00,3.582077980041504,5.03000020980835,5.570000171661377,4.949999809265137,5.320000171661377,453500
1999-12-24 00:00:00+00:00,3.2972216606140137,4.630000114440918,5.170000076293945,4.630000114440918,5.0,376500
1999-12-27 00:00:00+00:00,3.25449275970459,4.570000171661377,4.659999847412109,4.400000095367432,4.599999904632568,129000
1999-12-28 00:00:00+00:00,3.4325289726257324,4.820000171661377,4.920000076293945,4.449999809265137,4.449999809265137,128000
1999-12-29 00:00:00+00:00,3.411163806915283,4.789999961853027,4.880000114440918,4.519999980926514,4.699999809265137,150500
1999-12-30 00:00:00+00:00,3.418285608291626,4.800000190734863,4.949999809265137,4.590000152587891,4.650000095367432,187000
1999-12-31 00:00:00+00:00,3.418285608291626,4.800000190734863,4.800000190734863,4.800000190734863,4.800000190734863,0
2000-01-03 00:00:00+00:00,3.6889002323150635,5.179999828338623,5.179999828338623,5.099999904632568,5.099999904632568,82500
2000-01-04 00:00:00+00:00,3.8313281536102295,5.380000114440918,5.510000228881836,5.079999923706055,5.400000095367432,494000
2000-01-05 00:00:00+00:00,3.7316291332244873,5.239999771118164,5.420000076293945,5.0,5.010000228881836,383000
2000-01-06 00:00:00+00:00,3.6390492916107178,5.110000133514404,5.300000190734863,5.0,5.300000190734863,164500
2000-01-07 00:00:00+00:00,3.4610137939453125,4.860000133514404,5.21999979019165,4.800000190734863,5.0,149000
2000-01-10 00:00:00+00:00,3.567836046218872,5.010000228881836,5.239999771118164,5.0,5.150000095367432,214000
2000-01-11 00:00:00+00:00,3.3898003101348877,4.760000228881836,5.099999904632568,4.619999885559082,5.0,174000
2000-01-12 00:00:00+00:00,3.404043436050415,4.78000020980835,4.900000095367432,4.71999979019165,4.739999771118164,85000
2000-01-13 00:00:00+00:00,3.361313581466675,4.71999979019165,4.900000095367432,4.699999809265137,4.800000190734863,75500
2000-01-14 00:00:00+00:00,3.3328280448913574,4.679999828338623,4.71999979019165,4.599999904632568,4.630000114440918,83000
2000-01-17 00:00:00+00:00,3.5963211059570312,5.050000190734863,5.050000190734863,5.0,5.0,258500
2000-01-18 00:00:00+00:00,3.582077980041504,5.03000020980835,5.300000190734863,4.949999809265137,5.300000190734863,249500
2000-01-19 00:00:00+00:00,3.6319282054901123,5.099999904632568,5.199999809265137,5.0,5.199999809265137,126000
2000-01-20 00:00:00+00:00,3.4610137939453125,4.860000133514404,5.179999828338623,4.800000190734863,5.099999904632568,197000
2000-01-21 00:00:00+00:00,3.5464718341827393,4.980000019073486,5.0,4.800000190734863,4.800000190734863,270500
2000-01-24 00:00:00+00:00,3.589200019836426,5.039999961853027,5.360000133514404,4.980000019073486,5.099999904632568,381000
2000-01-25 00:00:00+00:00,3.5322279930114746,4.960000038146973,5.099999904632568,4.940000057220459,4.980000019073486,305500
2000-01-26 00:00:00+00:00,3.5322279930114746,4.960000038146973,4.960000038146973,4.960000038146973,4.960000038146973,0
2000-01-27 00:00:00+00:00,3.788599729537964,5.320000171661377,5.349999904632568,4.900000095367432,4.900000095367432,391000
2000-01-28 00:00:00+00:00,4.0876994132995605,5.739999771118164,5.739999771118164,5.400000095367432,5.510000228881836,338000
2000-01-31 00:00:00+00:00,4.408165454864502,6.190000057220459,6.190000057220459,6.179999828338623,6.179999828338623,372500
2000-02-01 00:00:00+00:00,4.757113933563232,6.679999828338623,6.679999828338623,6.579999923706055,6.579999923706055,72000
2000-02-02 00:00:00+00:00,5.134549617767334,7.210000038146973,7.210000038146973,7.210000038146973,7.210000038146973,26500
2000-02-03 00:00:00+00:00,5.540470600128174,7.78000020980835,7.78000020980835,7.78000020980835,7.78000020980835,71000
2000-02-04 00:00:00+00:00,5.98199987411499,8.399999618530273,8.399999618530273,8.399999618530273,8.399999618530273,90500
2000-02-07 00:00:00+00:00,5.661535263061523,7.949999809265137,9.069999694824219,7.860000133514404,9.069999694824219,2919500
2000-02-08 00:00:00+00:00,5.5119853019714355,7.739999771118164,8.399999618530273,7.5,8.199999809265137,1300000
2000-02-09 00:00:00+00:00,5.2484917640686035,7.369999885559082,7.960000038146973,7.130000114440918,7.909999847412109,641500
2000-02-10 00:00:00+00:00,5.661535263061523,7.949999809265137,7.949999809265137,7.300000190734863,7.619999885559082,1025000
2000-02-11 00:00:00+00:00,5.91078519821167,8.300000190734863,8.579999923706055,8.199999809265137,8.539999961853027,3139500
2000-02-14 00:00:00+00:00,5.440770626068115,7.639999866485596,8.960000038146973,7.639999866485596,8.960000038146973,1199500
2000-02-15 00:00:00+00:00,5.106064319610596,7.170000076293945,7.579999923706055,7.070000171661377,7.400000095367432,755000
2000-02-16 00:00:00+00:00,5.455013751983643,7.659999847412109,7.739999771118164,7.199999809265137,7.199999809265137,328500
2000-02-17 00:00:00+00:00,5.341071128845215,7.5,7.860000133514404,7.460000038146973,7.800000190734863,282000
2000-02-18 00:00:00+00:00,5.020607948303223,7.050000190734863,7.550000190734863,6.909999847412109,7.400000095367432,448500
2000-02-21 00:00:00+00:00,5.120306491851807,7.190000057220459,7.599999904632568,7.099999904632568,7.489999771118164,360500
2000-02-22 00:00:00+00:00,4.928028583526611,6.920000076293945,7.5,6.699999809265137,7.440000057220459,331500
2000-02-23 00:00:00+00:00,4.7998433113098145,6.739999771118164,7.139999866485596,6.599999904632568,6.78000020980835,227500
2000-02-24 00:00:00+00:00,5.1772780418396,7.269999980926514,7.269999980926514,6.599999904632568,6.800000190734863,367000
2000-02-25 00:00:00+00:00,5.576076984405518,7.829999923706055,7.840000152587891,7.050000190734863,7.820000171661377,681000
2000-02-28 00:00:00+00:00,5.654414176940918,7.940000057220459,8.449999809265137,7.599999904632568,8.449999809265137,812000
2000-02-29 00:00:00+00:00,5.21288537979126,7.320000171661377,8.399999618530273,7.320000171661377,8.390000343322754,1267500
2000-03-01 00:00:00+00:00,5.6259284019470215,7.900000095367432,7.900000095367432,7.199999809265137,7.550000190734863,358000
2000-03-02 00:00:00+00:00,5.319706916809082,7.46999979019165,8.100000381469727,7.420000076293945,8.0,401500
2000-03-03 00:00:00+00:00,5.041971683502197,7.079999923706055,7.380000114440918,6.880000114440918,7.300000190734863,505000
2000-03-06 00:00:00+00:00,4.977879047393799,6.989999771118164,7.599999904632568,6.860000133514404,7.599999904632568,258500
2000-03-07 00:00:00+00:00,4.764235019683838,6.690000057220459,7.099999904632568,6.519999980926514,7.099999904632568,338500
2000-03-08 00:00:00+00:00,4.386798858642578,6.159999847412109,6.699999809265137,6.159999847412109,6.599999904632568,281000
2000-03-09 00:00:00+00:00,4.0378499031066895,5.670000076293945,6.090000152587891,5.670000076293945,5.809999942779541,197500
2000-03-10 00:00:00+00:00,4.059215068817139,5.699999809265137,5.699999809265137,5.21999979019165,5.349999904632568,427000
2000-03-13 00:00:00+00:00,3.938149929046631,5.53000020980835,6.150000095367432,5.300000190734863,6.019999980926514,230255
2000-03-14 00:00:00+00:00,4.244372367858887,5.960000038146973,5.96999979019165,5.539999961853027,5.599999904632568,241300
2000-03-15 00:00:00+00:00,4.244372367858887,5.960000038146973,6.099999904632568,5.739999771118164,5.739999771118164,151005
2000-03-16 00:00:00+00:00,4.322707653045654,6.070000171661377,6.420000076293945,5.710000038146973,5.860000133514404,543925
2000-03-17 00:00:00+00:00,4.322707653045654,6.070000171661377,6.070000171661377,6.070000171661377,6.070000171661377,0
2000-03-20 00:00:00+00:00,4.322707653045654,6.070000171661377,6.070000171661377,6.070000171661377,6.070000171661377,0
2000-03-21 00:00:00+00:00,4.5007429122924805,6.320000171661377,6.550000190734863,5.699999809265137,5.699999809265137,119000
2000-03-22 00:00:00+00:00,4.543471813201904,6.380000114440918,6.460000038146973,6.199999809265137,6.400000095367432,150505
2000-03-23 00:00:00+00:00,4.436651229858398,6.230000019073486,6.539999961853027,6.010000228881836,6.5,158000
2000-03-24 00:00:00+00:00,4.351192474365234,6.110000133514404,6.380000114440918,6.0,6.099999904632568,338495
2000-03-27 00:00:00+00:00,4.415284633636475,6.199999809265137,6.579999923706055,6.139999866485596,6.579999923706055,116500
2000-03-28 00:00:00+00:00,4.700142860412598,6.599999904632568,6.599999904632568,6.119999885559082,6.369999885559082,95125
2000-03-29 00:00:00+00:00,5.056214809417725,7.099999904632568,7.119999885559082,6.599999904632568,6.599999904632568,145000
2000-03-30 00:00:00+00:00,5.305462837219238,7.449999809265137,7.650000095367432,7.0,7.5,173870
2000-03-31 00:00:00+00:00,5.633049488067627,7.909999847412109,8.039999961853027,7.199999809265137,7.199999809265137,327505
2000-04-03 00:00:00+00:00,5.554714679718018,7.800000190734863,8.539999961853027,7.400000095367432,8.5,480885
2000-04-04 00:00:00+00:00,5.113185882568359,7.179999828338623,7.599999904632568,7.179999828338623,7.5,123115
2000-04-05 00:00:00+00:00,4.9636359214782715,6.96999979019165,7.400000095367432,6.610000133514404,7.150000095367432,336750
2000-04-06 00:00:00+00:00,4.828328609466553,6.78000020980835,7.0,6.5,6.929999828338623,124220
2000-04-07 00:00:00+00:00,5.21288537979126,7.320000171661377,7.320000171661377,6.800000190734863,6.849999904632568,198625
2000-04-10 00:00:00+00:00,5.341071128845215,7.5,7.889999866485596,7.230000019073486,7.889999866485596,216500
2000-04-11 00:00:00+00:00,5.319706916809082,7.46999979019165,7.480000019073486,7.179999828338623,7.300000190734863,183500
2000-04-12 00:00:00+00:00,5.170157432556152,7.260000228881836,7.800000190734863,7.199999809265137,7.739999771118164,89500
2000-04-13 00:00:00+00:00,4.984999656677246,7.0,7.400000095367432,6.96999979019165,7.400000095367432,115875
2000-04-14 00:00:00+00:00,4.984999656677246,7.0,7.0,7.0,7.0,0
2000-04-17 00:00:00+00:00,4.849693298339844,6.809999942779541,6.940000057220459,6.449999809265137,6.599999904632568,128385
2000-04-18 00:00:00+00:00,4.906664848327637,6.889999866485596,7.0,6.619999885559082,6.619999885559082,59875
2000-04-19 00:00:00+00:00,4.871056079864502,6.840000152587891,7.179999828338623,6.599999904632568,7.179999828338623,138000
2000-04-20 00:00:00+00:00,4.69302225112915,6.590000152587891,6.699999809265137,6.449999809265137,6.599999904632568,110750
2000-04-21 00:00:00+00:00,4.69302225112915,6.590000152587891,6.590000152587891,6.590000152587891,6.590000152587891,0
2000-04-24 00:00:00+00:00,4.643172264099121,6.519999980926514,6.800000190734863,6.5,6.659999847412109,99250
2000-04-25 00:00:00+00:00,4.51498556137085,6.340000152587891,6.400000095367432,6.070000171661377,6.400000095367432,110625
2000-04-26 00:00:00+00:00,4.871056079864502,6.840000152587891,6.840000152587891,6.5,6.5,115150
2000-04-27 00:00:00+00:00,5.070456504821777,7.119999885559082,7.199999809265137,6.71999979019165,6.71999979019165,121125
2000-04-28 00:00:00+00:00,5.195744514465332,7.050000190734863,7.25,6.849999904632568,7.050000190734863,180950
2000-05-01 00:00:00+00:00,5.195744514465332,7.050000190734863,7.050000190734863,7.050000190734863,7.050000190734863,0
2000-05-02 00:00:00+00:00,5.158895015716553,7.0,7.599999904632568,6.800000190734863,7.599999904632568,306100
2000-05-03 00:00:00+00:00,5.298921585083008,7.190000057220459,7.300000190734863,6.800000190734863,6.800000190734863,133750
2000-05-04 00:00:00+00:00,5.379991054534912,7.300000190734863,7.599999904632568,7.130000114440918,7.269999980926514,81550
2000-05-05 00:00:00+00:00,5.181003570556641,7.03000020980835,7.389999866485596,6.829999923706055,7.389999866485596,164450
2000-05-08 00:00:00+00:00,5.158895015716553,7.0,7.179999828338623,6.820000171661377,7.0,102500
2000-05-09 00:00:00+00:00,5.35051155090332,7.260000228881836,7.300000190734863,6.920000076293945,7.019999980926514,78625
2000-05-10 00:00:00+00:00,5.239964008331299,7.110000133514404,7.300000190734863,7.099999904632568,7.179999828338623,44650
2000-05-11 00:00:00+00:00,5.2473320960998535,7.119999885559082,7.119999885559082,6.800000190734863,7.0,192075
2000-05-12 00:00:00+00:00,5.217854022979736,7.079999923706055,7.150000095367432,6.809999942779541,6.809999942779541,114955
2000-05-15 00:00:00+00:00,5.343142032623291,7.25,7.25,6.53000020980835,6.800000190734863,211500
2000-05-16 00:00:00+00:00,5.232594013214111,7.099999904632568,7.179999828338623,6.960000038146973,7.150000095367432,94475
2000-05-17 00:00:00+00:00,5.416840076446533,7.349999904632568,7.659999847412109,7.050000190734863,7.099999904632568,116800
2000-05-18 00:00:00+00:00,5.468428611755371,7.420000076293945,7.75,7.210000038146973,7.28000020980835,95755
2000-05-19 00:00:00+00:00,5.453688621520996,7.400000095367432,7.5,7.300000190734863,7.46999979019165,110350
2000-05-22 00:00:00+00:00,5.328401565551758,7.230000019073486,7.539999961853027,7.099999904632568,7.539999961853027,85750
2000-05-23 00:00:00+00:00,5.0851969718933105,6.900000095367432,7.300000190734863,6.849999904632568,7.289999961853027,86250
2000-05-24 00:00:00+00:00,5.188374996185303,7.039999961853027,7.170000076293945,6.809999942779541,6.900000095367432,64125
2000-05-25 00:00:00+00:00,5.070456504821777,6.880000114440918,7.179999828338623,6.880000114440918,7.130000114440918,219875
2000-05-26 00:00:00+00:00,5.0851969718933105,6.900000095367432,7.0,6.860000133514404,7.0,50500
2000-05-29 00:00:00+00:00,5.188374996185303,7.039999961853027,7.199999809265137,6.809999942779541,6.929999828338623,43135
2000-05-30 00:00:00+00:00,5.158895015716553,7.0,7.099999904632568,6.900000095367432,7.019999980926514,112000
2000-05-31 00:00:00+00:00,5.306291103363037,7.199999809265137,7.300000190734863,7.099999904632568,7.099999904632568,97095
2000-06-01 00:00:00+00:00,5.203114032745361,7.059999942779541,7.199999809265137,7.059999942779541,7.079999923706055,45155
2000-06-02 00:00:00+00:00,5.166265487670898,7.010000228881836,7.300000190734863,7.0,7.190000057220459,74015
2000-06-05 00:00:00+00:00,5.232594013214111,7.099999904632568,7.25,7.059999942779541,7.239999771118164,81595
2000-06-06 00:00:00+00:00,5.144156455993652,6.980000019073486,7.099999904632568,6.920000076293945,6.920000076293945,109100
2000-06-07 00:00:00+00:00,5.239964008331299,7.110000133514404,7.199999809265137,6.949999809265137,6.949999809265137,108750
2000-06-08 00:00:00+00:00,5.284183025360107,7.170000076293945,7.289999961853027,7.059999942779541,7.289999961853027,90000
2000-06-09 00:00:00+00:00,5.217854022979736,7.079999923706055,7.199999809265137,7.019999980926514,7.019999980926514,87750
2000-06-12 00:00:00+00:00,4.805142402648926,6.519999980926514,7.480000019073486,6.519999980926514,7.480000019073486,182500
2000-06-13 00:00:00+00:00,4.85673189163208,6.590000152587891,6.599999904632568,6.400000095367432,6.579999923706055,261000
2000-06-14 00:00:00+00:00,4.775662899017334,6.480000019073486,6.769999980926514,6.409999847412109,6.690000057220459,147925
2000-06-15 00:00:00+00:00,4.900950908660889,6.650000095367432,6.690000057220459,6.579999923706055,6.599999904632568,43625
2000-06-16 00:00:00+00:00,4.930429458618164,6.690000057220459,6.71999979019165,6.489999771118164,6.590000152587891,204500
2000-06-19 00:00:00+00:00,5.026237487792969,6.820000171661377,6.920000076293945,6.699999809265137,6.699999809265137,188000
2000-06-20 00:00:00+00:00,5.011500358581543,6.800000190734863,6.909999847412109,6.71999979019165,6.909999847412109,94750
2000-06-21 00:00:00+00:00,4.937799453735352,6.699999809265137,6.800000190734863,6.510000228881836,6.550000190734863,31750
2000-06-22 00:00:00+00:00,4.893580913543701,6.639999866485596,6.78000020980835,6.519999980926514,6.519999980926514,48500
2000-06-23 00:00:00+00:00,4.834621906280518,6.559999942779541,6.739999771118164,6.519999980926514,6.639999866485596,65125
2000-06-26 00:00:00+00:00,4.871469974517822,6.610000133514404,6.980000019073486,6.570000171661377,6.980000019073486,42000
2000-06-27 00:00:00+00:00,4.8272528648376465,6.550000190734863,6.650000095367432,6.519999980926514,6.650000095367432,29375
2000-06-28 00:00:00+00:00,4.841990947723389,6.570000171661377,6.650000095367432,6.519999980926514,6.610000133514404,25300
2000-06-29 00:00:00+00:00,4.819881439208984,6.539999961853027,6.599999904632568,6.519999980926514,6.599999904632568,35500
2000-06-30 00:00:00+00:00,4.893580913543701,6.639999866485596,6.670000076293945,6.449999809265137,6.519999980926514,84000
2000-07-03 00:00:00+00:00,4.952538967132568,6.71999979019165,7.099999904632568,6.610000133514404,7.099999904632568,49600
2000-07-04 00:00:00+00:00,4.923059463500977,6.679999828338623,6.78000020980835,6.590000152587891,6.590000152587891,40630
2000-07-05 00:00:00+00:00,4.900950908660889,6.650000095367432,6.739999771118164,6.590000152587891,6.610000133514404,29625
2000-07-06 00:00:00+00:00,5.06308650970459,6.869999885559082,6.980000019073486,6.579999923706055,6.599999904632568,136250
2000-07-07 00:00:00+00:00,4.893580913543701,6.639999866485596,6.989999771118164,6.599999904632568,6.849999904632568,87425
2000-07-10 00:00:00+00:00,4.982017993927002,6.760000228881836,6.800000190734863,6.519999980926514,6.699999809265137,101750
2000-07-11 00:00:00+00:00,4.923059463500977,6.679999828338623,6.769999980926514,6.550000190734863,6.550000190734863,59650
2000-07-12 00:00:00+00:00,5.06308650970459,6.869999885559082,7.0,6.619999885559082,6.619999885559082,156250
2000-07-13 00:00:00+00:00,5.461058616638184,7.409999847412109,7.409999847412109,6.909999847412109,7.0,228500
2000-07-14 00:00:00+00:00,5.895879745483398,8.0,8.0,7.300000190734863,7.980000019073486,402400
2000-07-17 00:00:00+00:00,5.748483180999756,7.800000190734863,8.630000114440918,7.769999980926514,8.630000114440918,932305
2000-07-18 00:00:00+00:00,5.8295512199401855,7.909999847412109,8.149999618530273,7.610000133514404,7.699999809265137,618545
2000-07-19 00:00:00+00:00,6.227522850036621,8.449999809265137,8.539999961853027,7.920000076293945,7.980000019073486,878585
2000-07-20 00:00:00+00:00,6.013797283172607,8.15999984741211,8.399999618530273,8.069999694824219,8.380000114440918,322100
2000-07-21 00:00:00+00:00,6.139085292816162,8.329999923706055,8.600000381469727,7.730000019073486,8.399999618530273,1022100
2000-07-24 00:00:00+00:00,5.660045146942139,7.679999828338623,7.949999809265137,7.670000076293945,7.829999923706055,268275
2000-07-25 00:00:00+00:00,6.021167278289795,8.170000076293945,8.199999809265137,7.070000171661377,7.559999942779541,781125
2000-07-26 00:00:00+00:00,5.895879745483398,8.0,8.25,7.829999923706055,8.25,187175
2000-07-27 00:00:00+00:00,5.888509273529053,7.989999771118164,8.0,7.75,7.809999942779541,246725
2000-07-28 00:00:00+00:00,5.888509273529053,7.989999771118164,8.0,7.800000190734863,7.900000095367432,206230
2000-07-31 00:00:00+00:00,5.8295512199401855,7.909999847412109,7.980000019073486,7.760000228881836,7.869999885559082,112975
2000-08-01 00:00:00+00:00,5.770592212677002,7.829999923706055,7.900000095367432,7.710000038146973,7.900000095367432,78975
2000-08-02 00:00:00+00:00,5.748483180999756,7.800000190734863,7.869999885559082,7.679999828338623,7.800000190734863,146775
2000-08-03 00:00:00+00:00,5.733743190765381,7.78000020980835,7.809999942779541,7.699999809265137,7.800000190734863,131125
2000-08-04 00:00:00+00:00,5.497909069061279,7.460000038146973,7.800000190734863,7.400000095367432,7.710000038146973,188350
2000-08-07 00:00:00+00:00,5.652675628662109,7.670000076293945,7.800000190734863,7.300000190734863,7.300000190734863,61125
2000-08-08 00:00:00+00:00,5.549497604370117,7.53000020980835,7.699999809265137,7.460000038146973,7.659999847412109,102125
2000-08-09 00:00:00+00:00,5.593716621398926,7.590000152587891,7.710000038146973,7.519999980926514,7.590000152587891,87000
2000-08-10 00:00:00+00:00,5.58634614944458,7.579999923706055,7.639999866485596,7.400000095367432,7.510000228881836,53850
2000-08-11 00:00:00+00:00,5.527387619018555,7.5,7.570000171661377,7.440000057220459,7.5,69455
2000-08-14 00:00:00+00:00,5.490537643432617,7.449999809265137,7.599999904632568,7.420000076293945,7.599999904632568,39000
2000-08-15 00:00:00+00:00,5.490537643432617,7.449999809265137,7.449999809265137,7.449999809265137,7.449999809265137,0
2000-08-16 00:00:00+00:00,5.601085662841797,7.599999904632568,7.599999904632568,7.409999847412109,7.409999847412109,227995
2000-08-17 00:00:00+00:00,5.58634614944458,7.579999923706055,7.599999904632568,7.519999980926514,7.570000171661377,40750
2000-08-18 00:00:00+00:00,5.58634614944458,7.579999923706055,7.590000152587891,7.420000076293945,7.550000190734863,98025
2000-08-21 00:00:00+00:00,5.601085662841797,7.599999904632568,7.659999847412109,7.5,7.599999904632568,63700
2000-08-22 00:00:00+00:00,5.58634614944458,7.579999923706055,7.610000133514404,7.46999979019165,7.599999904632568,115000
2000-08-23 00:00:00+00:00,5.667414665222168,7.690000057220459,7.699999809265137,7.539999961853027,7.650000095367432,163755
2000-08-24 00:00:00+00:00,5.601085662841797,7.599999904632568,7.699999809265137,7.559999942779541,7.699999809265137,44680
2000-08-25 00:00:00+00:00,5.549497604370117,7.53000020980835,7.599999904632568,7.400000095367432,7.5,95475
2000-08-28 00:00:00+00:00,5.6158270835876465,7.619999885559082,7.78000020980835,7.5,7.78000020980835,155000
2000-08-29 00:00:00+00:00,5.578977584838867,7.570000171661377,7.630000114440918,7.539999961853027,7.599999904632568,72000
2000-08-30 00:00:00+00:00,5.637935638427734,7.650000095367432,7.659999847412109,7.5,7.519999980926514,44750
2000-08-31 00:00:00+00:00,5.58634614944458,7.579999923706055,7.690000057220459,7.5,7.550000190734863,106875
2000-09-01 00:00:00+00:00,5.58634614944458,7.579999923706055,7.579999923706055,7.579999923706055,7.579999923706055,0
2000-09-04 00:00:00+00:00,5.601085662841797,7.599999904632568,7.71999979019165,7.550000190734863,7.630000114440918,74750
2000-09-05 00:00:00+00:00,5.6305646896362305,7.639999866485596,7.699999809265137,7.599999904632568,7.699999809265137,39750
2000-09-06 00:00:00+00:00,5.8295512199401855,7.909999847412109,7.989999771118164,7.659999847412109,7.789999961853027,108200
2000-09-07 00:00:00+00:00,5.895879745483398,8.0,8.279999732971191,7.920000076293945,7.960000038146973,355255
2000-09-08 00:00:00+00:00,5.895879745483398,8.0,8.1899995803833,7.820000171661377,8.130000114440918,271445
2000-09-11 00:00:00+00:00,5.895879745483398,8.0,8.300000190734863,8.0,8.199999809265137,571500
2000-09-12 00:00:00+00:00,5.895879745483398,8.0,8.199999809265137,7.989999771118164,8.09000015258789,272375
2000-09-13 00:00:00+00:00,5.8737711906433105,7.96999979019165,8.119999885559082,7.800000190734863,8.0,262575
2000-09-14 00:00:00+00:00,5.733743190765381,7.78000020980835,7.96999979019165,7.599999904632568,7.869999885559082,205600
2000-09-15 00:00:00+00:00,5.549497604370117,7.53000020980835,7.840000152587891,7.380000114440918,7.840000152587891,373100
2000-09-18 00:00:00+00:00,5.328401565551758,7.230000019073486,7.53000020980835,7.190000057220459,7.53000020980835,159000
2000-09-19 00:00:00+00:00,5.306291103363037,7.199999809265137,7.480000019073486,7.099999904632568,7.289999961853027,205755
2000-09-20 00:00:00+00:00,5.402099132537842,7.329999923706055,7.369999885559082,7.25,7.28000020980835,64275
2000-09-21 00:00:00+00:00,5.446319103240967,7.389999866485596,7.400000095367432,7.230000019073486,7.329999923706055,113250
2000-09-22 00:00:00+00:00,5.181003570556641,7.03000020980835,7.28000020980835,6.820000171661377,7.099999904632568,229780
2000-09-25 00:00:00+00:00,5.416840076446533,7.349999904632568,7.389999866485596,6.800000190734863,6.800000190734863,47750
2000-09-26 00:00:00+00:00,5.3873610496521,7.309999942779541,7.349999904632568,7.059999942779541,7.059999942779541,96050
2000-09-27 00:00:00+00:00,5.505278587341309,7.46999979019165,7.5,7.150000095367432,7.179999828338623,77880
2000-09-28 00:00:00+00:00,5.394730567932129,7.320000171661377,7.360000133514404,7.170000076293945,7.360000133514404,70355
2000-09-29 00:00:00+00:00,5.313661575317383,7.210000038146973,7.480000019073486,7.110000133514404,7.480000019073486,74060
2000-10-02 00:00:00+00:00,5.313661575317383,7.210000038146973,7.210000038146973,7.210000038146973,7.210000038146973,0
2000-10-03 00:00:00+00:00,5.335771560668945,7.239999771118164,7.28000020980835,7.199999809265137,7.230000019073486,69500
2000-10-04 00:00:00+00:00,5.394730567932129,7.320000171661377,7.369999885559082,7.159999847412109,7.25,69505
2000-10-05 00:00:00+00:00,5.306291103363037,7.199999809265137,7.300000190734863,7.170000076293945,7.25,25000
2000-10-06 00:00:00+00:00,5.136785507202148,6.96999979019165,7.110000133514404,6.940000057220459,7.099999904632568,65250
2000-10-09 00:00:00+00:00,5.217854022979736,7.079999923706055,7.190000057220459,7.019999980926514,7.019999980926514,27850
2000-10-10 00:00:00+00:00,5.181003570556641,7.03000020980835,7.199999809265137,6.960000038146973,7.199999809265137,32250
2000-10-11 00:00:00+00:00,4.974648952484131,6.75,6.840000152587891,6.71999979019165,6.71999979019165,36950
2000-10-12 00:00:00+00:00,4.923059463500977,6.679999828338623,6.769999980926514,6.619999885559082,6.699999809265137,54250
2000-10-13 00:00:00+00:00,4.6724853515625,6.340000152587891,6.699999809265137,6.300000190734863,6.559999942779541,90950
2000-10-16 00:00:00+00:00,5.0409770011901855,6.840000152587891,6.840000152587891,6.699999809265137,6.840000152587891,183950
2000-10-17 00:00:00+00:00,5.328401565551758,7.230000019073486,7.300000190734863,6.739999771118164,7.179999828338623,385015
2000-10-18 00:00:00+00:00,5.35051155090332,7.260000228881836,7.400000095367432,7.059999942779541,7.21999979019165,131375
2000-10-19 00:00:00+00:00,5.652675628662109,7.670000076293945,7.75,7.519999980926514,7.679999828338623,668750
2000-10-20 00:00:00+00:00,5.490537643432617,7.449999809265137,8.199999809265137,7.25,8.199999809265137,254025
2000-10-23 00:00:00+00:00,5.5716071128845215,7.559999942779541,7.579999923706055,7.349999904632568,7.539999961853027,122450
2000-10-24 00:00:00+00:00,5.520016193389893,7.489999771118164,7.5,7.309999942779541,7.400000095367432,179150
2000-10-25 00:00:00+00:00,5.593716621398926,7.590000152587891,7.599999904632568,7.400000095367432,7.400000095367432,76025
2000-10-26 00:00:00+00:00,5.652675628662109,7.670000076293945,8.130000114440918,7.5,8.130000114440918,76555
2000-10-27 00:00:00+00:00,5.674785137176514,7.699999809265137,7.739999771118164,7.579999923706055,7.739999771118164,119480
2000-10-30 00:00:00+00:00,5.637935638427734,7.650000095367432,7.71999979019165,7.619999885559082,7.71999979019165,30000
2000-10-31 00:00:00+00:00,5.637935638427734,7.650000095367432,7.670000076293945,7.5,7.650000095367432,38610
2000-11-01 00:00:00+00:00,5.6305646896362305,7.639999866485596,7.699999809265137,7.559999942779541,7.659999847412109,167125
2000-11-02 00:00:00+00:00,5.6895246505737305,7.71999979019165,7.75,7.590000152587891,7.599999904632568,192625
2000-11-03 00:00:00+00:00,5.763223171234131,7.820000171661377,7.829999923706055,7.670000076293945,7.699999809265137,420480
2000-11-06 00:00:00+00:00,5.822181224822998,7.900000095367432,7.980000019073486,7.809999942779541,7.820000171661377,328630
2000-11-07 00:00:00+00:00,5.763223171234131,7.820000171661377,7.889999866485596,7.809999942779541,7.889999866485596,169050
2000-11-08 00:00:00+00:00,5.814811706542969,7.889999866485596,7.980000019073486,7.800000190734863,7.809999942779541,73755
2000-11-09 00:00:00+00:00,5.807441234588623,7.880000114440918,7.900000095367432,7.610000133514404,7.789999961853027,216415
2000-11-10 00:00:00+00:00,5.748483180999756,7.800000190734863,7.869999885559082,7.650000095367432,7.849999904632568,196375
2000-11-13 00:00:00+00:00,5.719003677368164,7.760000228881836,8.020000457763672,7.639999866485596,8.020000457763672,60750
2000-11-14 00:00:00+00:00,5.792702674865723,7.860000133514404,7.889999866485596,7.679999828338623,7.71999979019165,189750
2000-11-15 00:00:00+00:00,5.881141185760498,7.980000019073486,8.029999732971191,7.849999904632568,7.989999771118164,333060
2000-11-16 00:00:00+00:00,6.34544038772583,8.609999656677246,8.609999656677246,7.849999904632568,7.929999828338623,646035
2000-11-17 00:00:00+00:00,6.190673828125,8.399999618530273,9.289999961853027,8.020000457763672,9.289999961853027,338075
2000-11-20 00:00:00+00:00,6.625495433807373,8.989999771118164,9.020000457763672,8.359999656677246,8.399999618530273,839355
2000-11-21 00:00:00+00:00,7.148754596710205,9.699999809265137,9.699999809265137,8.670000076293945,8.699999809265137,1190910
2000-11-22 00:00:00+00:00,7.126645565032959,9.670000076293945,10.220000267028809,9.430000305175781,9.699999809265137,1356025
2000-11-23 00:00:00+00:00,6.890810966491699,9.350000381469727,9.600000381469727,9.210000038146973,9.520000457763672,296715
2000-11-24 00:00:00+00:00,6.839221477508545,9.279999732971191,9.390000343322754,9.039999961853027,9.3100004196167,369520
2000-11-27 00:00:00+00:00,6.979249000549316,9.470000267028809,9.5600004196167,9.399999618530273,9.399999618530273,324130
2000-11-28 00:00:00+00:00,6.6623454093933105,9.039999961853027,9.520000457763672,9.0,9.460000038146973,411985
2000-11-29 00:00:00+00:00,6.588644981384277,8.9399995803833,9.199999809265137,8.829999923706055,8.84000015258789,167940
2000-11-30 00:00:00+00:00,6.573905944824219,8.920000076293945,9.029999732971191,8.850000381469727,8.850000381469727,177445
2000-12-01 00:00:00+00:00,6.478098392486572,8.789999961853027,8.920000076293945,8.649999618530273,8.819999694824219,396650
2000-12-04 00:00:00+00:00,6.419139385223389,8.710000038146973,8.890000343322754,8.6899995803833,8.890000343322754,140245
2000-12-05 00:00:00+00:00,6.537056922912598,8.869999885559082,8.899999618530273,8.600000381469727,8.6899995803833,374380
2000-12-06 00:00:00+00:00,6.596015930175781,8.949999809265137,9.020000457763672,8.800000190734863,8.979999542236328,306625
2000-12-07 00:00:00+00:00,6.588644981384277,8.9399995803833,9.079999923706055,8.920000076293945,8.920000076293945,129160
2000-12-08 00:00:00+00:00,6.706564426422119,9.100000381469727,9.300000190734863,8.930000305175781,9.050000190734863,337675
2000-12-11 00:00:00+00:00,7.2371931076049805,9.819999694824219,9.819999694824219,9.220000267028809,9.220000267028809,657875
2000-12-12 00:00:00+00:00,6.986617088317871,9.479999542236328,10.390000343322754,9.4399995803833,10.010000228881836,914335
2000-12-13 00:00:00+00:00,6.979249000549316,9.470000267028809,9.699999809265137,9.430000305175781,9.630000114440918,419715
2000-12-14 00:00:00+00:00,6.795003414154053,9.220000267028809,9.800000190734863,9.199999809265137,9.649999618530273,323215
2000-12-15 00:00:00+00:00,6.581275939941406,8.930000305175781,9.260000228881836,8.819999694824219,9.100000381469727,708650
2000-12-18 00:00:00+00:00,6.758154392242432,9.170000076293945,9.270000457763672,8.859999656677246,9.270000457763672,172450
2000-12-19 00:00:00+00:00,6.64023494720459,9.010000228881836,9.239999771118164,8.930000305175781,9.239999771118164,219810
2000-12-20 00:00:00+00:00,6.691824436187744,9.079999923706055,9.149999618530273,8.949999809265137,9.0,118650
2000-12-21 00:00:00+00:00,6.64023494720459,9.010000228881836,9.0600004196167,8.829999923706055,9.0600004196167,183625
2000-12-22 00:00:00+00:00,6.691824436187744,9.079999923706055,9.180000305175781,8.880000114440918,8.880000114440918,373660
2000-12-25 00:00:00+00:00,6.691824436187744,9.079999923706055,9.079999923706055,9.079999923706055,9.079999923706055,0
2000-12-26 00:00:00+00:00,6.500207901000977,8.819999694824219,9.050000190734863,8.710000038146973,9.050000190734863,345750
2000-12-27 00:00:00+00:00,6.632864952087402,9.0,9.0600004196167,8.850000381469727,8.850000381469727,109650
2000-12-28 00:00:00+00:00,6.625495433807373,8.989999771118164,9.130000114440918,8.970000267028809,9.130000114440918,85870
2000-12-29 00:00:00+00:00,6.677083492279053,9.0600004196167,9.100000381469727,8.960000038146973,8.979999542236328,166455
2001-01-01 00:00:00+00:00,6.743413925170898,9.149999618530273,9.699999809265137,9.100000381469727,9.699999809265137,168495
2001-01-02 00:00:00+00:00,6.7802629470825195,9.199999809265137,9.199999809265137,9.069999694824219,9.100000381469727,157760
2001-01-03 00:00:00+00:00,6.927659034729004,9.399999618530273,9.449999809265137,9.130000114440918,9.140000343322754,492780
2001-01-04 00:00:00+00:00,6.861332416534424,9.3100004196167,9.600000381469727,9.260000228881836,9.539999961853027,207395
2001-01-05 00:00:00+00:00,6.82448148727417,9.260000228881836,9.34000015258789,9.199999809265137,9.270000457763672,170575
2001-01-08 00:00:00+00:00,6.876070022583008,9.329999923706055,9.449999809265137,9.130000114440918,9.430000305175781,137565
2001-01-09 00:00:00+00:00,6.787631034851074,9.210000038146973,9.359999656677246,9.199999809265137,9.34000015258789,69300
2001-01-10 00:00:00+00:00,6.795003414154053,9.220000267028809,9.390000343322754,9.170000076293945,9.329999923706055,106135
2001-01-11 00:00:00+00:00,6.795003414154053,9.220000267028809,9.329999923706055,9.119999885559082,9.199999809265137,102530
2001-01-12 00:00:00+00:00,6.802372455596924,9.229999542236328,9.369999885559082,9.109999656677246,9.229999542236328,214150
2001-01-15 00:00:00+00:00,6.7802629470825195,9.199999809265137,9.300000190734863,9.020000457763672,9.149999618530273,129955
2001-01-16 00:00:00+00:00,6.817111015319824,9.25,9.279999732971191,9.130000114440918,9.140000343322754,81880
2001-01-17 00:00:00+00:00,7.0160980224609375,9.520000457763672,9.829999923706055,9.380000114440918,9.380000114440918,247255
2001-01-18 00:00:00+00:00,6.986617088317871,9.479999542236328,9.779999732971191,9.449999809265137,9.6899995803833,202175
2001-01-19 00:00:00+00:00,7.052947044372559,9.569999694824219,9.699999809265137,9.319999694824219,9.600000381469727,205450
2001-01-22 00:00:00+00:00,7.192974090576172,9.760000228881836,10.300000190734863,9.619999885559082,10.300000190734863,860705
2001-01-23 00:00:00+00:00,7.148754596710205,9.699999809265137,10.050000190734863,9.449999809265137,9.800000190734863,771825
2001-01-24 00:00:00+00:00,7.347741603851318,9.970000267028809,10.180000305175781,9.760000228881836,9.84000015258789,1286250
2001-01-25 00:00:00+00:00,7.929958343505859,10.760000228881836,10.760000228881836,10.0,10.0,621045
2001-01-26 00:00:00+00:00,7.929958343505859,10.760000228881836,10.760000228881836,10.760000228881836,10.760000228881836,0
2001-01-29 00:00:00+00:00,7.296149730682373,9.899999618530273,10.520000457763672,9.899999618530273,9.970000267028809,1095280
2001-01-30 00:00:00+00:00,6.713932037353516,9.109999656677246,9.489999771118164,9.109999656677246,9.300000190734863,794430
2001-01-31 00:00:00+00:00,6.389659881591797,8.670000076293945,9.239999771118164,8.619999885559082,8.630000114440918,1225250
2001-02-01 00:00:00+00:00,6.411769390106201,8.699999809265137,8.970000267028809,8.600000381469727,8.600000381469727,298515
2001-02-02 00:00:00+00:00,6.338070392608643,8.600000381469727,8.859999656677246,8.5600004196167,8.65999984741211,767325
2001-02-05 00:00:00+00:00,6.094867706298828,8.270000457763672,9.0,8.239999771118164,9.0,514845
2001-02-06 00:00:00+00:00,6.116974830627441,8.300000190734863,8.579999923706055,8.300000190734863,8.399999618530273,412845
2001-02-07 00:00:00+00:00,6.087495803833008,8.260000228881836,8.449999809265137,8.25,8.399999618530273,223590
2001-02-08 00:00:00+00:00,6.34544038772583,8.609999656677246,8.84000015258789,8.149999618530273,8.229999542236328,568080
2001-02-09 00:00:00+00:00,6.323330402374268,8.579999923706055,8.869999885559082,8.420000076293945,8.420000076293945,714020
2001-02-12 00:00:00+00:00,6.352810382843018,8.619999885559082,8.979999542236328,8.449999809265137,8.970000267028809,935895
2001-02-13 00:00:00+00:00,6.14645528793335,8.34000015258789,8.739999771118164,8.319999694824219,8.729999542236328,563465
2001-02-14 00:00:00+00:00,6.1243462562561035,8.3100004196167,8.449999809265137,8.300000190734863,8.3100004196167,230460
2001-02-15 00:00:00+00:00,6.043276786804199,8.199999809265137,8.399999618530273,8.199999809265137,8.319999694824219,199505
2001-02-16 00:00:00+00:00,5.80007266998291,7.869999885559082,8.270000457763672,7.820000171661377,8.119999885559082,727080
2001-02-19 00:00:00+00:00,5.814811706542969,7.889999866485596,8.279999732971191,7.809999942779541,8.199999809265137,401170
2001-02-20 00:00:00+00:00,5.674785137176514,7.699999809265137,8.0,7.650000095367432,8.0,364330
2001-02-21 00:00:00+00:00,5.85166072845459,7.940000057220459,8.180000305175781,7.710000038146973,7.78000020980835,382550
2001-02-22 00:00:00+00:00,5.69689416885376,7.730000019073486,7.960000038146973,7.599999904632568,7.809999942779541,194375
2001-02-23 00:00:00+00:00,5.468428611755371,7.420000076293945,7.650000095367432,7.300000190734863,7.610000133514404,360365
2001-02-26 00:00:00+00:00,5.578977584838867,7.570000171661377,8.010000228881836,7.559999942779541,7.800000190734863,467945
2001-02-27 00:00:00+00:00,5.262073040008545,7.139999866485596,7.670000076293945,6.96999979019165,7.599999904632568,526480
2001-02-28 00:00:00+00:00,5.4831695556640625,7.440000057220459,7.590000152587891,7.099999904632568,7.28000020980835,566680
2001-03-01 00:00:00+00:00,5.453688621520996,7.400000095367432,7.940000057220459,7.340000152587891,7.449999809265137,565950
2001-03-02 00:00:00+00:00,5.144156455993652,6.980000019073486,7.739999771118164,6.960000038146973,7.699999809265137,670635
2001-03-05 00:00:00+00:00,4.819881439208984,6.539999961853027,7.130000114440918,6.449999809265137,7.130000114440918,805090
2001-03-06 00:00:00+00:00,4.819881439208984,6.539999961853027,6.539999961853027,6.539999961853027,6.539999961853027,0
2001-03-07 00:00:00+00:00,5.0409770011901855,6.840000152587891,7.0,6.079999923706055,6.590000152587891,865060
2001-03-08 00:00:00+00:00,4.85673189163208,6.590000152587891,7.0,6.5,6.96999979019165,169055
2001-03-09 00:00:00+00:00,4.473499298095703,6.070000171661377,6.519999980926514,6.070000171661377,6.519999980926514,282755
2001-03-12 00:00:00+00:00,4.11974573135376,5.590000152587891,6.099999904632568,5.590000152587891,6.090000152587891,429165
2001-03-13 00:00:00+00:00,3.79547381401062,5.150000095367432,5.46999979019165,5.150000095367432,5.150000095367432,478765
2001-03-14 00:00:00+00:00,4.097636699676514,5.559999942779541,5.559999942779541,5.0,5.010000228881836,241800
2001-03-15 00:00:00+00:00,4.414539813995361,5.989999771118164,6.0,5.429999828338623,5.429999828338623,310555
2001-03-16 00:00:00+00:00,4.267143249511719,5.789999961853027,6.300000190734863,5.75,6.199999809265137,458015
2001-03-19 00:00:00+00:00,4.333471775054932,5.880000114440918,6.190000057220459,5.599999904632568,6.0,117545
2001-03-20 00:00:00+00:00,4.2155537605285645,5.71999979019165,5.800000190734863,5.619999885559082,5.800000190734863,92830
2001-03-21 00:00:00+00:00,4.046047687530518,5.489999771118164,5.739999771118164,5.460000038146973,5.739999771118164,119410
2001-03-22 00:00:00+00:00,4.023938179016113,5.460000038146973,5.539999961853027,5.409999847412109,5.460000038146973,123500
2001-03-23 00:00:00+00:00,3.906020402908325,5.300000190734863,5.639999866485596,5.199999809265137,5.590000152587891,372680
2001-03-26 00:00:00+00:00,3.9797191619873047,5.400000095367432,5.599999904632568,5.369999885559082,5.449999809265137,187080
2001-03-27 00:00:00+00:00,3.9797191619873047,5.400000095367432,5.5,5.320000171661377,5.400000095367432,246135
2001-03-28 00:00:00+00:00,3.9428701400756836,5.349999904632568,5.539999961853027,5.349999904632568,5.46999979019165,210960
2001-03-29 00:00:00+00:00,3.8912816047668457,5.28000020980835,5.349999904632568,5.210000038146973,5.329999923706055,167750
2001-03-30 00:00:00+00:00,3.6185965538024902,4.909999847412109,5.25,4.860000133514404,5.230000019073486,308605
2001-04-02 00:00:00+00:00,3.530158281326294,4.789999961853027,4.800000190734863,4.519999980926514,4.800000190734863,150580
2001-04-03 00:00:00+00:00,3.714404821395874,5.039999961853027,5.119999885559082,4.639999866485596,4.639999866485596,254100
2001-04-04 00:00:00+00:00,4.009199142456055,5.440000057220459,5.440000057220459,5.179999828338623,5.179999828338623,272745
2001-04-05 00:00:00+00:00,4.009199142456055,5.440000057220459,5.440000057220459,5.440000057220459,5.440000057220459,0
2001-04-06 00:00:00+00:00,4.326101779937744,5.869999885559082,5.869999885559082,5.800000190734863,5.869999885559082,97240
2001-04-09 00:00:00+00:00,4.6651153564453125,6.329999923706055,6.329999923706055,6.25,6.25,28155
2001-04-10 00:00:00+00:00,4.576676845550537,6.210000038146973,6.829999923706055,5.920000076293945,6.829999923706055,636960
2001-04-11 00:00:00+00:00,4.2155537605285645,5.71999979019165,6.260000228881836,5.71999979019165,6.199999809265137,335215
2001-04-12 00:00:00+00:00,4.082896709442139,5.539999961853027,5.78000020980835,5.269999980926514,5.420000076293945,397870
2001-04-13 00:00:00+00:00,4.082896709442139,5.539999961853027,5.539999961853027,5.539999961853027,5.539999961853027,0
2001-04-16 00:00:00+00:00,4.40717077255249,5.980000019073486,5.980000019073486,5.369999885559082,5.369999885559082,221520
2001-04-17 00:00:00+00:00,4.326101779937744,5.869999885559082,6.139999866485596,5.739999771118164,6.119999885559082,254845
2001-04-18 00:00:00+00:00,4.51771879196167,6.130000114440918,6.25,5.900000095367432,5.920000076293945,254860
2001-04-19 00:00:00+00:00,4.5398268699646,6.159999847412109,6.599999904632568,6.099999904632568,6.110000133514404,271480
2001-04-20 00:00:00+00:00,4.4440202713012695,6.03000020980835,6.150000095367432,5.929999828338623,6.03000020980835,176905
2001-04-23 00:00:00+00:00,4.458759307861328,6.050000190734863,6.190000057220459,6.0,6.099999904632568,122230
2001-04-24 00:00:00+00:00,4.554566860198975,6.179999828338623,6.199999809265137,5.800000190734863,5.900000095367432,68205
2001-04-25 00:00:00+00:00,4.51771879196167,6.130000114440918,6.389999866485596,5.989999771118164,5.989999771118164,92245
2001-04-26 00:00:00+00:00,4.436649799346924,6.019999980926514,6.199999809265137,6.019999980926514,6.150000095367432,41680
2001-04-27 00:00:00+00:00,4.141855716705322,5.619999885559082,5.949999809265137,5.599999904632568,5.800000190734863,271570
2001-04-30 00:00:00+00:00,4.451389789581299,6.039999961853027,6.059999942779541,5.699999809265137,5.739999771118164,338830
2001-05-01 00:00:00+00:00,4.451389789581299,6.039999961853027,6.039999961853027,6.039999961853027,6.039999961853027,0
2001-05-02 00:00:00+00:00,4.805142402648926,6.519999980926514,6.519999980926514,6.150000095367432,6.25,376085
2001-05-03 00:00:00+00:00,4.915689945220947,6.670000076293945,7.0,6.519999980926514,7.0,477720
2001-05-04 00:00:00+00:00,4.915689945220947,6.670000076293945,6.699999809265137,6.5,6.53000020980835,346150
2001-05-07 00:00:00+00:00,4.6651153564453125,6.329999923706055,6.900000095367432,6.25,6.800000190734863,641675
2001-05-08 00:00:00+00:00,4.834621906280518,6.559999942779541,6.579999923706055,6.099999904632568,6.21999979019165,286010
2001-05-09 00:00:00+00:00,4.746182918548584,6.440000057220459,6.599999904632568,6.340000152587891,6.599999904632568,107575
2001-05-10 00:00:00+00:00,4.864100456237793,6.599999904632568,6.739999771118164,6.480000019073486,6.480000019073486,347760
2001-05-11 00:00:00+00:00,4.79777193069458,6.510000228881836,6.670000076293945,6.46999979019165,6.650000095367432,245055
2001-05-14 00:00:00+00:00,4.937799453735352,6.699999809265137,6.900000095367432,6.599999904632568,6.75,429400
2001-05-15 00:00:00+00:00,4.834621906280518,6.559999942779541,6.599999904632568,6.199999809265137,6.599999904632568,164565
2001-05-16 00:00:00+00:00,4.841990947723389,6.570000171661377,6.730000019073486,6.46999979019165,6.599999904632568,253155
2001-05-17 00:00:00+00:00,4.864100456237793,6.599999904632568,6.690000057220459,6.519999980926514,6.599999904632568,129710
2001-05-18 00:00:00+00:00,4.841990947723389,6.570000171661377,6.690000057220459,6.53000020980835,6.599999904632568,171005
2001-05-21 00:00:00+00:00,5.0409770011901855,6.840000152587891,6.949999809265137,6.699999809265137,6.699999809265137,341460
2001-05-22 00:00:00+00:00,4.96727991104126,6.739999771118164,6.960000038146973,6.699999809265137,6.960000038146973,205950
2001-05-23 00:00:00+00:00,5.0188679695129395,6.809999942779541,7.019999980926514,6.710000038146973,6.849999904632568,92590
2001-05-24 00:00:00+00:00,5.026237487792969,6.820000171661377,6.900000095367432,6.769999980926514,6.900000095367432,97150
2001-05-25 00:00:00+00:00,4.996757984161377,6.78000020980835,6.880000114440918,6.71999979019165,6.869999885559082,200135
2001-05-28 00:00:00+00:00,5.0409770011901855,6.840000152587891,6.869999885559082,6.78000020980835,6.869999885559082,116910
2001-05-29 00:00:00+00:00,5.129415988922119,6.960000038146973,6.989999771118164,6.849999904632568,6.860000133514404,207035
2001-05-30 00:00:00+00:00,5.534758567810059,7.510000228881836,7.510000228881836,6.96999979019165,7.0,778960
2001-05-31 00:00:00+00:00,5.379991054534912,7.300000190734863,7.71999979019165,7.059999942779541,7.510000228881836,1143380
2001-06-01 00:00:00+00:00,5.313661575317383,7.210000038146973,7.349999904632568,7.139999866485596,7.199999809265137,415140
2001-06-04 00:00:00+00:00,5.152174472808838,6.699999809265137,7.360000133514404,6.650000095367432,7.309999942779541,409880
2001-06-05 00:00:00+00:00,5.152174472808838,6.699999809265137,6.849999904632568,6.449999809265137,6.730000019073486,298605
2001-06-06 00:00:00+00:00,5.1598663330078125,6.710000038146973,6.78000020980835,6.599999904632568,6.760000228881836,88535
2001-06-07 00:00:00+00:00,5.0675883293151855,6.590000152587891,6.739999771118164,6.5,6.599999904632568,119280
2001-06-08 00:00:00+00:00,5.052208423614502,6.570000171661377,6.639999866485596,6.539999961853027,6.550000190734863,98185
2001-06-11 00:00:00+00:00,5.236763954162598,6.809999942779541,6.869999885559082,6.599999904632568,6.71999979019165,150160
2001-06-12 00:00:00+00:00,5.559736251831055,7.230000019073486,7.349999904632568,6.710000038146973,6.769999980926514,470690
2001-06-13 00:00:00+00:00,5.6981520652771,7.409999847412109,7.78000020980835,7.400000095367432,7.5,660005
2001-06-14 00:00:00+00:00,5.436699390411377,7.070000171661377,7.460000038146973,7.019999980926514,7.349999904632568,181255
2001-06-15 00:00:00+00:00,5.336731433868408,6.940000057220459,7.079999923706055,6.800000190734863,6.920000076293945,228335
2001-06-18 00:00:00+00:00,5.1598663330078125,6.710000038146973,6.829999923706055,6.599999904632568,6.829999923706055,72770
2001-06-19 00:00:00+00:00,5.1367950439453125,6.679999828338623,6.820000171661377,6.579999923706055,6.659999847412109,192340
2001-06-20 00:00:00+00:00,5.152174472808838,6.699999809265137,6.739999771118164,6.5,6.679999828338623,102880
2001-06-21 00:00:00+00:00,5.0675883293151855,6.590000152587891,6.739999771118164,6.559999942779541,6.650000095367432,79665
2001-06-22 00:00:00+00:00,4.890721797943115,6.360000133514404,6.639999866485596,6.300000190734863,6.559999942779541,193295
2001-06-25 00:00:00+00:00,4.629268169403076,6.019999980926514,6.400000095367432,6.010000228881836,6.400000095367432,147235
2001-06-26 00:00:00+00:00,4.806134223937988,6.25,6.349999904632568,6.0,6.010000228881836,133965
2001-06-27 00:00:00+00:00,4.74461555480957,6.170000076293945,6.28000020980835,6.099999904632568,6.159999847412109,112195
2001-06-28 00:00:00+00:00,4.74461555480957,6.170000076293945,6.260000228881836,6.139999866485596,6.159999847412109,113850
2001-06-29 00:00:00+00:00,4.859963417053223,6.320000171661377,6.400000095367432,6.059999942779541,6.139999866485596,191475
2001-07-02 00:00:00+00:00,5.10603666305542,6.639999866485596,7.400000095367432,6.599999904632568,7.400000095367432,51590
2001-07-03 00:00:00+00:00,4.613888740539551,6.0,6.300000190734863,5.400000095367432,5.800000190734863,143280
2001-07-04 00:00:00+00:00,4.490851402282715,5.840000152587891,6.150000095367432,5.699999809265137,5.730000019073486,125345
2001-07-05 00:00:00+00:00,4.6907877922058105,6.099999904632568,6.099999904632568,5.860000133514404,6.099999904632568,16665
2001-07-06 00:00:00+00:00,4.51392126083374,5.869999885559082,6.059999942779541,5.840000152587891,5.920000076293945,66450
2001-07-09 00:00:00+00:00,4.467782974243164,5.809999942779541,6.0,5.730000019073486,6.0,79250
2001-07-10 00:00:00+00:00,4.498542308807373,5.849999904632568,5.949999809265137,5.800000190734863,5.920000076293945,79550
2001-07-11 00:00:00+00:00,4.752304553985596,6.179999828338623,6.289999961853027,5.860000133514404,5.980000019073486,137680
2001-07-12 00:00:00+00:00,4.767685413360596,6.199999809265137,6.449999809265137,6.159999847412109,6.289999961853027,139525
2001-07-13 00:00:00+00:00,4.75999641418457,6.190000057220459,6.389999866485596,6.159999847412109,6.389999866485596,96075
2001-07-16 00:00:00+00:00,4.806134223937988,6.25,6.300000190734863,6.210000038146973,6.269999980926514,59425
2001-07-17 00:00:00+00:00,4.629268169403076,6.019999980926514,6.289999961853027,5.849999904632568,5.849999904632568,91865
2001-07-18 00:00:00+00:00,4.73692512512207,6.159999847412109,6.25,6.070000171661377,6.070000171661377,23500
2001-07-19 00:00:00+00:00,4.660027503967285,6.059999942779541,6.139999866485596,6.059999942779541,6.099999904632568,41900
2001-07-20 00:00:00+00:00,4.536989688873291,5.900000095367432,6.039999961853027,5.820000171661377,6.0,64510
2001-07-23 00:00:00+00:00,4.536989688873291,5.900000095367432,5.900000095367432,5.900000095367432,5.900000095367432,0
2001-07-24 00:00:00+00:00,4.444712162017822,5.78000020980835,5.849999904632568,5.699999809265137,5.849999904632568,47250
2001-07-25 00:00:00+00:00,4.190948486328125,5.449999809265137,5.840000152587891,5.21999979019165,5.75,118375
2001-07-26 00:00:00+00:00,4.183259010314941,5.440000057220459,5.489999771118164,5.309999942779541,5.409999847412109,53650
2001-07-27 00:00:00+00:00,4.160189151763916,5.409999847412109,5.699999809265137,5.400000095367432,5.699999809265137,93415
2001-07-30 00:00:00+00:00,4.237087726593018,5.510000228881836,5.550000190734863,5.360000133514404,5.400000095367432,26125
2001-07-31 00:00:00+00:00,4.237087726593018,5.510000228881836,5.550000190734863,5.420000076293945,5.550000190734863,48750
2001-08-01 00:00:00+00:00,4.237087726593018,5.510000228881836,5.599999904632568,5.440000057220459,5.599999904632568,21000
2001-08-02 00:00:00+00:00,4.206328392028809,5.46999979019165,5.599999904632568,5.46999979019165,5.590000152587891,27525
2001-08-03 00:00:00+00:00,4.237087726593018,5.510000228881836,5.550000190734863,5.440000057220459,5.550000190734863,26425
2001-08-06 00:00:00+00:00,4.390883445739746,5.710000038146973,5.71999979019165,5.5,5.5,67150
2001-08-07 00:00:00+00:00,4.529301166534424,5.889999866485596,5.900000095367432,5.699999809265137,5.699999809265137,101170
2001-08-08 00:00:00+00:00,4.483161926269531,5.829999923706055,5.889999866485596,5.800000190734863,5.800000190734863,38155
2001-08-09 00:00:00+00:00,4.529301166534424,5.889999866485596,5.900000095367432,5.610000133514404,5.800000190734863,147850
2001-08-10 00:00:00+00:00,4.475472927093506,5.820000171661377,5.900000095367432,5.800000190734863,5.900000095367432,49500
2001-08-13 00:00:00+00:00,4.460092067718506,5.800000190734863,5.849999904632568,5.800000190734863,5.800000190734863,41970
2001-08-14 00:00:00+00:00,4.398573875427246,5.71999979019165,5.840000152587891,5.659999847412109,5.840000152587891,23595
2001-08-15 00:00:00+00:00,4.398573875427246,5.71999979019165,5.71999979019165,5.71999979019165,5.71999979019165,0
2001-08-16 00:00:00+00:00,4.344746112823486,5.650000095367432,5.710000038146973,5.619999885559082,5.699999809265137,18475
2001-08-17 00:00:00+00:00,4.290916442871094,5.579999923706055,5.659999847412109,5.53000020980835,5.610000133514404,46075
2001-08-20 00:00:00+00:00,4.298605442047119,5.590000152587891,5.630000114440918,5.519999980926514,5.619999885559082,30350
2001-08-21 00:00:00+00:00,4.306295871734619,5.599999904632568,5.599999904632568,5.5,5.599999904632568,36750
2001-08-22 00:00:00+00:00,4.306295871734619,5.599999904632568,5.599999904632568,5.599999904632568,5.599999904632568,0
2001-08-23 00:00:00+00:00,4.260158061981201,5.539999961853027,5.610000133514404,5.53000020980835,5.599999904632568,26750
2001-08-24 00:00:00+00:00,4.390883445739746,5.710000038146973,5.860000133514404,5.679999828338623,5.800000190734863,96335
2001-08-27 00:00:00+00:00,4.452403545379639,5.789999961853027,5.980000019073486,5.769999980926514,5.849999904632568,71795
2001-08-28 00:00:00+00:00,4.406263828277588,5.730000019073486,5.869999885559082,5.699999809265137,5.869999885559082,66875
2001-08-29 00:00:00+00:00,4.352434158325195,5.659999847412109,5.699999809265137,5.599999904632568,5.599999904632568,31925
2001-08-30 00:00:00+00:00,4.36012601852417,5.670000076293945,5.699999809265137,5.639999866485596,5.639999866485596,29350
2001-08-31 00:00:00+00:00,4.4139533042907715,5.739999771118164,5.739999771118164,5.630000114440918,5.679999828338623,32750
2001-09-03 00:00:00+00:00,4.483161926269531,5.829999923706055,5.889999866485596,5.710000038146973,5.739999771118164,50550
2001-09-04 00:00:00+00:00,4.398573875427246,5.71999979019165,5.809999942779541,5.710000038146973,5.809999942779541,39840
2001-09-05 00:00:00+00:00,4.367814540863037,5.679999828338623,5.78000020980835,5.679999828338623,5.760000228881836,51420
2001-09-06 00:00:00+00:00,4.260158061981201,5.539999961853027,5.670000076293945,5.5,5.670000076293945,25005
2001-09-07 00:00:00+00:00,4.313985824584961,5.610000133514404,5.679999828338623,5.5,5.550000190734863,35375
2001-09-10 00:00:00+00:00,4.306295871734619,5.599999904632568,5.710000038146973,5.599999904632568,5.710000038146973,9490
2001-09-11 00:00:00+00:00,4.306295871734619,5.599999904632568,5.619999885559082,5.53000020980835,5.599999904632568,33000
2001-09-12 00:00:00+00:00,4.021773338317871,5.230000019073486,5.400000095367432,4.510000228881836,5.090000152587891,151245
2001-09-13 00:00:00+00:00,4.044841766357422,5.260000228881836,5.309999942779541,5.139999866485596,5.21999979019165,78000
2001-09-14 00:00:00+00:00,3.8295273780822754,4.980000019073486,5.300000190734863,4.829999923706055,5.300000190734863,66910
2001-09-17 00:00:00+00:00,3.4142777919769287,4.440000057220459,4.650000095367432,4.099999904632568,4.650000095367432,135870
2001-09-18 00:00:00+00:00,3.7372496128082275,4.860000133514404,4.869999885559082,4.5,4.5,107275
2001-09-19 00:00:00+00:00,3.675732135772705,4.78000020980835,5.090000152587891,4.75,5.079999923706055,139755
2001-09-20 00:00:00+00:00,3.6219029426574707,4.710000038146973,5.380000114440918,4.650000095367432,5.380000114440918,58500
2001-09-21 00:00:00+00:00,3.698800563812256,4.809999942779541,5.0,4.599999904632568,4.619999885559082,119735
2001-09-24 00:00:00+00:00,3.8372175693511963,4.989999771118164,5.099999904632568,4.800000190734863,5.019999980926514,124330
2001-09-25 00:00:00+00:00,3.8987367153167725,5.070000171661377,5.139999866485596,5.019999980926514,5.03000020980835,38625
2001-09-26 00:00:00+00:00,3.867976427078247,5.03000020980835,5.079999923706055,4.849999904632568,4.929999828338623,98000
2001-09-27 00:00:00+00:00,3.8372175693511963,4.989999771118164,5.179999828338623,4.829999923706055,5.179999828338623,73580
2001-09-28 00:00:00+00:00,3.906425952911377,5.079999923706055,5.300000190734863,4.949999809265137,5.300000190734863,60720
2001-10-01 00:00:00+00:00,3.8449082374572754,5.0,5.0,4.900000095367432,5.0,16400
2001-10-02 00:00:00+00:00,3.8449082374572754,5.0,5.0,5.0,5.0,0
2001-10-03 00:00:00+00:00,3.7526299953460693,4.880000114440918,5.099999904632568,4.860000133514404,5.099999904632568,37425
2001-10-04 00:00:00+00:00,3.768010139465332,4.900000095367432,5.0,4.880000114440918,5.0,20055
2001-10-05 00:00:00+00:00,3.78338885307312,4.920000076293945,5.0,4.840000152587891,5.0,30670
2001-10-08 00:00:00+00:00,3.721870183944702,4.840000152587891,4.900000095367432,4.769999980926514,4.800000190734863,19045
2001-10-09 00:00:00+00:00,3.7526299953460693,4.880000114440918,5.0,4.820000171661377,4.820000171661377,20980
2001-10-10 00:00:00+00:00,3.6219029426574707,4.710000038146973,4.949999809265137,4.599999904632568,4.889999866485596,54075
2001-10-11 00:00:00+00:00,3.729560613632202,4.849999904632568,4.900000095367432,4.800000190734863,4.900000095367432,26750
2001-10-12 00:00:00+00:00,3.721870183944702,4.840000152587891,4.949999809265137,4.820000171661377,4.940000057220459,27620
2001-10-15 00:00:00+00:00,3.675732135772705,4.78000020980835,4.860000133514404,4.769999980926514,4.820000171661377,17450
2001-10-16 00:00:00+00:00,3.691110849380493,4.800000190734863,4.829999923706055,4.710000038146973,4.820000171661377,63500
2001-10-17 00:00:00+00:00,3.7372496128082275,4.860000133514404,4.900000095367432,4.800000190734863,4.900000095367432,34755
2001-10-18 00:00:00+00:00,3.760319471359253,4.889999866485596,5.0,4.849999904632568,4.900000095367432,14850
2001-10-19 00:00:00+00:00,3.744938611984253,4.869999885559082,4.909999847412109,4.800000190734863,4.840000152587891,20380
2001-10-22 00:00:00+00:00,3.8833560943603516,5.050000190734863,5.25,4.909999847412109,5.0,103040
2001-10-23 00:00:00+00:00,3.952564239501953,5.139999866485596,5.289999961853027,5.079999923706055,5.289999961853027,84570
2001-10-24 00:00:00+00:00,3.998704195022583,5.199999809265137,6.079999923706055,5.170000076293945,5.340000152587891,432320
2001-10-25 00:00:00+00:00,4.044841766357422,5.260000228881836,5.5,5.150000095367432,5.5,248300
2001-10-26 00:00:00+00:00,4.044841766357422,5.260000228881836,5.260000228881836,5.260000228881836,5.260000228881836,0
2001-10-29 00:00:00+00:00,4.198638439178467,5.460000038146973,5.5,5.309999942779541,5.420000076293945,119740
2001-10-30 00:00:00+00:00,4.0986714363098145,5.329999923706055,5.489999771118164,5.300000190734863,5.429999828338623,79135
2001-10-31 00:00:00+00:00,4.083292484283447,5.309999942779541,5.349999904632568,5.260000228881836,5.340000152587891,35830
2001-11-01 00:00:00+00:00,4.12174129486084,5.360000133514404,5.380000114440918,5.340000152587891,5.340000152587891,39755
2001-11-02 00:00:00+00:00,4.0986714363098145,5.329999923706055,5.389999866485596,5.300000190734863,5.360000133514404,68070
2001-11-05 00:00:00+00:00,4.090981960296631,5.320000171661377,5.449999809265137,5.199999809265137,5.389999866485596,63170
2001-11-06 00:00:00+00:00,4.144809722900391,5.389999866485596,5.429999828338623,5.349999904632568,5.369999885559082,64855
2001-11-07 00:00:00+00:00,4.152500152587891,5.400000095367432,5.460000038146973,5.400000095367432,5.429999828338623,56300
2001-11-08 00:00:00+00:00,4.137120246887207,5.380000114440918,5.420000076293945,5.349999904632568,5.400000095367432,31700
2001-11-09 00:00:00+00:00,4.137120246887207,5.380000114440918,5.400000095367432,5.349999904632568,5.400000095367432,25750
2001-11-12 00:00:00+00:00,4.1063618659973145,5.340000152587891,5.409999847412109,5.340000152587891,5.409999847412109,32500
2001-11-13 00:00:00+00:00,4.137120246887207,5.380000114440918,5.400000095367432,5.300000190734863,5.369999885559082,28100
2001-11-14 00:00:00+00:00,4.144809722900391,5.389999866485596,5.599999904632568,5.320000171661377,5.5,51990
2001-11-15 00:00:00+00:00,4.167880535125732,5.420000076293945,5.5,5.400000095367432,5.449999809265137,57725
2001-11-16 00:00:00+00:00,4.167880535125732,5.420000076293945,5.420000076293945,5.420000076293945,5.420000076293945,0
2001-11-19 00:00:00+00:00,4.444712162017822,5.78000020980835,5.880000114440918,5.409999847412109,5.449999809265137,181295
2001-11-20 00:00:00+00:00,4.421643257141113,5.75,6.199999809265137,5.699999809265137,6.199999809265137,161170
2001-11-21 00:00:00+00:00,4.444712162017822,5.78000020980835,5.880000114440918,5.619999885559082,5.699999809265137,58505
2001-11-22 00:00:00+00:00,4.4293341636657715,5.760000228881836,5.889999866485596,5.699999809265137,5.760000228881836,83845
2001-11-23 00:00:00+00:00,4.313985824584961,5.610000133514404,5.889999866485596,5.579999923706055,5.889999866485596,92800
2001-11-26 00:00:00+00:00,4.36012601852417,5.670000076293945,6.090000152587891,5.619999885559082,5.659999847412109,103715
2001-11-27 00:00:00+00:00,4.298605442047119,5.590000152587891,5.78000020980835,5.579999923706055,5.78000020980835,130865
2001-11-28 00:00:00+00:00,4.237087726593018,5.510000228881836,5.78000020980835,5.460000038146973,5.699999809265137,286550
2001-11-29 00:00:00+00:00,4.283226490020752,5.570000171661377,5.880000114440918,5.5,5.880000114440918,111120
2001-11-30 00:00:00+00:00,4.283226490020752,5.570000171661377,5.570000171661377,5.570000171661377,5.570000171661377,0
2001-12-03 00:00:00+00:00,4.306295871734619,5.599999904632568,5.639999866485596,5.579999923706055,5.639999866485596,73530
2001-12-04 00:00:00+00:00,4.237087726593018,5.510000228881836,5.639999866485596,5.5,5.599999904632568,51400
2001-12-05 00:00:00+00:00,4.229398727416992,5.5,5.699999809265137,5.400000095367432,5.400000095367432,103610
2001-12-06 00:00:00+00:00,4.298605442047119,5.590000152587891,5.599999904632568,5.420000076293945,5.519999980926514,99050
2001-12-07 00:00:00+00:00,4.229398727416992,5.5,5.650000095367432,5.400000095367432,5.400000095367432,97980
2001-12-10 00:00:00+00:00,4.267847061157227,5.550000190734863,5.590000152587891,5.480000019073486,5.5,105610
2001-12-11 00:00:00+00:00,4.306295871734619,5.599999904632568,5.650000095367432,5.5,5.5,112160
2001-12-12 00:00:00+00:00,4.306295871734619,5.599999904632568,5.699999809265137,5.5,5.510000228881836,133495
2001-12-13 00:00:00+00:00,4.198638439178467,5.460000038146973,5.579999923706055,5.449999809265137,5.539999961853027,106750
2001-12-14 00:00:00+00:00,4.160189151763916,5.409999847412109,5.690000057220459,5.400000095367432,5.46999979019165,192860
2001-12-17 00:00:00+00:00,4.160189151763916,5.409999847412109,5.409999847412109,5.409999847412109,5.409999847412109,0
2001-12-18 00:00:00+00:00,4.229398727416992,5.5,5.579999923706055,5.369999885559082,5.449999809265137,114455
2001-12-19 00:00:00+00:00,4.152500152587891,5.400000095367432,5.550000190734863,5.400000095367432,5.550000190734863,41425
2001-12-20 00:00:00+00:00,4.152500152587891,5.400000095367432,5.440000057220459,5.329999923706055,5.349999904632568,56100
2001-12-21 00:00:00+00:00,4.0525336265563965,5.269999980926514,5.400000095367432,5.25,5.309999942779541,83520
2001-12-24 00:00:00+00:00,3.906425952911377,5.079999923706055,5.300000190734863,5.010000228881836,5.300000190734863,102720
2001-12-25 00:00:00+00:00,3.906425952911377,5.079999923706055,5.079999923706055,5.079999923706055,5.079999923706055,0
2001-12-26 00:00:00+00:00,3.929494857788086,5.110000133514404,5.400000095367432,5.019999980926514,5.03000020980835,111480
2001-12-27 00:00:00+00:00,3.914116382598877,5.090000152587891,5.170000076293945,5.059999942779541,5.139999866485596,127435
2001-12-28 00:00:00+00:00,3.8987367153167725,5.070000171661377,5.099999904632568,5.0,5.0,44010
2001-12-31 00:00:00+00:00,4.060222625732422,5.28000020980835,5.360000133514404,5.0,5.019999980926514,41635
2002-01-01 00:00:00+00:00,4.037152290344238,5.25,5.380000114440918,5.150000095367432,5.150000095367432,33825
2002-01-02 00:00:00+00:00,4.029463291168213,5.239999771118164,5.260000228881836,5.139999866485596,5.260000228881836,24550
2002-01-03 00:00:00+00:00,4.206328392028809,5.46999979019165,5.539999961853027,5.28000020980835,5.349999904632568,87215
2002-01-04 00:00:00+00:00,4.198638439178467,5.460000038146973,5.559999942779541,5.349999904632568,5.539999961853027,132015
2002-01-07 00:00:00+00:00,4.260158061981201,5.539999961853027,5.570000171661377,5.380000114440918,5.570000171661377,93275
2002-01-08 00:00:00+00:00,4.175570011138916,5.429999828338623,5.599999904632568,5.400000095367432,5.400000095367432,88915
2002-01-09 00:00:00+00:00,4.160189151763916,5.409999847412109,5.800000190734863,5.380000114440918,5.679999828338623,81655
2002-01-10 00:00:00+00:00,4.137120246887207,5.380000114440918,5.449999809265137,5.360000133514404,5.400000095367432,34675
2002-01-11 00:00:00+00:00,4.175570011138916,5.429999828338623,5.460000038146973,5.309999942779541,5.400000095367432,74195
2002-01-14 00:00:00+00:00,4.344746112823486,5.650000095367432,5.840000152587891,5.599999904632568,5.599999904632568,197670
2002-01-15 00:00:00+00:00,4.383194923400879,5.699999809265137,5.71999979019165,5.610000133514404,5.699999809265137,67530
2002-01-16 00:00:00+00:00,4.337055206298828,5.639999866485596,5.769999980926514,5.639999866485596,5.769999980926514,44570
2002-01-17 00:00:00+00:00,4.383194923400879,5.699999809265137,5.760000228881836,5.599999904632568,5.599999904632568,114425
2002-01-18 00:00:00+00:00,4.421643257141113,5.75,5.760000228881836,5.650000095367432,5.71999979019165,69595
2002-01-21 00:00:00+00:00,4.460092067718506,5.800000190734863,5.840000152587891,5.659999847412109,5.679999828338623,85155
2002-01-22 00:00:00+00:00,4.452403545379639,5.789999961853027,5.900000095367432,5.730000019073486,5.900000095367432,107085
2002-01-23 00:00:00+00:00,4.483161926269531,5.829999923706055,5.869999885559082,5.800000190734863,5.820000171661377,68015
2002-01-24 00:00:00+00:00,4.629268169403076,6.019999980926514,6.170000076293945,5.849999904632568,5.889999866485596,205240
2002-01-25 00:00:00+00:00,4.7061662673950195,6.119999885559082,6.150000095367432,5.960000038146973,6.059999942779541,146065
2002-01-28 00:00:00+00:00,4.5831298828125,5.960000038146973,6.199999809265137,5.949999809265137,6.199999809265137,117745
2002-01-29 00:00:00+00:00,4.567750453948975,5.940000057220459,6.0,5.920000076293945,6.0,53330
2002-01-30 00:00:00+00:00,4.506231307983398,5.860000133514404,5.909999847412109,5.760000228881836,5.849999904632568,69865
2002-01-31 00:00:00+00:00,4.475472927093506,5.820000171661377,5.960000038146973,5.809999942779541,5.900000095367432,13030
2002-02-01 00:00:00+00:00,4.460092067718506,5.800000190734863,5.960000038146973,5.789999961853027,5.809999942779541,33225
2002-02-04 00:00:00+00:00,4.8292036056518555,6.28000020980835,6.380000114440918,5.800000190734863,5.900000095367432,234310
2002-02-05 00:00:00+00:00,4.875341892242432,6.340000152587891,6.53000020980835,6.239999771118164,6.320000171661377,336880
2002-02-06 00:00:00+00:00,5.252143859863281,6.829999923706055,7.0,6.400000095367432,6.78000020980835,618780
2002-02-07 00:00:00+00:00,4.913791656494141,6.389999866485596,7.0,6.360000133514404,6.940000057220459,387930
2002-02-08 00:00:00+00:00,5.052208423614502,6.570000171661377,6.659999847412109,6.329999923706055,6.590000152587891,166910
2002-02-11 00:00:00+00:00,5.421319961547852,7.050000190734863,7.099999904632568,6.829999923706055,7.0,399700
2002-02-12 00:00:00+00:00,5.559736251831055,7.230000019073486,8.0,7.059999942779541,8.0,409555
2002-02-13 00:00:00+00:00,5.536665916442871,7.199999809265137,8.0,7.099999904632568,8.0,277340
2002-02-14 00:00:00+00:00,5.72891092300415,7.449999809265137,7.599999904632568,7.230000019073486,7.599999904632568,229080
2002-02-15 00:00:00+00:00,5.936537265777588,7.71999979019165,7.96999979019165,7.429999828338623,7.769999980926514,638315
2002-02-18 00:00:00+00:00,6.359477996826172,8.270000457763672,9.260000228881836,8.0,8.100000381469727,1375960
2002-02-19 00:00:00+00:00,5.859640121459961,7.619999885559082,9.0,7.599999904632568,9.0,620600
2002-02-20 00:00:00+00:00,6.03650426864624,7.849999904632568,8.0,7.449999809265137,7.699999809265137,417370
2002-02-21 00:00:00+00:00,6.567101001739502,8.539999961853027,8.899999618530273,7.909999847412109,7.980000019073486,1672340
2002-02-22 00:00:00+00:00,6.728589057922363,8.75,8.899999618530273,8.510000228881836,8.600000381469727,994020
2002-02-25 00:00:00+00:00,6.828555583953857,8.880000114440918,9.100000381469727,8.550000190734863,9.0,708155
2002-02-26 00:00:00+00:00,6.45944356918335,8.399999618530273,9.100000381469727,8.34000015258789,9.100000381469727,373780
2002-02-27 00:00:00+00:00,6.182612419128418,8.039999961853027,8.619999885559082,8.010000228881836,8.619999885559082,333420
2002-02-28 00:00:00+00:00,5.675083160400391,7.380000114440918,8.600000381469727,7.0,8.100000381469727,1134720
2002-03-01 00:00:00+00:00,6.236439228057861,8.109999656677246,8.220000267028809,7.199999809265137,7.199999809265137,392680
2002-03-04 00:00:00+00:00,6.105712890625,7.940000057220459,8.390000343322754,7.869999885559082,8.180000305175781,255030
2002-03-05 00:00:00+00:00,6.190301418304443,8.050000190734863,8.199999809265137,7.900000095367432,8.0,430015
2002-03-06 00:00:00+00:00,6.167232036590576,8.020000457763672,8.449999809265137,7.929999828338623,8.029999732971191,414655
2002-03-07 00:00:00+00:00,6.251819610595703,8.130000114440918,8.399999618530273,8.09000015258789,8.210000038146973,293280
2002-03-08 00:00:00+00:00,6.174921035766602,8.029999732971191,8.25,7.960000038146973,8.1899995803833,170585
2002-03-11 00:00:00+00:00,5.998055934906006,7.800000190734863,8.350000381469727,7.75,8.350000381469727,97175
2002-03-12 00:00:00+00:00,5.8288798332214355,7.579999923706055,7.789999961853027,7.559999942779541,7.75,126650
2002-03-13 00:00:00+00:00,5.813499927520752,7.559999942779541,7.679999828338623,7.510000228881836,7.599999904632568,78000
2002-03-14 00:00:00+00:00,6.021124362945557,7.829999923706055,7.940000057220459,7.710000038146973,7.909999847412109,56095
2002-03-15 00:00:00+00:00,6.151850700378418,8.0,8.0,7.820000171661377,7.820000171661377,87350
2002-03-18 00:00:00+00:00,6.013435363769531,7.820000171661377,8.199999809265137,7.760000228881836,8.199999809265137,89945
2002-03-19 00:00:00+00:00,5.851949214935303,7.610000133514404,7.900000095367432,7.579999923706055,7.800000190734863,395675
2002-03-20 00:00:00+00:00,5.713531494140625,7.429999828338623,7.650000095367432,7.369999885559082,7.619999885559082,85285
2002-03-21 00:00:00+00:00,5.82119083404541,7.570000171661377,7.730000019073486,7.5,7.730000019073486,72775
2002-03-22 00:00:00+00:00,5.6981520652771,7.409999847412109,7.539999961853027,7.340000152587891,7.53000020980835,95765
2002-03-25 00:00:00+00:00,5.6981520652771,7.409999847412109,7.409999847412109,7.409999847412109,7.409999847412109,0
2002-03-26 00:00:00+00:00,6.059573173522949,7.880000114440918,7.980000019073486,7.369999885559082,7.579999923706055,132210
2002-03-27 00:00:00+00:00,5.905777931213379,7.679999828338623,8.130000114440918,7.650000095367432,8.0,133640
2002-03-28 00:00:00+00:00,6.136472702026367,7.980000019073486,8.050000190734863,7.599999904632568,7.599999904632568,98865
2002-03-29 00:00:00+00:00,6.136472702026367,7.980000019073486,7.980000019073486,7.980000019073486,7.980000019073486,0
2002-04-01 00:00:00+00:00,6.2441301345825195,8.119999885559082,8.479999542236328,8.050000190734863,8.100000381469727,443960
2002-04-02 00:00:00+00:00,6.128782749176025,7.96999979019165,8.34000015258789,7.940000057220459,8.199999809265137,271265
2002-04-03 00:00:00+00:00,5.9288482666015625,7.710000038146973,8.050000190734863,7.650000095367432,7.989999771118164,99465
2002-04-04 00:00:00+00:00,6.144161701202393,7.989999771118164,8.0,7.710000038146973,7.78000020980835,136260
2002-04-05 00:00:00+00:00,6.190301418304443,8.050000190734863,8.100000381469727,7.900000095367432,8.079999923706055,93550
2002-04-08 00:00:00+00:00,6.182612419128418,8.039999961853027,8.1899995803833,8.0,8.0,88650
2002-04-09 00:00:00+00:00,6.021124362945557,7.829999923706055,8.0,7.75,8.0,63185
2002-04-10 00:00:00+00:00,5.9134674072265625,7.690000057220459,8.0,7.650000095367432,7.889999866485596,52270
2002-04-11 00:00:00+00:00,5.836569786071777,7.590000152587891,7.699999809265137,7.5,7.5,149550
2002-04-12 00:00:00+00:00,5.767360687255859,7.5,7.78000020980835,7.400000095367432,7.699999809265137,121480
2002-04-15 00:00:00+00:00,5.80580997467041,7.550000190734863,7.739999771118164,7.5,7.739999771118164,90700
2002-04-16 00:00:00+00:00,5.751981258392334,7.480000019073486,7.679999828338623,7.420000076293945,7.679999828338623,55750
2002-04-17 00:00:00+00:00,5.790431022644043,7.53000020980835,7.679999828338623,7.5,7.679999828338623,29925
2002-04-18 00:00:00+00:00,5.80580997467041,7.550000190734863,7.599999904632568,7.460000038146973,7.5,43400
2002-04-19 00:00:00+00:00,5.721222877502441,7.440000057220459,7.849999904632568,7.409999847412109,7.699999809265137,50625
2002-04-22 00:00:00+00:00,5.575117111206055,7.25,7.599999904632568,7.099999904632568,7.400000095367432,391325
2002-04-23 00:00:00+00:00,5.659703731536865,7.360000133514404,7.539999961853027,7.210000038146973,7.210000038146973,67265
2002-04-24 00:00:00+00:00,5.690462589263916,7.400000095367432,7.440000057220459,7.28000020980835,7.289999961853027,36985
2002-04-25 00:00:00+00:00,5.713531494140625,7.429999828338623,7.599999904632568,7.380000114440918,7.400000095367432,93305
2002-04-26 00:00:00+00:00,5.652013778686523,7.349999904632568,7.519999980926514,7.349999904632568,7.489999771118164,48710
2002-04-29 00:00:00+00:00,5.659703731536865,7.360000133514404,7.5,7.309999942779541,7.400000095367432,139900
2002-04-30 00:00:00+00:00,5.690462589263916,7.400000095367432,7.480000019073486,7.260000228881836,7.449999809265137,93750
2002-05-01 00:00:00+00:00,5.690462589263916,7.400000095367432,7.400000095367432,7.400000095367432,7.400000095367432,0
2002-05-02 00:00:00+00:00,6.121093273162842,7.960000038146973,8.0,7.489999771118164,7.489999771118164,895525
2002-05-03 00:00:00+00:00,6.228750228881836,8.100000381469727,8.390000343322754,8.0,8.300000190734863,887005
2002-05-06 00:00:00+00:00,6.39792537689209,8.319999694824219,8.420000076293945,8.119999885559082,8.260000228881836,675275
2002-05-07 00:00:00+00:00,6.2441301345825195,8.119999885559082,8.470000267028809,8.039999961853027,8.470000267028809,228945
2002-05-08 00:00:00+00:00,6.174921035766602,8.029999732971191,8.180000305175781,8.0,8.180000305175781,183995
2002-05-09 00:00:00+00:00,6.159542560577393,8.010000228881836,8.180000305175781,7.960000038146973,8.180000305175781,154585
2002-05-10 00:00:00+00:00,6.167232036590576,8.020000457763672,8.100000381469727,7.940000057220459,8.020000457763672,147900
2002-05-13 00:00:00+00:00,6.297957897186279,8.1899995803833,8.289999961853027,7.840000152587891,7.840000152587891,246930
2002-05-14 00:00:00+00:00,6.2595086097717285,8.140000343322754,8.399999618530273,8.029999732971191,8.289999961853027,192100
2002-05-15 00:00:00+00:00,6.03650426864624,7.849999904632568,8.199999809265137,7.820000171661377,8.1899995803833,168515
2002-05-16 00:00:00+00:00,5.990365982055664,7.789999961853027,7.889999866485596,7.75,7.800000190734863,95075
2002-05-17 00:00:00+00:00,5.982674598693848,7.78000020980835,7.920000076293945,7.510000228881836,7.900000095367432,176260
2002-05-20 00:00:00+00:00,5.552045822143555,7.21999979019165,7.650000095367432,7.199999809265137,7.610000133514404,156105
2002-05-21 00:00:00+00:00,5.113726615905762,6.650000095367432,7.039999961853027,6.599999904632568,7.0,150870
2002-05-22 00:00:00+00:00,5.2060041427612305,6.769999980926514,6.900000095367432,6.579999923706055,6.599999904632568,237925
2002-05-23 00:00:00+00:00,5.329041481018066,6.929999828338623,6.949999809265137,6.800000190734863,6.800000190734863,48980
2002-05-24 00:00:00+00:00,5.72891092300415,7.449999809265137,7.489999771118164,7.099999904632568,7.289999961853027,137580
2002-05-27 00:00:00+00:00,5.690462589263916,7.400000095367432,7.460000038146973,7.230000019073486,7.300000190734863,42885
2002-05-28 00:00:00+00:00,5.4828386306762695,7.130000114440918,7.340000152587891,7.099999904632568,7.099999904632568,49360
2002-05-29 00:00:00+00:00,5.536665916442871,7.199999809265137,7.300000190734863,7.130000114440918,7.300000190734863,58030
2002-05-30 00:00:00+00:00,5.559736251831055,7.230000019073486,7.380000114440918,7.210000038146973,7.360000133514404,32500
2002-05-31 00:00:00+00:00,5.521286964416504,7.179999828338623,7.599999904632568,7.03000020980835,7.599999904632568,37620
2002-06-03 00:00:00+00:00,5.644323348999023,7.340000152587891,7.449999809265137,7.25,7.449999809265137,25500
2002-06-04 00:00:00+00:00,5.690462589263916,7.400000095367432,7.420000076293945,7.349999904632568,7.420000076293945,38800
2002-06-05 00:00:00+00:00,5.844258785247803,7.599999904632568,7.690000057220459,7.420000076293945,7.590000152587891,173970
2002-06-06 00:00:00+00:00,5.759670257568359,7.489999771118164,7.769999980926514,7.46999979019165,7.650000095367432,78855
2002-06-07 00:00:00+00:00,5.8288798332214355,7.579999923706055,7.599999904632568,7.429999828338623,7.429999828338623,84180
2002-06-10 00:00:00+00:00,5.759670257568359,7.489999771118164,7.75,7.239999771118164,7.239999771118164,42020
2002-06-11 00:00:00+00:00,5.844258785247803,7.599999904632568,7.699999809265137,7.559999942779541,7.699999809265137,125245
2002-06-12 00:00:00+00:00,6.159542560577393,8.010000228881836,8.09000015258789,7.78000020980835,7.800000190734863,322405
2002-06-13 00:00:00+00:00,6.45944356918335,8.399999618530273,9.199999809265137,8.199999809265137,8.359999656677246,984015
2002-06-14 00:00:00+00:00,6.267197608947754,8.149999618530273,8.6899995803833,8.109999656677246,8.6899995803833,173015
2002-06-17 00:00:00+00:00,6.436376094818115,8.369999885559082,8.510000228881836,8.3100004196167,8.5,134835
2002-06-18 00:00:00+00:00,6.367166519165039,8.279999732971191,8.5,8.210000038146973,8.420000076293945,151630
2002-06-19 00:00:00+00:00,6.221059322357178,8.09000015258789,8.380000114440918,8.020000457763672,8.380000114440918,138530
2002-06-20 00:00:00+00:00,6.151850700378418,8.0,8.140000343322754,7.860000133514404,7.860000133514404,89545
2002-06-21 00:00:00+00:00,6.136472702026367,7.980000019073486,8.390000343322754,7.909999847412109,8.279999732971191,143395
2002-06-24 00:00:00+00:00,6.167232036590576,8.020000457763672,8.279999732971191,8.0,8.279999732971191,52570
2002-06-25 00:00:00+00:00,6.190301418304443,8.050000190734863,8.270000457763672,7.900000095367432,8.270000457763672,86290
2002-06-26 00:00:00+00:00,6.238853454589844,7.710000038146973,7.800000190734863,7.650000095367432,7.800000190734863,56410
2002-06-27 00:00:00+00:00,6.311679363250732,7.800000190734863,7.949999809265137,7.710000038146973,7.710000038146973,32860
2002-06-28 00:00:00+00:00,6.319770812988281,7.809999942779541,7.880000114440918,7.739999771118164,7.820000171661377,37175
2002-07-01 00:00:00+00:00,6.214576244354248,7.679999828338623,7.96999979019165,7.610000133514404,7.610000133514404,290210
2002-07-02 00:00:00+00:00,6.190300941467285,7.650000095367432,7.880000114440918,7.599999904632568,7.880000114440918,226820
2002-07-03 00:00:00+00:00,6.287403106689453,7.769999980926514,7.820000171661377,7.699999809265137,7.800000190734863,149540
2002-07-04 00:00:00+00:00,6.271219730377197,7.75,7.880000114440918,7.71999979019165,7.800000190734863,182560
2002-07-05 00:00:00+00:00,6.2793121337890625,7.760000228881836,8.020000457763672,7.739999771118164,8.020000457763672,359170
2002-07-08 00:00:00+00:00,6.392598628997803,7.900000095367432,8.119999885559082,7.880000114440918,7.900000095367432,468795
2002-07-09 00:00:00+00:00,6.667722225189209,8.239999771118164,8.4399995803833,8.039999961853027,8.15999984741211,1153980
2002-07-10 00:00:00+00:00,6.870020389556885,8.489999771118164,8.699999809265137,8.300000190734863,8.390000343322754,2185120
2002-07-11 00:00:00+00:00,6.47351598739624,8.0,8.699999809265137,7.78000020980835,8.510000228881836,4477235
2002-07-12 00:00:00+00:00,6.538250923156738,8.079999923706055,8.239999771118164,7.980000019073486,8.1899995803833,221290
2002-07-15 00:00:00+00:00,6.522068023681641,8.0600004196167,8.279999732971191,7.900000095367432,8.25,708730
2002-07-16 00:00:00+00:00,6.489701271057129,8.020000457763672,8.25,8.0,8.25,587925
2002-07-17 00:00:00+00:00,6.360230922698975,7.860000133514404,8.1899995803833,7.610000133514404,8.1899995803833,334505
2002-07-18 00:00:00+00:00,6.3845062255859375,7.889999866485596,8.600000381469727,7.829999923706055,8.600000381469727,242100
2002-07-19 00:00:00+00:00,6.400690078735352,7.909999847412109,8.130000114440918,7.610000133514404,8.130000114440918,152860
2002-07-22 00:00:00+00:00,6.198392391204834,7.659999847412109,8.130000114440918,7.630000114440918,8.130000114440918,246755
2002-07-23 00:00:00+00:00,5.939451694488525,7.340000152587891,7.699999809265137,7.210000038146973,7.210000038146973,512145
2002-07-24 00:00:00+00:00,5.907083988189697,7.300000190734863,7.400000095367432,7.260000228881836,7.340000152587891,176020
2002-07-25 00:00:00+00:00,5.907083988189697,7.300000190734863,7.559999942779541,7.269999980926514,7.559999942779541,171350
2002-07-26 00:00:00+00:00,5.72097110748291,7.070000171661377,7.300000190734863,7.039999961853027,7.300000190734863,254730
2002-07-29 00:00:00+00:00,5.575316429138184,6.889999866485596,7.25,6.699999809265137,7.099999904632568,292220
2002-07-30 00:00:00+00:00,5.559133052825928,6.869999885559082,7.099999904632568,6.820000171661377,7.079999923706055,190415
2002-07-31 00:00:00+00:00,5.518672943115234,6.820000171661377,6.96999979019165,6.630000114440918,6.710000038146973,336945
2002-08-01 00:00:00+00:00,5.583408832550049,6.900000095367432,7.599999904632568,6.829999923706055,6.980000019073486,255650
2002-08-02 00:00:00+00:00,5.745246410369873,7.099999904632568,7.150000095367432,6.769999980926514,6.800000190734863,231220
2002-08-05 00:00:00+00:00,5.664327144622803,7.0,8.399999618530273,6.960000038146973,8.399999618530273,235790
2002-08-06 00:00:00+00:00,5.664327144622803,7.0,7.5,6.960000038146973,7.5,130085
2002-08-07 00:00:00+00:00,5.631960391998291,6.960000038146973,7.090000152587891,6.900000095367432,6.900000095367432,170045
2002-08-08 00:00:00+00:00,5.64005184173584,6.96999979019165,7.570000171661377,6.900000095367432,7.190000057220459,318920
2002-08-09 00:00:00+00:00,5.696694850921631,7.039999961853027,7.340000152587891,6.920000076293945,7.340000152587891,352335
2002-08-12 00:00:00+00:00,5.656235694885254,6.989999771118164,7.289999961853027,6.949999809265137,7.289999961853027,147190
2002-08-13 00:00:00+00:00,5.664327144622803,7.0,7.289999961853027,6.960000038146973,7.289999961853027,57470
2002-08-14 00:00:00+00:00,5.672419548034668,7.010000228881836,7.300000190734863,6.960000038146973,7.289999961853027,73855
2002-08-15 00:00:00+00:00,5.672419548034668,7.010000228881836,7.010000228881836,7.010000228881836,7.010000228881836,0
2002-08-16 00:00:00+00:00,5.664327144622803,7.0,7.179999828338623,6.960000038146973,7.179999828338623,282675
2002-08-19 00:00:00+00:00,5.615776062011719,6.940000057220459,7.300000190734863,6.929999828338623,7.300000190734863,116655
2002-08-20 00:00:00+00:00,5.672419548034668,7.010000228881836,7.289999961853027,6.940000057220459,7.289999961853027,71505
2002-08-21 00:00:00+00:00,5.64005184173584,6.96999979019165,7.25,6.949999809265137,7.25,129365
2002-08-22 00:00:00+00:00,5.72097110748291,7.070000171661377,7.159999847412109,7.010000228881836,7.159999847412109,105110
2002-08-23 00:00:00+00:00,5.745246410369873,7.099999904632568,7.150000095367432,7.019999980926514,7.139999866485596,93790
2002-08-26 00:00:00+00:00,5.8747172355651855,7.260000228881836,7.300000190734863,7.099999904632568,7.179999828338623,159165
2002-08-27 00:00:00+00:00,5.882807731628418,7.269999980926514,7.849999904632568,7.199999809265137,7.579999923706055,800330
2002-08-28 00:00:00+00:00,5.793797492980957,7.159999847412109,7.369999885559082,7.130000114440918,7.28000020980835,432280
2002-08-29 00:00:00+00:00,5.664327144622803,7.0,7.320000171661377,7.0,7.320000171661377,372085
2002-08-30 00:00:00+00:00,5.672419548034668,7.010000228881836,7.190000057220459,7.0,7.190000057220459,131190
2002-09-02 00:00:00+00:00,5.753338813781738,7.110000133514404,7.300000190734863,7.070000171661377,7.300000190734863,204435
2002-09-03 00:00:00+00:00,5.866625785827637,7.25,7.300000190734863,7.039999961853027,7.269999980926514,272875
2002-09-04 00:00:00+00:00,5.842348575592041,7.21999979019165,7.289999961853027,7.010000228881836,7.010000228881836,164315
2002-09-05 00:00:00+00:00,5.842348575592041,7.21999979019165,7.289999961853027,7.159999847412109,7.289999961853027,121575
2002-09-06 00:00:00+00:00,5.785705089569092,7.150000095367432,7.400000095367432,7.099999904632568,7.400000095367432,197700
2002-09-09 00:00:00+00:00,5.769522666931152,7.130000114440918,7.360000133514404,7.050000190734863,7.360000133514404,75830
2002-09-10 00:00:00+00:00,5.769522666931152,7.130000114440918,7.130000114440918,7.130000114440918,7.130000114440918,0
2002-09-11 00:00:00+00:00,5.785705089569092,7.150000095367432,7.289999961853027,7.099999904632568,7.289999961853027,103590
2002-09-12 00:00:00+00:00,5.809981346130371,7.179999828338623,7.260000228881836,7.159999847412109,7.199999809265137,143620
2002-09-13 00:00:00+00:00,5.785705089569092,7.150000095367432,7.199999809265137,7.119999885559082,7.199999809265137,84215
2002-09-16 00:00:00+00:00,5.664327144622803,7.0,7.190000057220459,7.0,7.039999961853027,242990
2002-09-17 00:00:00+00:00,5.680510520935059,7.019999980926514,7.090000152587891,7.0,7.090000152587891,89610
2002-09-18 00:00:00+00:00,5.664327144622803,7.0,7.179999828338623,7.0,7.179999828338623,131730
2002-09-19 00:00:00+00:00,5.680510520935059,7.019999980926514,7.150000095367432,7.0,7.150000095367432,261460
2002-09-20 00:00:00+00:00,5.729063034057617,7.079999923706055,7.099999904632568,6.809999942779541,7.0,354580
2002-09-23 00:00:00+00:00,5.712878704071045,7.059999942779541,7.239999771118164,7.0,7.239999771118164,384450
2002-09-24 00:00:00+00:00,5.745246410369873,7.099999904632568,7.25,7.03000020980835,7.199999809265137,256480
2002-09-25 00:00:00+00:00,5.688601970672607,7.03000020980835,7.079999923706055,7.010000228881836,7.079999923706055,66750
2002-09-26 00:00:00+00:00,5.704787731170654,7.050000190734863,7.079999923706055,7.03000020980835,7.03000020980835,132015
2002-09-27 00:00:00+00:00,5.842348575592041,7.21999979019165,7.239999771118164,7.059999942779541,7.099999904632568,144790
2002-09-30 00:00:00+00:00,5.947544097900391,7.349999904632568,7.5,7.199999809265137,7.199999809265137,223875
2002-10-01 00:00:00+00:00,5.8747172355651855,7.260000228881836,7.369999885559082,7.199999809265137,7.369999885559082,72935
2002-10-02 00:00:00+00:00,5.8747172355651855,7.260000228881836,7.260000228881836,7.260000228881836,7.260000228881836,0
2002-10-03 00:00:00+00:00,5.8504414558410645,7.230000019073486,7.489999771118164,7.190000057220459,7.489999771118164,70725
2002-10-04 00:00:00+00:00,5.834257125854492,7.210000038146973,7.389999866485596,7.190000057220459,7.389999866485596,82385
2002-10-07 00:00:00+00:00,5.818073749542236,7.190000057220459,7.489999771118164,7.190000057220459,7.489999771118164,225100
2002-10-08 00:00:00+00:00,5.8504414558410645,7.230000019073486,7.389999866485596,7.190000057220459,7.389999866485596,64075
2002-10-09 00:00:00+00:00,5.834257125854492,7.210000038146973,7.289999961853027,7.150000095367432,7.239999771118164,113270
2002-10-10 00:00:00+00:00,5.834257125854492,7.210000038146973,7.239999771118164,7.190000057220459,7.199999809265137,84505
2002-10-11 00:00:00+00:00,5.834257125854492,7.210000038146973,7.260000228881836,7.210000038146973,7.210000038146973,61840
2002-10-14 00:00:00+00:00,5.826164722442627,7.199999809265137,7.300000190734863,7.199999809265137,7.300000190734863,62225
2002-10-15 00:00:00+00:00,5.826164722442627,7.199999809265137,7.199999809265137,7.199999809265137,7.199999809265137,0
2002-10-16 00:00:00+00:00,5.826164722442627,7.199999809265137,7.400000095367432,7.190000057220459,7.400000095367432,360475
2002-10-17 00:00:00+00:00,5.826164722442627,7.199999809265137,7.25,7.190000057220459,7.25,52560
2002-10-18 00:00:00+00:00,5.842348575592041,7.21999979019165,7.599999904632568,7.190000057220459,7.599999904632568,181740
2002-10-21 00:00:00+00:00,5.834257125854492,7.210000038146973,7.400000095367432,7.179999828338623,7.400000095367432,140265
2002-10-22 00:00:00+00:00,5.826164722442627,7.199999809265137,7.489999771118164,7.190000057220459,7.489999771118164,174755
2002-10-23 00:00:00+00:00,5.8504414558410645,7.230000019073486,8.0,7.190000057220459,8.0,235930
2002-10-24 00:00:00+00:00,6.125566482543945,7.570000171661377,7.650000095367432,7.269999980926514,7.460000038146973,1031580
2002-10-25 00:00:00+00:00,5.858532905578613,7.239999771118164,7.670000076293945,7.199999809265137,7.670000076293945,437645
2002-10-28 00:00:00+00:00,5.834257125854492,7.210000038146973,7.400000095367432,7.190000057220459,7.400000095367432,135605
2002-10-29 00:00:00+00:00,5.882807731628418,7.269999980926514,7.389999866485596,7.210000038146973,7.389999866485596,157055
2002-10-30 00:00:00+00:00,5.9151763916015625,7.309999942779541,7.360000133514404,7.230000019073486,7.360000133514404,100425
2002-10-31 00:00:00+00:00,5.842348575592041,7.21999979019165,7.599999904632568,7.199999809265137,7.599999904632568,180555
2002-11-01 00:00:00+00:00,5.842348575592041,7.21999979019165,7.320000171661377,7.170000076293945,7.170000076293945,112255
2002-11-04 00:00:00+00:00,5.842348575592041,7.21999979019165,7.28000020980835,7.199999809265137,7.210000038146973,72625
2002-11-05 00:00:00+00:00,5.907083988189697,7.300000190734863,7.400000095367432,7.21999979019165,7.400000095367432,269205
2002-11-06 00:00:00+00:00,5.907083988189697,7.300000190734863,7.300000190734863,7.300000190734863,7.300000190734863,0
2002-11-07 00:00:00+00:00,5.858532905578613,7.239999771118164,7.599999904632568,7.230000019073486,7.599999904632568,156555
2002-11-08 00:00:00+00:00,5.9151763916015625,7.309999942779541,7.400000095367432,7.230000019073486,7.400000095367432,80725
2002-11-11 00:00:00+00:00,5.947544097900391,7.349999904632568,7.599999904632568,7.28000020980835,7.599999904632568,143115
2002-11-12 00:00:00+00:00,5.890900611877441,7.28000020980835,7.5,7.239999771118164,7.5,76820
2002-11-13 00:00:00+00:00,5.866625785827637,7.25,7.489999771118164,7.210000038146973,7.489999771118164,56765
2002-11-14 00:00:00+00:00,5.858532905578613,7.239999771118164,7.489999771118164,7.21999979019165,7.489999771118164,133185
2002-11-15 00:00:00+00:00,5.8504414558410645,7.230000019073486,7.389999866485596,7.110000133514404,7.110000133514404,362730
2002-11-18 00:00:00+00:00,5.890900611877441,7.28000020980835,8.0,7.21999979019165,8.0,134510
2002-11-19 00:00:00+00:00,5.890900611877441,7.28000020980835,7.28000020980835,7.28000020980835,7.28000020980835,0
2002-11-20 00:00:00+00:00,5.9232683181762695,7.320000171661377,7.599999904632568,7.28000020980835,7.599999904632568,100265
2002-11-21 00:00:00+00:00,6.012278079986572,7.429999828338623,7.590000152587891,7.320000171661377,7.590000152587891,179565
2002-11-22 00:00:00+00:00,6.101290702819824,7.539999961853027,7.679999828338623,7.340000152587891,7.489999771118164,300075
2002-11-25 00:00:00+00:00,6.157933235168457,7.610000133514404,7.690000057220459,7.539999961853027,7.539999961853027,385730
2002-11-26 00:00:00+00:00,6.3278632164001465,7.820000171661377,8.100000381469727,7.71999979019165,7.78000020980835,795475
2002-11-27 00:00:00+00:00,6.319770812988281,7.809999942779541,7.980000019073486,7.800000190734863,7.940000057220459,479600
2002-11-28 00:00:00+00:00,6.263127326965332,7.739999771118164,7.960000038146973,7.699999809265137,7.800000190734863,216875
2002-11-29 00:00:00+00:00,6.214576244354248,7.679999828338623,7.900000095367432,7.610000133514404,7.900000095367432,166345
2002-12-02 00:00:00+00:00,6.295494556427002,7.78000020980835,7.880000114440918,7.690000057220459,7.789999961853027,281325
2002-12-03 00:00:00+00:00,6.198392391204834,7.659999847412109,8.0,7.619999885559082,8.0,214560
2002-12-04 00:00:00+00:00,6.1660261154174805,7.619999885559082,7.980000019073486,7.539999961853027,7.980000019073486,158110
2002-12-05 00:00:00+00:00,6.1660261154174805,7.619999885559082,7.860000133514404,7.599999904632568,7.860000133514404,260910
2002-12-06 00:00:00+00:00,6.376413345336914,7.880000114440918,8.020000457763672,7.739999771118164,8.0,925630
2002-12-09 00:00:00+00:00,6.376413345336914,7.880000114440918,8.25,7.079999923706055,7.139999866485596,853635
2002-12-10 00:00:00+00:00,6.287403106689453,7.769999980926514,7.880000114440918,7.699999809265137,7.71999979019165,217000
2002-12-11 00:00:00+00:00,7.00758171081543,8.65999984741211,9.0,7.71999979019165,7.820000171661377,5381660
2002-12-12 00:00:00+00:00,7.072317600250244,8.739999771118164,9.029999732971191,8.600000381469727,9.0,3233110
2002-12-13 00:00:00+00:00,7.19369649887085,8.890000343322754,9.100000381469727,8.770000457763672,9.100000381469727,1384970
2002-12-16 00:00:00+00:00,7.137052059173584,8.819999694824219,9.600000381469727,8.399999618530273,9.600000381469727,1432130
2002-12-17 00:00:00+00:00,7.072317600250244,8.739999771118164,8.960000038146973,8.449999809265137,8.960000038146973,876610
2002-12-18 00:00:00+00:00,7.347442626953125,9.079999923706055,9.15999984741211,8.819999694824219,9.0,1875265
2002-12-19 00:00:00+00:00,7.088501930236816,8.760000228881836,9.180000305175781,8.649999618530273,9.180000305175781,928870
2002-12-20 00:00:00+00:00,7.088501930236816,8.760000228881836,8.930000305175781,8.640000343322754,8.930000305175781,435040
2002-12-23 00:00:00+00:00,6.991397380828857,8.640000343322754,9.1899995803833,8.539999961853027,9.1899995803833,483655
2002-12-24 00:00:00+00:00,7.048042297363281,8.710000038146973,8.800000190734863,8.520000457763672,8.800000190734863,639930
2002-12-25 00:00:00+00:00,7.048042297363281,8.710000038146973,8.710000038146973,8.710000038146973,8.710000038146973,0
2002-12-26 00:00:00+00:00,7.023766040802002,8.680000305175781,9.180000305175781,8.609999656677246,8.899999618530273,811885
2002-12-27 00:00:00+00:00,7.112776756286621,8.789999961853027,9.0,8.729999542236328,8.890000343322754,961925
2002-12-30 00:00:00+00:00,7.056133270263672,8.720000267028809,8.84000015258789,8.029999732971191,8.220000267028809,554080
2002-12-31 00:00:00+00:00,7.217971324920654,8.920000076293945,9.069999694824219,8.699999809265137,8.880000114440918,747925
2003-01-01 00:00:00+00:00,7.056133270263672,8.720000267028809,8.970000267028809,8.649999618530273,8.960000038146973,433795
2003-01-02 00:00:00+00:00,6.950939178466797,8.59000015258789,8.890000343322754,8.539999961853027,8.890000343322754,300765
2003-01-03 00:00:00+00:00,6.805285930633545,8.40999984741211,8.680000305175781,8.300000190734863,8.550000190734863,347505
2003-01-06 00:00:00+00:00,6.797192096710205,8.399999618530273,8.5,8.34000015258789,8.489999771118164,316715
2003-01-07 00:00:00+00:00,6.805285930633545,8.40999984741211,8.550000190734863,8.3100004196167,8.399999618530273,279785
2003-01-08 00:00:00+00:00,6.942846298217773,8.579999923706055,8.65999984741211,8.40999984741211,8.479999542236328,195485
2003-01-09 00:00:00+00:00,6.9994893074035645,8.649999618530273,8.739999771118164,8.539999961853027,8.539999961853027,311080
2003-01-10 00:00:00+00:00,7.177511692047119,8.869999885559082,9.100000381469727,8.649999618530273,9.0,1250035
2003-01-13 00:00:00+00:00,7.177511692047119,8.869999885559082,9.100000381469727,8.829999923706055,8.899999618530273,813270
2003-01-14 00:00:00+00:00,7.153235912322998,8.84000015258789,8.979999542236328,8.760000228881836,8.979999542236328,422480
2003-01-15 00:00:00+00:00,7.290798187255859,9.010000228881836,9.09000015258789,8.859999656677246,8.899999618530273,708740
2003-01-16 00:00:00+00:00,7.476912498474121,9.239999771118164,9.5600004196167,9.079999923706055,9.09000015258789,3551330
2003-01-17 00:00:00+00:00,7.217971324920654,8.920000076293945,9.449999809265137,8.880000114440918,9.449999809265137,1358545
2003-01-20 00:00:00+00:00,7.250339031219482,8.960000038146973,9.0600004196167,8.850000381469727,8.989999771118164,677850
2003-01-21 00:00:00+00:00,7.452635288238525,9.210000038146973,9.680000305175781,8.890000343322754,9.680000305175781,1069530
2003-01-22 00:00:00+00:00,7.371716022491455,9.109999656677246,9.399999618530273,9.050000190734863,9.399999618530273,993990
2003-01-23 00:00:00+00:00,7.557831764221191,9.34000015258789,9.5,9.0,9.289999961853027,1312215
2003-01-24 00:00:00+00:00,7.209878921508789,8.90999984741211,9.489999771118164,8.869999885559082,9.489999771118164,662865
2003-01-27 00:00:00+00:00,6.8619279861450195,8.479999542236328,10.0,8.4399995803833,10.0,479050
2003-01-28 00:00:00+00:00,6.950939178466797,8.59000015258789,8.979999542236328,8.34000015258789,8.979999542236328,323090
2003-01-29 00:00:00+00:00,6.8538360595703125,8.470000267028809,10.0,8.40999984741211,10.0,276535
2003-01-30 00:00:00+00:00,6.748641490936279,8.34000015258789,8.880000114440918,8.210000038146973,8.880000114440918,229220
2003-01-31 00:00:00+00:00,6.772918224334717,8.369999885559082,8.800000190734863,8.239999771118164,8.800000190734863,261685
2003-02-03 00:00:00+00:00,6.805285930633545,8.40999984741211,8.890000343322754,8.300000190734863,8.890000343322754,243005
2003-02-04 00:00:00+00:00,6.821470260620117,8.430000305175781,8.829999923706055,8.390000343322754,8.829999923706055,294400
2003-02-05 00:00:00+00:00,6.772918224334717,8.369999885559082,8.789999961853027,8.3100004196167,8.789999961853027,124835
2003-02-06 00:00:00+00:00,6.9023871421813965,8.529999732971191,8.789999961853027,8.3100004196167,8.789999961853027,209960
2003-02-07 00:00:00+00:00,6.870020389556885,8.489999771118164,8.680000305175781,8.430000305175781,8.680000305175781,235440
2003-02-10 00:00:00+00:00,6.781008720397949,8.380000114440918,8.6899995803833,8.350000381469727,8.6899995803833,207180
2003-02-11 00:00:00+00:00,6.643446922302246,8.210000038146973,8.390000343322754,8.180000305175781,8.239999771118164,195365
2003-02-12 00:00:00+00:00,6.5948944091796875,8.149999618530273,8.399999618530273,8.050000190734863,8.399999618530273,165865
2003-02-13 00:00:00+00:00,6.5948944091796875,8.149999618530273,8.149999618530273,8.149999618530273,8.149999618530273,0
2003-02-14 00:00:00+00:00,6.376413345336914,7.880000114440918,8.600000381469727,7.840000152587891,8.600000381469727,145100
2003-02-17 00:00:00+00:00,6.635354518890381,8.199999809265137,8.579999923706055,8.010000228881836,8.579999923706055,191005
2003-02-18 00:00:00+00:00,7.064224720001221,8.729999542236328,9.800000190734863,8.170000076293945,9.800000190734863,1004995
2003-02-19 00:00:00+00:00,6.991397380828857,8.640000343322754,8.850000381469727,8.5,8.850000381469727,370935
2003-02-20 00:00:00+00:00,7.153235912322998,8.84000015258789,9.0,8.739999771118164,8.789999961853027,780200
2003-02-21 00:00:00+00:00,7.088501930236816,8.760000228881836,9.489999771118164,8.670000076293945,9.489999771118164,378710
2003-02-24 00:00:00+00:00,7.242247581481934,8.949999809265137,10.0,8.850000381469727,10.0,713760
2003-02-25 00:00:00+00:00,7.072317600250244,8.739999771118164,9.399999618530273,8.609999656677246,9.399999618530273,400445
2003-02-26 00:00:00+00:00,6.910478591918945,8.539999961853027,10.0,8.5,10.0,252360
2003-02-27 00:00:00+00:00,6.959029674530029,8.600000381469727,8.75,8.489999771118164,8.75,221585
2003-02-28 00:00:00+00:00,6.959029674530029,8.600000381469727,8.84000015258789,8.5,8.760000228881836,568920
2003-03-03 00:00:00+00:00,7.153235912322998,8.84000015258789,8.979999542236328,8.640000343322754,8.640000343322754,1891780
2003-03-04 00:00:00+00:00,6.926663875579834,8.5600004196167,8.739999771118164,8.529999732971191,8.739999771118164,426530
2003-03-05 00:00:00+00:00,6.797192096710205,8.399999618530273,8.899999618530273,8.359999656677246,8.899999618530273,214915
2003-03-06 00:00:00+00:00,6.740549564361572,8.329999923706055,8.670000076293945,8.300000190734863,8.670000076293945,197185
2003-03-07 00:00:00+00:00,6.562527656555176,8.109999656677246,8.270000457763672,8.050000190734863,8.260000228881836,247710
2003-03-10 00:00:00+00:00,6.319770812988281,7.809999942779541,8.149999618530273,7.789999961853027,8.149999618530273,214635
2003-03-11 00:00:00+00:00,6.457333564758301,7.980000019073486,8.0,7.619999885559082,7.760000228881836,258900
2003-03-12 00:00:00+00:00,6.416872978210449,7.929999828338623,8.170000076293945,7.909999847412109,8.15999984741211,192620
2003-03-13 00:00:00+00:00,6.344047546386719,7.840000152587891,8.069999694824219,7.699999809265137,8.050000190734863,171065
2003-03-14 00:00:00+00:00,6.344047546386719,7.840000152587891,7.840000152587891,7.840000152587891,7.840000152587891,0
2003-03-17 00:00:00+00:00,6.611079216003418,8.170000076293945,8.229999542236328,7.699999809265137,7.800000190734863,323235
2003-03-18 00:00:00+00:00,6.611079216003418,8.170000076293945,8.170000076293945,8.170000076293945,8.170000076293945,0
2003-03-19 00:00:00+00:00,6.47351598739624,8.0,9.0,7.940000057220459,9.0,386160
2003-03-20 00:00:00+00:00,6.554436206817627,8.100000381469727,9.0,7.869999885559082,9.0,286620
2003-03-21 00:00:00+00:00,6.578711986541748,8.130000114440918,8.640000343322754,8.09000015258789,8.640000343322754,217050
2003-03-24 00:00:00+00:00,6.449241638183594,7.96999979019165,9.0,7.940000057220459,9.0,264340
2003-03-25 00:00:00+00:00,6.416872978210449,7.929999828338623,8.1899995803833,7.809999942779541,8.1899995803833,123070
2003-03-26 00:00:00+00:00,6.416872978210449,7.929999828338623,8.390000343322754,7.909999847412109,8.390000343322754,128285
2003-03-27 00:00:00+00:00,6.400690078735352,7.909999847412109,8.199999809265137,7.829999923706055,8.199999809265137,66500
2003-03-28 00:00:00+00:00,6.489701271057129,8.020000457763672,8.109999656677246,7.920000076293945,7.920000076293945,192405
2003-03-31 00:00:00+00:00,6.360230922698975,7.860000133514404,8.079999923706055,7.820000171661377,8.020000457763672,146270
2003-04-01 00:00:00+00:00,6.457333564758301,7.980000019073486,8.09000015258789,7.900000095367432,7.900000095367432,92175
2003-04-02 00:00:00+00:00,6.47351598739624,8.0,8.170000076293945,7.960000038146973,8.0,761420
2003-04-03 00:00:00+00:00,6.441150188446045,7.960000038146973,8.149999618530273,7.949999809265137,8.0,187140
2003-04-04 00:00:00+00:00,6.5463433265686035,8.09000015258789,8.15999984741211,7.949999809265137,8.0,336855
2003-04-07 00:00:00+00:00,6.683906078338623,8.260000228881836,8.4399995803833,8.130000114440918,8.180000305175781,512285
2003-04-08 00:00:00+00:00,6.9994893074035645,8.649999618530273,8.699999809265137,8.399999618530273,8.609999656677246,808280
2003-04-09 00:00:00+00:00,7.031858921051025,8.6899995803833,9.399999618530273,8.649999618530273,9.399999618530273,1853255
2003-04-10 00:00:00+00:00,6.910478591918945,8.539999961853027,8.789999961853027,8.479999542236328,8.789999961853027,394705
2003-04-11 00:00:00+00:00,6.764824867248535,8.359999656677246,9.399999618530273,8.3100004196167,9.399999618530273,241450
2003-04-15 00:00:00+00:00,6.926663875579834,8.5600004196167,9.399999618530273,8.319999694824219,9.399999618530273,241965
2003-04-16 00:00:00+00:00,6.950939178466797,8.59000015258789,8.670000076293945,8.3100004196167,8.3100004196167,159170
2003-04-17 00:00:00+00:00,6.837651252746582,8.449999809265137,9.0,8.399999618530273,9.0,184615
2003-04-18 00:00:00+00:00,6.837651252746582,8.449999809265137,8.449999809265137,8.449999809265137,8.449999809265137,0
2003-04-21 00:00:00+00:00,7.128961563110352,8.8100004196167,8.850000381469727,8.460000038146973,8.569999694824219,409745
2003-04-22 00:00:00+00:00,7.00758171081543,8.65999984741211,8.899999618530273,8.600000381469727,8.789999961853027,765390
2003-04-23 00:00:00+00:00,7.112776756286621,8.789999961853027,10.0,8.720000267028809,10.0,1039755
2003-04-24 00:00:00+00:00,7.1046857833862305,8.779999732971191,8.979999542236328,8.600000381469727,8.979999542236328,238610
2003-04-25 00:00:00+00:00,7.145144462585449,8.829999923706055,8.949999809265137,8.720000267028809,8.880000114440918,592250
2003-04-28 00:00:00+00:00,7.250339031219482,8.960000038146973,9.1899995803833,8.920000076293945,9.100000381469727,1277570
2003-04-29 00:00:00+00:00,7.137052059173584,8.819999694824219,9.59000015258789,8.34000015258789,9.59000015258789,724200
2003-04-30 00:00:00+00:00,7.169421195983887,8.859999656677246,9.399999618530273,8.800000190734863,9.399999618530273,674550
2003-05-01 00:00:00+00:00,7.169421195983887,8.859999656677246,8.859999656677246,8.859999656677246,8.859999656677246,0
2003-05-02 00:00:00+00:00,7.541646957397461,9.319999694824219,9.399999618530273,8.880000114440918,9.1899995803833,1091070
2003-05-05 00:00:00+00:00,7.509280204772949,9.279999732971191,9.65999984741211,9.229999542236328,9.579999923706055,1416000
2003-05-06 00:00:00+00:00,7.598288059234619,9.390000343322754,9.600000381469727,9.279999732971191,9.600000381469727,2027665
2003-05-07 00:00:00+00:00,7.2584309577941895,8.970000267028809,9.800000190734863,8.800000190734863,9.800000190734863,1717090
2003-05-08 00:00:00+00:00,7.234154224395752,8.9399995803833,9.050000190734863,8.869999885559082,8.869999885559082,2857050
2003-05-09 00:00:00+00:00,7.250339031219482,8.960000038146973,9.5,8.850000381469727,9.5,365975
2003-05-12 00:00:00+00:00,7.412177562713623,9.15999984741211,9.199999809265137,8.90999984741211,8.920000076293945,784975
2003-05-13 00:00:00+00:00,7.5011887550354,9.270000457763672,9.399999618530273,9.100000381469727,9.100000381469727,802670
2003-05-14 00:00:00+00:00,7.363626480102539,9.100000381469727,9.380000114440918,9.0,9.210000038146973,632930
2003-05-15 00:00:00+00:00,7.549738883972168,9.329999923706055,9.380000114440918,9.069999694824219,9.149999618530273,1000405
2003-05-16 00:00:00+00:00,7.420269966125488,9.170000076293945,9.399999618530273,9.119999885559082,9.399999618530273,628000
2003-05-19 00:00:00+00:00,7.444546222686768,9.199999809265137,9.3100004196167,9.010000228881836,9.300000190734863,633260
2003-05-20 00:00:00+00:00,7.363626480102539,9.100000381469727,9.260000228881836,9.010000228881836,9.260000228881836,395505
2003-05-21 00:00:00+00:00,7.38790225982666,9.130000114440918,9.25,9.100000381469727,9.149999618530273,417200
2003-05-22 00:00:00+00:00,7.3798089027404785,9.119999885559082,9.1899995803833,9.0,9.020000457763672,399800
2003-05-23 00:00:00+00:00,7.557831764221191,9.34000015258789,9.399999618530273,9.180000305175781,9.180000305175781,799000
2003-05-26 00:00:00+00:00,8.156631469726562,10.079999923706055,10.1899995803833,9.199999809265137,9.4399995803833,3228300
2003-05-27 00:00:00+00:00,8.391297340393066,10.369999885559082,10.949999809265137,10.210000038146973,10.359999656677246,3861155
2003-05-28 00:00:00+00:00,8.504583358764648,10.510000228881836,10.600000381469727,10.100000381469727,10.5,1782205
2003-05-29 00:00:00+00:00,8.48840045928955,10.489999771118164,10.800000190734863,10.329999923706055,10.699999809265137,2507240
2003-05-30 00:00:00+00:00,8.46412467956543,10.460000038146973,10.890000343322754,10.260000228881836,10.600000381469727,2196295
2003-06-02 00:00:00+00:00,8.116172790527344,10.029999732971191,10.369999885559082,9.600000381469727,10.010000228881836,1376295
2003-06-03 00:00:00+00:00,8.197091102600098,10.130000114440918,10.34000015258789,10.0,10.0,954175
2003-06-04 00:00:00+00:00,8.253734588623047,10.199999809265137,10.430000305175781,10.149999618530273,10.300000190734863,778260
2003-06-05 00:00:00+00:00,8.019067764282227,9.90999984741211,10.399999618530273,9.8100004196167,10.260000228881836,961405
2003-06-06 00:00:00+00:00,8.197091102600098,10.130000114440918,10.1899995803833,9.930000305175781,10.1899995803833,788620
2003-06-09 00:00:00+00:00,8.391655921936035,9.920000076293945,9.989999771118164,9.600000381469727,9.949999809265137,637055
2003-06-10 00:00:00+00:00,8.755406379699707,10.350000381469727,10.850000381469727,9.619999885559082,9.649999618530273,3714910
2003-06-11 00:00:00+00:00,8.77232551574707,10.369999885559082,11.140000343322754,10.0,10.0,2543695
2003-06-12 00:00:00+00:00,9.161453247070312,10.829999923706055,10.920000076293945,10.399999618530273,10.579999923706055,2858390
2003-06-13 00:00:00+00:00,8.966891288757324,10.600000381469727,11.149999618530273,10.539999961853027,10.920000076293945,2082460
2003-06-16 00:00:00+00:00,8.72156810760498,10.3100004196167,10.65999984741211,10.25,10.59000015258789,803055
2003-06-17 00:00:00+00:00,8.78078556060791,10.380000114440918,10.4399995803833,10.050000190734863,10.3100004196167,1024340
2003-06-18 00:00:00+00:00,8.628517150878906,10.199999809265137,10.479999542236328,10.140000343322754,10.399999618530273,624595
2003-06-19 00:00:00+00:00,8.594679832458496,10.15999984741211,10.979999542236328,10.100000381469727,10.979999542236328,594450
2003-06-20 00:00:00+00:00,8.611598014831543,10.180000305175781,10.380000114440918,10.119999885559082,10.300000190734863,434040
2003-06-23 00:00:00+00:00,8.374735832214355,9.899999618530273,10.350000381469727,9.800000190734863,10.350000381469727,656080
2003-06-24 00:00:00+00:00,8.281683921813965,9.789999961853027,9.920000076293945,9.720000267028809,9.800000190734863,357510
2003-06-25 00:00:00+00:00,8.417034149169922,9.949999809265137,10.34000015258789,9.899999618530273,9.899999618530273,779690
2003-06-26 00:00:00+00:00,8.374735832214355,9.899999618530273,10.390000343322754,9.819999694824219,10.390000343322754,663310
2003-06-27 00:00:00+00:00,8.256305694580078,9.760000228881836,9.989999771118164,9.729999542236328,9.989999771118164,493835
2003-06-30 00:00:00+00:00,8.239387512207031,9.739999771118164,9.979999542236328,9.710000038146973,9.739999771118164,551625
2003-07-01 00:00:00+00:00,8.197091102600098,9.6899995803833,9.979999542236328,9.619999885559082,9.9399995803833,465070
2003-07-02 00:00:00+00:00,8.146334648132324,9.630000114440918,9.880000114440918,9.600000381469727,9.800000190734863,649255
2003-07-03 00:00:00+00:00,9.778985023498535,11.5600004196167,11.5600004196167,9.65999984741211,9.699999809265137,5637970
2003-07-04 00:00:00+00:00,9.161453247070312,10.829999923706055,11.979999542236328,10.710000038146973,11.979999542236328,5544570
2003-07-07 00:00:00+00:00,10.87869930267334,12.859999656677246,13.0,10.920000076293945,12.199999809265137,13238210
2003-07-08 00:00:00+00:00,10.777188301086426,12.739999771118164,13.899999618530273,12.550000190734863,13.149999618530273,11506405
2003-07-09 00:00:00+00:00,10.396515846252441,12.289999961853027,14.0,12.020000457763672,14.0,3533290
2003-07-10 00:00:00+00:00,10.8702392578125,12.850000381469727,13.449999809265137,12.399999618530273,12.449999809265137,4790775
2003-07-11 00:00:00+00:00,11.014046669006348,13.020000457763672,13.5600004196167,12.5,13.050000190734863,4682755
2003-07-14 00:00:00+00:00,12.680537223815918,14.989999771118164,15.350000381469727,13.619999885559082,15.350000381469727,10840415
2003-07-15 00:00:00+00:00,12.308326721191406,14.550000190734863,15.399999618530273,14.15999984741211,15.399999618530273,7108710
2003-07-16 00:00:00+00:00,12.570563316345215,14.859999656677246,14.970000267028809,14.359999656677246,14.6899995803833,5050860
2003-07-17 00:00:00+00:00,12.435214042663574,14.699999809265137,15.800000190734863,14.460000038146973,14.9399995803833,6010565
2003-07-18 00:00:00+00:00,12.688995361328125,15.0,15.199999809265137,14.319999694824219,14.800000190734863,4722795
2003-07-21 00:00:00+00:00,12.595942497253418,14.890000343322754,15.460000038146973,14.779999732971191,15.199999809265137,3463950
2003-07-22 00:00:00+00:00,12.367538452148438,14.619999885559082,15.09000015258789,14.5,14.979999542236328,3669630
2003-07-23 00:00:00+00:00,12.426756858825684,14.6899995803833,14.84000015258789,14.399999618530273,14.649999618530273,2886590
2003-07-24 00:00:00+00:00,12.418294906616211,14.680000305175781,15.0,14.609999656677246,14.890000343322754,1847265
2003-07-25 00:00:00+00:00,13.247309684753418,15.65999984741211,15.979999542236328,14.510000228881836,14.510000228881836,9762340
2003-07-28 00:00:00+00:00,12.807427406311035,15.140000343322754,15.979999542236328,15.020000457763672,15.960000038146973,2724700
2003-07-29 00:00:00+00:00,13.687193870544434,16.18000030517578,16.479999542236328,14.869999885559082,15.220000267028809,5021865
2003-07-30 00:00:00+00:00,13.80562686920166,16.31999969482422,16.760000228881836,16.100000381469727,16.399999618530273,4947290
2003-07-31 00:00:00+00:00,13.594144821166992,16.06999969482422,16.559999465942383,16.0,16.540000915527344,2591425
2003-08-01 00:00:00+00:00,13.543388366699219,16.010000228881836,16.329999923706055,15.739999771118164,16.31999969482422,1867025
2003-08-04 00:00:00+00:00,13.924057006835938,16.459999084472656,16.579999923706055,15.819999694824219,16.200000762939453,2485375
2003-08-05 00:00:00+00:00,13.22193431854248,15.630000114440918,16.649999618530273,15.5,16.600000381469727,2097065
2003-08-06 00:00:00+00:00,13.13733959197998,15.529999732971191,15.899999618530273,15.34000015258789,15.5,1675140
2003-08-07 00:00:00+00:00,13.010451316833496,15.380000114440918,15.789999961853027,15.050000190734863,15.760000228881836,1367765
2003-08-08 00:00:00+00:00,13.103501319885254,15.489999771118164,15.920000076293945,15.350000381469727,15.569999694824219,1245245
2003-08-11 00:00:00+00:00,13.22193431854248,15.630000114440918,16.049999237060547,15.0,15.579999923706055,2483460
2003-08-12 00:00:00+00:00,13.061203956604004,15.4399995803833,15.859999656677246,15.350000381469727,15.739999771118164,1050510
2003-08-13 00:00:00+00:00,12.866641998291016,15.210000038146973,15.600000381469727,15.020000457763672,15.460000038146973,1808830
2003-08-14 00:00:00+00:00,12.815884590148926,15.149999618530273,16.260000228881836,15.050000190734863,15.699999809265137,1612400
2003-08-15 00:00:00+00:00,12.815884590148926,15.149999618530273,15.149999618530273,15.149999618530273,15.149999618530273,0
2003-08-18 00:00:00+00:00,12.595942497253418,14.890000343322754,15.399999618530273,14.600000381469727,15.399999618530273,1783805
2003-08-19 00:00:00+00:00,12.562106132507324,14.850000381469727,16.100000381469727,14.729999542236328,15.380000114440918,1549445
2003-08-20 00:00:00+00:00,12.528268814086914,14.8100004196167,15.170000076293945,14.680000305175781,15.100000381469727,1031525
2003-08-21 00:00:00+00:00,12.900479316711426,15.25,15.420000076293945,15.0,15.420000076293945,2028870
2003-08-22 00:00:00+00:00,12.841264724731445,15.180000305175781,15.579999923706055,14.899999618530273,14.930000305175781,1165570
2003-08-25 00:00:00+00:00,12.105301856994629,14.3100004196167,15.5,14.130000114440918,15.5,1373170
2003-08-26 00:00:00+00:00,12.32524299621582,14.569999694824219,14.800000190734863,14.399999618530273,14.699999809265137,1063875
2003-08-27 00:00:00+00:00,12.714373588562012,15.029999732971191,15.100000381469727,14.649999618530273,14.680000305175781,1198175
2003-08-28 00:00:00+00:00,12.875099182128906,15.220000267028809,15.399999618530273,14.84000015258789,15.399999618530273,1302325
2003-08-29 00:00:00+00:00,12.460593223571777,14.729999542236328,15.380000114440918,14.600000381469727,15.380000114440918,895590
2003-09-01 00:00:00+00:00,12.663616180419922,14.970000267028809,15.09000015258789,14.770000457763672,14.989999771118164,721290
2003-09-02 00:00:00+00:00,12.621318817138672,14.920000076293945,17.479999542236328,14.399999618530273,15.800000190734863,2792850
2003-09-03 00:00:00+00:00,12.756670951843262,15.079999923706055,15.600000381469727,14.899999618530273,15.1899995803833,3278750
2003-09-04 00:00:00+00:00,12.494430541992188,14.770000457763672,15.199999809265137,14.600000381469727,15.0,805870
2003-09-05 00:00:00+00:00,12.28294849395752,14.520000457763672,14.979999542236328,14.420000076293945,14.979999542236328,895730
2003-09-08 00:00:00+00:00,12.223731994628906,14.449999809265137,14.9399995803833,14.369999885559082,14.699999809265137,1040775
2003-09-09 00:00:00+00:00,11.995331764221191,14.180000305175781,14.970000267028809,14.069999694824219,14.970000267028809,1163840
2003-09-10 00:00:00+00:00,12.029167175292969,14.220000267028809,14.550000190734863,14.029999732971191,14.199999809265137,1295885
2003-09-11 00:00:00+00:00,11.851522445678711,14.010000228881836,14.5600004196167,13.9399995803833,14.5600004196167,1182280
2003-09-12 00:00:00+00:00,11.843058586120605,14.0,15.239999771118164,13.859999656677246,15.239999771118164,864845
2003-09-15 00:00:00+00:00,11.259369850158691,13.3100004196167,14.920000076293945,13.239999771118164,14.920000076293945,769065
2003-09-16 00:00:00+00:00,11.200151443481445,13.239999771118164,13.399999618530273,12.819999694824219,13.220000267028809,976690
2003-09-17 00:00:00+00:00,11.690793991088867,13.819999694824219,14.0,13.220000267028809,13.640000343322754,646855
2003-09-18 00:00:00+00:00,11.183234214782715,13.220000267028809,13.920000076293945,13.199999809265137,13.920000076293945,373075
2003-09-19 00:00:00+00:00,11.014046669006348,13.020000457763672,13.569999694824219,12.819999694824219,13.260000228881836,650785
2003-09-22 00:00:00+00:00,11.022506713867188,13.029999732971191,13.5600004196167,12.899999618530273,13.020000457763672,362655
2003-09-23 00:00:00+00:00,11.107100486755371,13.130000114440918,13.289999961853027,12.649999618530273,12.649999618530273,508345
2003-09-24 00:00:00+00:00,11.513145446777344,13.609999656677246,13.800000190734863,12.9399995803833,13.100000381469727,507740
2003-09-25 00:00:00+00:00,11.504692077636719,13.600000381469727,13.6899995803833,13.199999809265137,13.5,427475
2003-09-26 00:00:00+00:00,11.8176851272583,13.970000267028809,14.0,13.220000267028809,13.220000267028809,535205
2003-09-29 00:00:00+00:00,12.139139175415039,14.350000381469727,14.460000038146973,13.84000015258789,13.970000267028809,917965
2003-09-30 00:00:00+00:00,12.139139175415039,14.350000381469727,14.739999771118164,14.25,14.449999809265137,844340
2003-10-01 00:00:00+00:00,12.401375770568848,14.65999984741211,14.760000228881836,14.149999618530273,14.25,1186185
2003-10-02 00:00:00+00:00,12.401375770568848,14.65999984741211,14.65999984741211,14.65999984741211,14.65999984741211,0
2003-10-03 00:00:00+00:00,12.655158042907715,14.960000038146973,15.380000114440918,14.760000228881836,14.800000190734863,2129030
2003-10-06 00:00:00+00:00,13.238851547241211,15.649999618530273,15.770000457763672,15.0,15.0,1936640
2003-10-07 00:00:00+00:00,12.917396545410156,15.270000457763672,15.739999771118164,15.130000114440918,15.720000267028809,1393175
2003-10-08 00:00:00+00:00,12.96815299987793,15.329999923706055,15.449999809265137,15.140000343322754,15.300000190734863,766140
2003-10-09 00:00:00+00:00,13.22193431854248,15.630000114440918,15.680000305175781,15.390000343322754,15.520000457763672,1258290
2003-10-10 00:00:00+00:00,13.814085960388184,16.329999923706055,16.399999618530273,15.699999809265137,15.9399995803833,2896415
2003-10-13 00:00:00+00:00,14.313185691833496,16.920000076293945,17.0,16.200000762939453,16.489999771118164,2821240
2003-10-14 00:00:00+00:00,13.966354370117188,16.510000228881836,17.190000534057617,16.270000457763672,17.190000534057617,1604535
2003-10-15 00:00:00+00:00,14.050948143005371,16.610000610351562,16.780000686645508,16.239999771118164,16.399999618530273,1101460
2003-10-16 00:00:00+00:00,14.431618690490723,17.059999465942383,17.200000762939453,16.75,16.75,2106970
2003-10-17 00:00:00+00:00,14.194757461547852,16.780000686645508,17.469999313354492,16.40999984741211,17.200000762939453,2535435
2003-10-20 00:00:00+00:00,13.627982139587402,16.110000610351562,17.799999237060547,15.850000381469727,17.799999237060547,1447630
2003-10-21 00:00:00+00:00,13.213472366333008,15.619999885559082,16.350000381469727,15.40999984741211,16.299999237060547,912115
2003-10-22 00:00:00+00:00,12.680537223815918,14.989999771118164,15.819999694824219,14.819999694824219,15.699999809265137,656420
2003-10-23 00:00:00+00:00,12.587482452392578,14.880000114440918,15.489999771118164,14.800000190734863,15.489999771118164,795855
2003-10-24 00:00:00+00:00,12.722835540771484,15.039999961853027,15.149999618530273,14.720000267028809,14.930000305175781,345815
2003-10-27 00:00:00+00:00,12.587482452392578,14.880000114440918,15.600000381469727,14.819999694824219,15.600000381469727,487295
2003-10-28 00:00:00+00:00,12.798964500427246,15.130000114440918,15.399999618530273,14.699999809265137,14.869999885559082,382660
2003-10-29 00:00:00+00:00,12.570563316345215,14.859999656677246,15.420000076293945,14.729999542236328,15.359999656677246,367040
2003-10-30 00:00:00+00:00,12.519808769226074,14.800000190734863,15.149999618530273,14.720000267028809,14.899999618530273,516475
2003-10-31 00:00:00+00:00,12.646698951721191,14.949999809265137,15.0,14.720000267028809,14.84000015258789,392800
2003-11-03 00:00:00+00:00,12.435214042663574,14.699999809265137,15.359999656677246,14.600000381469727,15.300000190734863,820060
2003-11-04 00:00:00+00:00,12.604400634765625,14.899999618530273,15.119999885559082,14.800000190734863,14.899999618530273,792570
2003-11-05 00:00:00+00:00,12.460593223571777,14.729999542236328,14.989999771118164,14.649999618530273,14.899999618530273,376280
2003-11-06 00:00:00+00:00,12.333703994750977,14.579999923706055,14.9399995803833,14.4399995803833,14.920000076293945,472170
2003-11-07 00:00:00+00:00,12.232192039489746,14.460000038146973,14.770000457763672,14.399999618530273,14.699999809265137,428750
2003-11-10 00:00:00+00:00,12.189896583557129,14.40999984741211,15.359999656677246,14.350000381469727,14.399999618530273,248850
2003-11-11 00:00:00+00:00,12.181435585021973,14.399999618530273,14.760000228881836,14.3100004196167,14.5600004196167,896025
2003-11-12 00:00:00+00:00,12.629780769348145,14.930000305175781,15.0600004196167,14.600000381469727,14.6899995803833,954805
2003-11-13 00:00:00+00:00,12.587482452392578,14.880000114440918,15.199999809265137,14.720000267028809,15.039999961853027,572680
2003-11-14 00:00:00+00:00,12.164515495300293,14.380000114440918,14.899999618530273,14.319999694824219,14.619999885559082,826235
2003-11-17 00:00:00+00:00,12.215271949768066,14.4399995803833,14.649999618530273,14.380000114440918,14.420000076293945,471305
2003-11-18 00:00:00+00:00,12.333703994750977,14.579999923706055,14.649999618530273,14.380000114440918,14.600000381469727,954030
2003-11-19 00:00:00+00:00,13.83100414276123,16.350000381469727,17.18000030517578,14.479999542236328,14.739999771118164,5115225
2003-11-20 00:00:00+00:00,13.145797729492188,15.539999961853027,16.549999237060547,15.420000076293945,16.5,2855990
2003-11-21 00:00:00+00:00,12.908937454223633,15.260000228881836,15.699999809265137,14.859999656677246,15.699999809265137,940290
2003-11-24 00:00:00+00:00,13.721031188964844,16.219999313354492,16.5,15.680000305175781,15.960000038146973,1983005
2003-11-25 00:00:00+00:00,13.932518005371094,16.469999313354492,17.0,16.34000015258789,16.559999465942383,1667290
2003-11-26 00:00:00+00:00,13.932518005371094,16.469999313354492,16.469999313354492,16.469999313354492,16.469999313354492,0
2003-11-27 00:00:00+00:00,14.084784507751465,16.649999618530273,16.739999771118164,16.40999984741211,16.600000381469727,895030
2003-11-28 00:00:00+00:00,14.152456283569336,16.729999542236328,17.15999984741211,16.510000228881836,16.700000762939453,1652675
2003-12-01 00:00:00+00:00,14.49083423614502,17.1299991607666,17.200000762939453,16.799999237060547,16.799999237060547,1350870
2003-12-02 00:00:00+00:00,16.208078384399414,19.15999984741211,19.399999618530273,17.0,17.350000381469727,6441225
2003-12-03 00:00:00+00:00,19.456459045410156,23.0,23.0,20.010000228881836,20.209999084472656,7206705
2003-12-04 00:00:00+00:00,19.938642501831055,23.56999969482422,27.399999618530273,23.399999618530273,24.540000915527344,20673750
2003-12-05 00:00:00+00:00,18.509014129638672,21.8799991607666,24.0,21.520000457763672,23.43000030517578,8467560
2003-12-08 00:00:00+00:00,19.989398956298828,23.6299991607666,24.0,21.0,22.0,8347770
2003-12-09 00:00:00+00:00,20.251636505126953,23.940000534057617,24.200000762939453,23.600000381469727,24.0,3310185
2003-12-10 00:00:00+00:00,19.456459045410156,23.0,24.18000030517578,22.799999237060547,24.040000915527344,2596815
2003-12-11 00:00:00+00:00,19.228057861328125,22.729999542236328,23.399999618530273,22.420000076293945,23.399999618530273,1808020
2003-12-12 00:00:00+00:00,19.261892318725586,22.770000457763672,23.360000610351562,22.600000381469727,22.989999771118164,1614885
2003-12-15 00:00:00+00:00,19.47337532043457,23.020000457763672,23.549999237060547,22.809999465942383,23.0,1464745
2003-12-16 00:00:00+00:00,20.640766143798828,24.399999618530273,24.65999984741211,22.700000762939453,23.0,4590880
2003-12-17 00:00:00+00:00,20.657682418823242,24.420000076293945,24.799999237060547,24.149999618530273,24.739999771118164,3108055
2003-12-18 00:00:00+00:00,21.063735961914062,24.899999618530273,25.190000534057617,24.239999771118164,24.600000381469727,2753800
2003-12-19 00:00:00+00:00,21.410564422607422,25.309999465942383,25.5,24.850000381469727,25.100000381469727,2377265
2003-12-22 00:00:00+00:00,22.36646842956543,26.440000534057617,29.559999465942383,25.200000762939453,25.200000762939453,7611905
2003-12-23 00:00:00+00:00,22.907865524291992,27.079999923706055,27.399999618530273,26.399999618530273,26.799999237060547,3363635
2003-12-24 00:00:00+00:00,22.417224884033203,26.5,27.5,26.399999618530273,27.360000610351562,1552425
2003-12-25 00:00:00+00:00,22.417224884033203,26.5,26.5,26.5,26.5,0
2003-12-26 00:00:00+00:00,22.442602157592773,26.530000686645508,26.899999618530273,26.299999237060547,26.799999237060547,1109255
2003-12-29 00:00:00+00:00,23.203937530517578,27.43000030517578,30.639999389648438,26.799999237060547,30.639999389648438,2000585
2003-12-30 00:00:00+00:00,23.161645889282227,27.3799991607666,28.600000381469727,27.0,27.799999237060547,3135540
2003-12-31 00:00:00+00:00,22.950162887573242,27.1299991607666,27.799999237060547,27.0,27.799999237060547,1077130
2004-01-01 00:00:00+00:00,23.263158798217773,27.5,27.799999237060547,27.3799991607666,27.3799991607666,1102730
2004-01-02 00:00:00+00:00,25.428747177124023,30.059999465942383,30.5,27.600000381469727,27.700000762939453,6168875
2004-01-05 00:00:00+00:00,24.286733627319336,28.709999084472656,30.979999542236328,28.399999618530273,30.540000915527344,2851890
2004-01-06 00:00:00+00:00,24.126014709472656,28.520000457763672,29.719999313354492,28.200000762939453,28.600000381469727,2669145
2004-01-07 00:00:00+00:00,23.770719528198242,28.100000381469727,28.790000915527344,27.639999389648438,28.729999542236328,1194235
2004-01-08 00:00:00+00:00,24.48975944519043,28.950000762939453,29.100000381469727,28.049999237060547,28.3799991607666,798590
2004-01-09 00:00:00+00:00,24.63357162475586,29.1200008392334,30.110000610351562,28.899999618530273,29.299999237060547,1295945
2004-01-12 00:00:00+00:00,23.99911880493164,28.3700008392334,29.34000015258789,28.020000457763672,29.34000015258789,919435
2004-01-13 00:00:00+00:00,23.660747528076172,27.969999313354492,29.100000381469727,27.81999969482422,28.0,878915
2004-01-14 00:00:00+00:00,23.99911880493164,28.3700008392334,30.0,27.969999313354492,28.229999542236328,1511895
2004-01-15 00:00:00+00:00,27.213665008544922,32.16999816894531,34.0,28.600000381469727,28.639999389648438,7792520
2004-01-16 00:00:00+00:00,26.638431549072266,31.489999771118164,33.400001525878906,31.0,32.79999923706055,6388815
2004-01-19 00:00:00+00:00,26.080116271972656,30.829999923706055,33.0,29.84000015258789,33.0,2277425
2004-01-20 00:00:00+00:00,28.54178237915039,33.7400016784668,35.15999984741211,31.139999389648438,31.600000381469727,10009260
2004-01-21 00:00:00+00:00,28.44026756286621,33.619998931884766,34.959999084472656,30.229999542236328,34.0,6292565
2004-01-22 00:00:00+00:00,28.07651710510254,33.189998626708984,34.20000076293945,32.0,33.79999923706055,4156755
2004-01-23 00:00:00+00:00,27.03601837158203,31.959999084472656,33.9900016784668,30.600000381469727,33.779998779296875,2621825
2004-01-26 00:00:00+00:00,27.03601837158203,31.959999084472656,31.959999084472656,31.959999084472656,31.959999084472656,0
2004-01-27 00:00:00+00:00,28.203405380249023,33.34000015258789,34.349998474121094,31.979999542236328,32.25,3020445
2004-01-28 00:00:00+00:00,28.888614654541016,34.150001525878906,35.86000061035156,32.43000030517578,33.400001525878906,6870125
2004-01-29 00:00:00+00:00,29.675325393676758,35.08000183105469,35.599998474121094,33.599998474121094,34.0,5994650
2004-01-30 00:00:00+00:00,27.865036010742188,32.939998626708984,35.599998474121094,32.599998474121094,35.5,1898090
2004-02-02 00:00:00+00:00,27.865036010742188,32.939998626708984,32.939998626708984,32.939998626708984,32.939998626708984,0
2004-02-03 00:00:00+00:00,23.516937255859375,27.799999237060547,32.79999923706055,27.34000015258789,32.79999923706055,2819440
2004-02-04 00:00:00+00:00,24.422090530395508,28.8700008392334,29.479999542236328,27.0,28.0,2804960
2004-02-05 00:00:00+00:00,24.13446617126465,28.530000686645508,30.0,28.0,29.149999618530273,1484715
2004-02-06 00:00:00+00:00,23.80455207824707,28.139999389648438,29.200000762939453,27.6200008392334,28.700000762939453,1505310
2004-02-09 00:00:00+00:00,24.25290298461914,28.670000076293945,29.959999084472656,28.3799991607666,28.3799991607666,1252700
2004-02-10 00:00:00+00:00,26.62997055053711,31.479999542236328,31.799999237060547,28.850000381469727,28.850000381469727,5745000
2004-02-11 00:00:00+00:00,25.91938591003418,30.639999389648438,31.739999771118164,30.219999313354492,31.739999771118164,1912920
2004-02-12 00:00:00+00:00,25.648693084716797,30.31999969482422,31.34000015258789,30.020000457763672,30.600000381469727,1723235
2004-02-13 00:00:00+00:00,25.581016540527344,30.239999771118164,30.520000457763672,29.399999618530273,30.440000534057617,1348120
2004-02-16 00:00:00+00:00,25.52179718017578,30.170000076293945,30.780000686645508,30.010000228881836,30.360000610351562,948190
2004-02-17 00:00:00+00:00,25.38644790649414,30.010000228881836,30.639999389648438,29.700000762939453,30.200000762939453,917150
2004-02-18 00:00:00+00:00,25.098833084106445,29.670000076293945,30.280000686645508,29.420000076293945,30.219999313354492,890045
2004-02-19 00:00:00+00:00,24.312116622924805,28.739999771118164,29.799999237060547,28.530000686645508,29.780000686645508,879220
2004-02-20 00:00:00+00:00,23.990663528442383,28.360000610351562,28.989999771118164,27.479999542236328,28.780000686645508,1405430
2004-02-23 00:00:00+00:00,23.17010498046875,27.389999389648438,28.770000457763672,27.200000762939453,28.770000457763672,858120
2004-02-24 00:00:00+00:00,23.068592071533203,27.270000457763672,27.65999984741211,26.799999237060547,27.329999923706055,746560
2004-02-25 00:00:00+00:00,22.97553825378418,27.15999984741211,28.100000381469727,27.0,27.440000534057617,723545
2004-02-26 00:00:00+00:00,23.508481979370117,27.790000915527344,28.31999969482422,27.200000762939453,27.280000686645508,1004140
2004-02-27 00:00:00+00:00,23.559232711791992,27.850000381469727,28.100000381469727,26.829999923706055,27.899999618530273,722520
2004-03-01 00:00:00+00:00,23.652286529541016,27.959999084472656,28.450000762939453,27.799999237060547,28.25,606465
2004-03-02 00:00:00+00:00,23.652286529541016,27.959999084472656,27.959999084472656,27.959999084472656,27.959999084472656,0
2004-03-03 00:00:00+00:00,23.880691528320312,28.229999542236328,29.270000457763672,28.0,28.1299991607666,1253790
2004-03-04 00:00:00+00:00,23.32237434387207,27.56999969482422,28.469999313354492,27.399999618530273,28.389999389648438,545765
2004-03-05 00:00:00+00:00,23.144723892211914,27.360000610351562,27.899999618530273,27.200000762939453,27.829999923706055,472775
2004-03-08 00:00:00+00:00,23.779176712036133,28.110000610351562,28.549999237060547,27.510000228881836,27.510000228881836,980575
2004-03-09 00:00:00+00:00,23.28007698059082,27.520000457763672,28.350000381469727,27.200000762939453,28.350000381469727,631990
2004-03-10 00:00:00+00:00,23.06013298034668,27.260000228881836,27.649999618530273,27.200000762939453,27.6200008392334,413450
2004-03-11 00:00:00+00:00,22.97553825378418,27.15999984741211,27.440000534057617,26.850000381469727,27.389999389648438,424615
2004-03-12 00:00:00+00:00,22.696378707885742,26.829999923706055,27.43000030517578,26.700000762939453,27.43000030517578,361310
2004-03-15 00:00:00+00:00,22.662548065185547,26.790000915527344,27.690000534057617,26.40999984741211,27.149999618530273,950955
2004-03-16 00:00:00+00:00,22.061935424804688,26.079999923706055,26.399999618530273,24.43000030517578,26.399999618530273,552230
2004-03-17 00:00:00+00:00,23.119352340698242,27.329999923706055,27.719999313354492,26.0,26.479999542236328,1097860
2004-03-18 00:00:00+00:00,22.1634464263916,26.200000762939453,27.559999465942383,26.010000228881836,27.559999465942383,880555
2004-03-19 00:00:00+00:00,22.341089248657227,26.40999984741211,26.56999969482422,26.0,26.280000686645508,535590
2004-03-22 00:00:00+00:00,22.391845703125,26.469999313354492,27.200000762939453,26.200000762939453,26.299999237060547,885370
2004-03-23 00:00:00+00:00,21.672801971435547,25.6200008392334,26.450000762939453,24.799999237060547,26.399999618530273,704665
2004-03-24 00:00:00+00:00,21.469785690307617,25.3799991607666,25.8799991607666,25.200000762939453,25.799999237060547,396735
2004-03-25 00:00:00+00:00,22.061935424804688,26.079999923706055,26.600000381469727,25.530000686645508,25.530000686645508,521440
2004-03-26 00:00:00+00:00,23.313913345336914,27.559999465942383,27.84000015258789,26.329999923706055,26.700000762939453,1067370
2004-03-29 00:00:00+00:00,24.312116622924805,28.739999771118164,29.34000015258789,27.770000457763672,27.770000457763672,1822295
2004-03-30 00:00:00+00:00,24.083717346191406,28.469999313354492,29.559999465942383,28.200000762939453,29.0,902840
2004-03-31 00:00:00+00:00,25.14959144592285,29.729999542236328,30.639999389648438,28.31999969482422,28.68000030517578,3346690
2004-04-01 00:00:00+00:00,26.553834915161133,31.389999389648438,31.600000381469727,29.700000762939453,29.799999237060547,3269730
2004-04-02 00:00:00+00:00,28.07651710510254,33.189998626708984,33.47999954223633,31.399999618530273,31.600000381469727,4517780
2004-04-05 00:00:00+00:00,28.245702743530273,33.38999938964844,34.11000061035156,33.06999969482422,33.400001525878906,2366185
2004-04-06 00:00:00+00:00,27.74660301208496,32.79999923706055,34.0,32.20000076293945,33.79999923706055,2184375
2004-04-07 00:00:00+00:00,27.433605194091797,32.43000030517578,33.150001525878906,32.25,33.0,760380
2004-04-08 00:00:00+00:00,26.824535369873047,31.709999084472656,32.79999923706055,31.209999084472656,32.400001525878906,1367985
2004-04-09 00:00:00+00:00,26.824535369873047,31.709999084472656,31.709999084472656,31.709999084472656,31.709999084472656,0
2004-04-12 00:00:00+00:00,26.92605209350586,31.829999923706055,32.36000061035156,31.200000762939453,31.600000381469727,922930
2004-04-13 00:00:00+00:00,27.704307556152344,32.75,33.47999954223633,31.200000762939453,31.200000762939453,920155
2004-04-14 00:00:00+00:00,27.704307556152344,32.75,32.75,32.75,32.75,0
2004-04-15 00:00:00+00:00,27.23058319091797,32.189998626708984,33.33000183105469,31.799999237060547,32.81999969482422,1016265
2004-04-16 00:00:00+00:00,27.831199645996094,32.900001525878906,33.18000030517578,32.0,32.0,1025325
2004-04-19 00:00:00+00:00,27.577409744262695,32.599998474121094,32.97999954223633,31.68000030517578,32.599998474121094,3450335
2004-04-20 00:00:00+00:00,26.866830825805664,31.760000228881836,32.79999923706055,31.40999984741211,32.79999923706055,624770
2004-04-21 00:00:00+00:00,27.585878372192383,32.61000061035156,32.79999923706055,31.760000228881836,31.940000534057617,928525
2004-04-22 00:00:00+00:00,27.628171920776367,32.65999984741211,33.65999984741211,32.400001525878906,32.779998779296875,704335
2004-04-23 00:00:00+00:00,27.865036010742188,32.939998626708984,33.56999969482422,32.63999938964844,32.900001525878906,910290
2004-04-27 00:00:00+00:00,26.24930191040039,31.030000686645508,32.400001525878906,30.010000228881836,32.0,981910
2004-04-28 00:00:00+00:00,25.995519638061523,30.729999542236328,31.360000610351562,30.030000686645508,31.100000381469727,928280
2004-04-29 00:00:00+00:00,27.044479370117188,31.969999313354492,32.599998474121094,31.0,31.360000610351562,848415
2004-04-30 00:00:00+00:00,26.40156364440918,31.209999084472656,32.9900016784668,30.5,32.400001525878906,885955
2004-05-03 00:00:00+00:00,25.53871726989746,30.190000534057617,31.200000762939453,29.649999618530273,31.200000762939453,434790
2004-05-04 00:00:00+00:00,26.30851936340332,31.100000381469727,31.350000381469727,30.56999969482422,30.56999969482422,310405
2004-05-05 00:00:00+00:00,26.003982543945312,30.739999771118164,31.600000381469727,30.5,31.200000762939453,268410
2004-05-06 00:00:00+00:00,26.40156364440918,31.209999084472656,31.5,30.399999618530273,30.829999923706055,642610
2004-05-07 00:00:00+00:00,25.420286178588867,30.049999237060547,30.889999389648438,29.860000610351562,30.799999237060547,1031920
2004-05-10 00:00:00+00:00,24.667407989501953,29.15999984741211,29.989999771118164,28.399999618530273,28.399999618530273,623670
2004-05-11 00:00:00+00:00,23.449264526367188,27.719999313354492,29.200000762939453,27.5,28.450000762939453,726880
2004-05-12 00:00:00+00:00,24.286733627319336,28.709999084472656,30.309999465942383,27.25,27.399999618530273,1002510
2004-05-13 00:00:00+00:00,24.56589698791504,29.040000915527344,29.5,26.299999237060547,27.899999618530273,853045
2004-05-14 00:00:00+00:00,22.222660064697266,26.270000457763672,30.0,25.829999923706055,30.0,1391720
2004-05-17 00:00:00+00:00,18.66974449157715,22.06999969482422,24.600000381469727,21.1200008392334,22.0,340480
2004-05-18 00:00:00+00:00,20.64922523498535,24.40999984741211,25.0,21.010000228881836,21.010000228881836,639100
2004-05-19 00:00:00+00:00,22.417224884033203,26.5,27.5,25.65999984741211,26.0,921980
2004-05-20 00:00:00+00:00,22.40876579284668,26.489999771118164,30.979999542236328,23.049999237060547,27.959999084472656,880050
2004-05-21 00:00:00+00:00,21.08064842224121,24.920000076293945,26.579999923706055,24.030000686645508,26.579999923706055,797155
2004-05-24 00:00:00+00:00,21.968873977661133,25.969999313354492,29.600000381469727,23.299999237060547,24.0,572485
2004-05-25 00:00:00+00:00,21.207542419433594,25.06999969482422,26.299999237060547,24.780000686645508,24.799999237060547,323760
2004-05-26 00:00:00+00:00,21.05527114868164,24.889999389648438,25.899999618530273,24.739999771118164,25.56999969482422,396265
2004-05-27 00:00:00+00:00,21.410564422607422,25.309999465942383,26.84000015258789,25.200000762939453,25.600000381469727,1416600
2004-05-28 00:00:00+00:00,20.461284637451172,23.709999084472656,25.68000030517578,23.510000228881836,24.8799991607666,1333670
2004-05-31 00:00:00+00:00,18.579986572265625,21.530000686645508,23.399999618530273,21.18000030517578,23.399999618530273,801845
2004-06-01 00:00:00+00:00,18.39012908935547,21.309999465942383,22.84000015258789,21.209999084472656,21.959999084472656,543100
2004-06-02 00:00:00+00:00,19.063255310058594,22.09000015258789,22.399999618530273,21.5,21.950000762939453,630305
2004-06-03 00:00:00+00:00,19.19270133972168,22.239999771118164,23.200000762939453,22.0,22.989999771118164,1192335
2004-06-04 00:00:00+00:00,19.106409072875977,22.139999389648438,22.399999618530273,21.600000381469727,21.989999771118164,699620
2004-06-07 00:00:00+00:00,19.9176082611084,23.079999923706055,23.299999237060547,22.600000381469727,22.959999084472656,847715
2004-06-08 00:00:00+00:00,20.73744010925293,24.030000686645508,24.399999618530273,23.010000228881836,23.299999237060547,1067260
2004-06-09 00:00:00+00:00,20.702922821044922,23.989999771118164,24.399999618530273,23.600000381469727,23.600000381469727,787155
2004-06-10 00:00:00+00:00,20.961814880371094,24.290000915527344,24.959999084472656,23.989999771118164,24.3799991607666,764740
2004-06-11 00:00:00+00:00,19.9176082611084,23.079999923706055,24.799999237060547,22.610000610351562,24.200000762939453,938595
2004-06-14 00:00:00+00:00,19.883089065551758,23.040000915527344,23.290000915527344,22.5,22.5,612660
2004-06-15 00:00:00+00:00,19.848569869995117,23.0,25.959999084472656,22.729999542236328,25.959999084472656,223450
2004-06-16 00:00:00+00:00,19.883089065551758,23.040000915527344,23.59000015258789,23.0,23.59000015258789,341870
2004-06-17 00:00:00+00:00,20.012537002563477,23.190000534057617,23.299999237060547,22.610000610351562,23.030000686645508,265835
2004-06-18 00:00:00+00:00,20.495803833007812,23.75,24.329999923706055,23.020000457763672,23.190000534057617,794365
2004-06-21 00:00:00+00:00,21.505491256713867,24.920000076293945,25.100000381469727,23.399999618530273,23.780000686645508,1263995
2004-06-22 00:00:00+00:00,20.72018051147461,24.010000228881836,25.799999237060547,23.6200008392334,24.920000076293945,1421555
2004-06-23 00:00:00+00:00,20.10746192932129,23.299999237060547,24.360000610351562,23.040000915527344,23.770000457763672,360360
2004-06-24 00:00:00+00:00,19.908977508544922,23.06999969482422,23.399999618530273,22.829999923706055,23.399999618530273,239925
2004-06-25 00:00:00+00:00,20.556215286254883,23.81999969482422,24.079999923706055,23.270000457763672,23.360000610351562,325580
2004-06-28 00:00:00+00:00,21.393306732177734,24.790000915527344,25.0,24.010000228881836,24.09000015258789,460710
2004-06-29 00:00:00+00:00,21.85931396484375,25.329999923706055,25.600000381469727,24.520000457763672,24.75,823900
2004-06-30 00:00:00+00:00,22.411619186401367,25.969999313354492,27.0,24.850000381469727,25.200000762939453,710815
2004-07-01 00:00:00+00:00,22.420259475708008,25.979999542236328,26.200000762939453,25.65999984741211,26.020000457763672,481315
2004-07-02 00:00:00+00:00,22.333953857421875,25.8799991607666,26.3799991607666,25.700000762939453,25.700000762939453,510510
2004-07-05 00:00:00+00:00,21.833425521850586,25.299999237060547,26.0,21.450000762939453,24.780000686645508,3509245
2004-07-06 00:00:00+00:00,21.807537078857422,25.270000457763672,25.399999618530273,24.520000457763672,25.3799991607666,990670
2004-07-07 00:00:00+00:00,21.384674072265625,24.780000686645508,26.399999618530273,24.450000762939453,25.420000076293945,473895
2004-07-08 00:00:00+00:00,20.495803833007812,23.75,25.559999465942383,23.399999618530273,24.799999237060547,580915
2004-07-09 00:00:00+00:00,20.95318603515625,24.280000686645508,24.489999771118164,22.5,22.5,309510
2004-07-12 00:00:00+00:00,20.78921890258789,24.09000015258789,24.780000686645508,23.219999313354492,23.219999313354492,253050
2004-07-13 00:00:00+00:00,20.884145736694336,24.200000762939453,24.790000915527344,23.700000762939453,23.799999237060547,286040
2004-07-14 00:00:00+00:00,21.609052658081055,25.040000915527344,26.059999465942383,24.700000762939453,24.700000762939453,2732945
2004-07-15 00:00:00+00:00,22.204505920410156,25.729999542236328,25.989999771118164,25.299999237060547,25.399999618530273,1297600
2004-07-16 00:00:00+00:00,22.359848022460938,25.90999984741211,26.100000381469727,25.649999618530273,25.940000534057617,676545
2004-07-19 00:00:00+00:00,22.37710189819336,25.93000030517578,26.540000915527344,25.799999237060547,26.540000915527344,751055
2004-07-20 00:00:00+00:00,22.437509536743164,26.0,26.110000610351562,23.59000015258789,23.59000015258789,1003090
2004-07-21 00:00:00+00:00,22.144102096557617,25.65999984741211,26.200000762939453,22.31999969482422,26.200000762939453,450935
2004-07-22 00:00:00+00:00,22.333953857421875,25.8799991607666,26.200000762939453,25.700000762939453,26.18000030517578,340025
2004-07-23 00:00:00+00:00,22.230398178100586,25.760000228881836,26.149999618530273,25.399999618530273,26.149999618530273,396250
2004-07-26 00:00:00+00:00,22.333953857421875,25.8799991607666,25.979999542236328,24.030000686645508,24.030000686645508,290080
2004-07-27 00:00:00+00:00,22.08369255065918,25.59000015258789,25.940000534057617,25.420000076293945,25.799999237060547,146245
2004-07-28 00:00:00+00:00,22.05780029296875,25.559999465942383,26.09000015258789,25.40999984741211,25.600000381469727,512120
2004-07-29 00:00:00+00:00,22.126840591430664,25.639999389648438,26.0,25.360000610351562,26.0,115600
2004-07-30 00:00:00+00:00,22.09231948852539,25.600000381469727,25.940000534057617,25.459999084472656,25.889999389648438,261455
2004-08-02 00:00:00+00:00,21.68671989440918,25.1299991607666,25.770000457763672,25.0,25.399999618530273,226145
2004-08-03 00:00:00+00:00,21.928354263305664,25.40999984741211,25.5,25.049999237060547,25.31999969482422,168050
2004-08-04 00:00:00+00:00,21.609052658081055,25.040000915527344,25.479999542236328,24.829999923706055,25.479999542236328,248915
2004-08-05 00:00:00+00:00,21.548641204833984,24.969999313354492,25.31999969482422,24.450000762939453,24.450000762939453,254415
2004-08-06 00:00:00+00:00,21.85931396484375,25.329999923706055,25.959999084472656,25.030000686645508,25.299999237060547,388610
2004-08-09 00:00:00+00:00,21.850685119628906,25.31999969482422,25.920000076293945,25.200000762939453,25.450000762939453,171605
2004-08-10 00:00:00+00:00,21.68671989440918,25.1299991607666,25.59000015258789,25.0,25.59000015258789,167200
2004-08-11 00:00:00+00:00,21.885204315185547,25.360000610351562,25.579999923706055,24.989999771118164,25.479999542236328,515880
2004-08-12 00:00:00+00:00,21.307008743286133,24.690000534057617,25.290000915527344,24.209999084472656,24.559999465942383,380120
2004-08-13 00:00:00+00:00,21.030853271484375,24.3700008392334,25.100000381469727,24.100000381469727,24.799999237060547,236760
2004-08-16 00:00:00+00:00,20.694292068481445,23.979999542236328,24.780000686645508,23.799999237060547,24.780000686645508,586855
2004-08-17 00:00:00+00:00,20.68566131591797,23.969999313354492,24.299999237060547,23.799999237060547,24.200000762939453,721455
2004-08-18 00:00:00+00:00,20.047048568725586,23.229999542236328,24.200000762939453,22.81999969482422,24.200000762939453,436725
2004-08-19 00:00:00+00:00,20.159242630004883,23.360000610351562,23.899999618530273,23.15999984741211,23.530000686645508,433185
2004-08-20 00:00:00+00:00,19.978015899658203,23.149999618530273,23.56999969482422,23.0,23.56999969482422,269910
2004-08-23 00:00:00+00:00,18.994216918945312,22.010000228881836,23.0,21.899999618530273,22.799999237060547,393040
2004-08-24 00:00:00+00:00,19.417083740234375,22.5,22.579999923706055,21.850000381469727,22.100000381469727,513860
2004-08-25 00:00:00+00:00,19.132299423217773,22.170000076293945,22.729999542236328,22.100000381469727,22.729999542236328,373825
2004-08-26 00:00:00+00:00,19.19270133972168,22.239999771118164,23.799999237060547,22.0,23.799999237060547,570705
2004-08-27 00:00:00+00:00,19.710493087768555,22.84000015258789,23.049999237060547,22.5,22.700000762939453,577925
2004-08-30 00:00:00+00:00,20.426767349243164,23.670000076293945,24.0,23.0,23.0,406060
2004-08-31 00:00:00+00:00,20.504436492919922,23.760000228881836,24.15999984741211,23.3700008392334,23.979999542236328,319040
2004-09-01 00:00:00+00:00,20.711549758911133,24.0,24.31999969482422,23.799999237060547,24.18000030517578,225140
2004-09-02 00:00:00+00:00,21.34152603149414,24.729999542236328,24.889999389648438,24.200000762939453,24.200000762939453,568950
2004-09-03 00:00:00+00:00,21.583160400390625,25.010000228881836,25.959999084472656,24.799999237060547,25.600000381469727,991405
2004-09-06 00:00:00+00:00,21.52275276184082,24.940000534057617,25.690000534057617,24.700000762939453,25.690000534057617,1122620
2004-09-07 00:00:00+00:00,21.28974723815918,24.670000076293945,25.049999237060547,24.5,24.799999237060547,466780
2004-09-08 00:00:00+00:00,21.22934341430664,24.600000381469727,25.079999923706055,24.399999618530273,24.399999618530273,951680
2004-09-09 00:00:00+00:00,20.875513076782227,24.190000534057617,25.299999237060547,24.010000228881836,25.299999237060547,706670
2004-09-10 00:00:00+00:00,20.659770965576172,23.940000534057617,24.59000015258789,23.81999969482422,24.59000015258789,825435
2004-09-13 00:00:00+00:00,20.73744010925293,24.030000686645508,24.200000762939453,23.65999984741211,24.200000762939453,445305
2004-09-14 00:00:00+00:00,23.542129516601562,27.280000686645508,28.079999923706055,24.190000534057617,24.190000534057617,6406770
2004-09-15 00:00:00+00:00,22.437509536743164,26.0,27.600000381469727,25.850000381469727,27.399999618530273,1924980
2004-09-16 00:00:00+00:00,22.28217887878418,25.81999969482422,26.06999969482422,25.520000457763672,26.0,575500
2004-09-17 00:00:00+00:00,22.739553451538086,26.350000381469727,26.690000534057617,25.8799991607666,26.18000030517578,766610
2004-09-20 00:00:00+00:00,22.299434661865234,25.84000015258789,26.739999771118164,25.799999237060547,26.559999465942383,495630
2004-09-21 00:00:00+00:00,22.118207931518555,25.6299991607666,26.0,25.5,26.0,472700
2004-09-22 00:00:00+00:00,22.515182495117188,26.09000015258789,26.5,25.700000762939453,26.0,879710
2004-09-23 00:00:00+00:00,22.34258270263672,25.889999389648438,26.950000762939453,25.709999084472656,26.200000762939453,883045
2004-09-24 00:00:00+00:00,22.15273094177246,25.670000076293945,26.200000762939453,25.600000381469727,26.200000762939453,329910
2004-09-27 00:00:00+00:00,22.239028930664062,25.770000457763672,26.079999923706055,25.649999618530273,26.079999923706055,310645
2004-09-28 00:00:00+00:00,22.031911849975586,25.530000686645508,26.0,25.399999618530273,25.979999542236328,427585
2004-09-29 00:00:00+00:00,21.91109275817871,25.389999389648438,26.0,25.299999237060547,26.0,388470
2004-09-30 00:00:00+00:00,22.37710189819336,25.93000030517578,26.059999465942383,25.40999984741211,25.799999237060547,588740
2004-10-01 00:00:00+00:00,22.774072647094727,26.389999389648438,26.540000915527344,25.709999084472656,25.889999389648438,685350
2004-10-04 00:00:00+00:00,22.98982048034668,26.639999389648438,27.450000762939453,26.219999313354492,26.59000015258789,1735680
2004-10-05 00:00:00+00:00,23.852802276611328,27.639999389648438,27.920000076293945,26.399999618530273,26.649999618530273,1122225
2004-10-06 00:00:00+00:00,24.758934020996094,28.690000534057617,29.0,27.799999237060547,28.0,2290440
2004-10-07 00:00:00+00:00,25.216312408447266,29.219999313354492,29.399999618530273,28.760000228881836,28.799999237060547,903945
2004-10-08 00:00:00+00:00,26.942270278930664,31.219999313354492,31.979999542236328,29.200000762939453,29.399999618530273,4103520
2004-10-11 00:00:00+00:00,27.149389266967773,31.459999084472656,33.11000061035156,31.0,32.099998474121094,2676430
2004-10-12 00:00:00+00:00,26.053403854370117,30.190000534057617,33.0,30.010000228881836,33.0,1044465
2004-10-14 00:00:00+00:00,25.37164878845215,29.399999618530273,30.799999237060547,28.90999984741211,30.40999984741211,3881070
2004-10-15 00:00:00+00:00,26.25189208984375,30.420000076293945,31.979999542236328,28.030000686645508,29.0,3834145
2004-10-18 00:00:00+00:00,26.674753189086914,30.90999984741211,33.79999923706055,30.5,30.75,1876125
2004-10-19 00:00:00+00:00,26.398597717285156,30.59000015258789,30.8799991607666,29.5,29.5,876035
2004-10-20 00:00:00+00:00,26.16559600830078,30.31999969482422,30.950000762939453,29.989999771118164,30.799999237060547,653080
2004-10-21 00:00:00+00:00,26.424484252929688,30.6200008392334,30.799999237060547,30.020000457763672,30.399999618530273,675330
2004-10-22 00:00:00+00:00,26.424484252929688,30.6200008392334,30.6200008392334,30.6200008392334,30.6200008392334,0
2004-10-25 00:00:00+00:00,25.112754821777344,29.100000381469727,31.0,28.899999618530273,31.0,404075
2004-10-26 00:00:00+00:00,24.292924880981445,28.149999618530273,29.700000762939453,28.0,29.200000762939453,845570
2004-10-27 00:00:00+00:00,24.95741844177246,28.920000076293945,29.079999923706055,28.559999465942383,28.600000381469727,485830
2004-10-28 00:00:00+00:00,24.68989372253418,28.610000610351562,29.34000015258789,28.420000076293945,29.34000015258789,199785
2004-10-29 00:00:00+00:00,26.372705459594727,30.559999465942383,31.600000381469727,28.43000030517578,28.790000915527344,2224205
2004-11-01 00:00:00+00:00,26.53667640686035,30.75,30.979999542236328,29.020000457763672,30.799999237060547,808980
2004-11-02 00:00:00+00:00,26.062034606933594,30.200000762939453,30.860000610351562,30.030000686645508,30.399999618530273,254365
2004-11-03 00:00:00+00:00,26.54530906677246,30.760000228881836,30.959999084472656,30.0,30.399999618530273,643680
2004-11-04 00:00:00+00:00,26.070663452148438,30.209999084472656,31.079999923706055,30.0,30.979999542236328,496680
2004-11-05 00:00:00+00:00,26.277780532836914,30.450000762939453,33.0,30.049999237060547,33.0,967235
2004-11-08 00:00:00+00:00,27.270214080810547,31.600000381469727,31.799999237060547,30.6200008392334,31.059999465942383,1116215
2004-11-09 00:00:00+00:00,27.356508255004883,31.700000762939453,31.799999237060547,31.100000381469727,31.799999237060547,800085
2004-11-10 00:00:00+00:00,27.321985244750977,31.65999984741211,32.0,31.600000381469727,32.0,539725
2004-11-11 00:00:00+00:00,26.61434555053711,30.84000015258789,32.0,30.719999313354492,32.0,361130
2004-11-12 00:00:00+00:00,26.4935245513916,30.700000762939453,31.15999984741211,30.600000381469727,31.15999984741211,96165
2004-11-15 00:00:00+00:00,26.4935245513916,30.700000762939453,30.700000762939453,30.700000762939453,30.700000762939453,0
2004-11-16 00:00:00+00:00,26.58845329284668,30.809999465942383,31.190000534057617,30.729999542236328,31.059999465942383,1277515
2004-11-17 00:00:00+00:00,27.494585037231445,31.860000610351562,32.220001220703125,30.90999984741211,31.260000228881836,1015390
2004-11-18 00:00:00+00:00,27.477323532104492,31.84000015258789,32.779998779296875,31.420000076293945,32.779998779296875,1073810
2004-11-19 00:00:00+00:00,26.752422332763672,31.0,32.20000076293945,30.799999237060547,32.20000076293945,684440
2004-11-22 00:00:00+00:00,26.148330688476562,30.299999237060547,30.899999618530273,30.200000762939453,30.6200008392334,373225
2004-11-23 00:00:00+00:00,27.330615997314453,31.670000076293945,31.979999542236328,30.610000610351562,30.780000686645508,699930
2004-11-24 00:00:00+00:00,27.07172393798828,31.3700008392334,32.400001525878906,31.020000457763672,32.16999816894531,772605
2004-11-25 00:00:00+00:00,28.245378494262695,32.72999954223633,33.0,31.600000381469727,31.760000228881836,1479560
2004-11-26 00:00:00+00:00,28.245378494262695,32.72999954223633,32.72999954223633,32.72999954223633,32.72999954223633,0
2004-11-29 00:00:00+00:00,29.54847526550293,34.2400016784668,34.68000030517578,33.20000076293945,33.20000076293945,2004555
2004-11-30 00:00:00+00:00,28.685503005981445,33.2400016784668,34.7599983215332,32.79999923706055,34.5,1712660
2004-12-01 00:00:00+00:00,30.558162689208984,35.40999984741211,35.7400016784668,33.20000076293945,33.560001373291016,2324280
2004-12-02 00:00:00+00:00,32.76739501953125,37.970001220703125,38.97999954223633,35.61000061035156,35.790000915527344,5766730
2004-12-03 00:00:00+00:00,30.670352935791016,35.540000915527344,38.7400016784668,35.02000045776367,37.43000030517578,2025855
2004-12-06 00:00:00+00:00,32.55165481567383,37.720001220703125,41.880001068115234,37.0,37.0,5104055
2004-12-07 00:00:00+00:00,31.94756317138672,37.02000045776367,38.290000915527344,36.84000015258789,38.02000045776367,1675435
2004-12-08 00:00:00+00:00,31.386629104614258,36.369998931884766,38.970001220703125,35.130001068115234,38.970001220703125,3596035
2004-12-09 00:00:00+00:00,30.851577758789062,35.75,36.7400016784668,35.5099983215332,36.58000183105469,1512625
2004-12-10 00:00:00+00:00,31.179513931274414,36.130001068115234,36.9900016784668,35.79999923706055,35.91999816894531,1411595
2004-12-13 00:00:00+00:00,30.48912811279297,35.33000183105469,36.400001525878906,35.2400016784668,36.400001525878906,783545
2004-12-14 00:00:00+00:00,30.70487403869629,35.58000183105469,36.0,34.709999084472656,36.0,2680800
2004-12-15 00:00:00+00:00,30.23023223876953,35.029998779296875,36.349998474121094,34.79999923706055,35.88999938964844,2249435
2004-12-16 00:00:00+00:00,30.627216339111328,35.4900016784668,35.959999084472656,30.0,34.400001525878906,3493760
2004-12-17 00:00:00+00:00,29.16876983642578,33.79999923706055,35.4900016784668,33.599998474121094,35.4900016784668,3610210
2004-12-20 00:00:00+00:00,29.349992752075195,34.0099983215332,35.38999938964844,33.79999923706055,33.79999923706055,3311645
2004-12-21 00:00:00+00:00,30.083518981933594,34.86000061035156,34.9900016784668,34.29999923706055,34.56999969482422,1624245
2004-12-22 00:00:00+00:00,30.126678466796875,34.90999984741211,35.599998474121094,34.41999816894531,35.599998474121094,1713885
2004-12-23 00:00:00+00:00,32.5861701965332,37.7599983215332,38.0,35.400001525878906,35.400001525878906,8349650
2004-12-24 00:00:00+00:00,31.654150009155273,36.68000030517578,38.52000045776367,36.220001220703125,37.97999954223633,2763225
2004-12-27 00:00:00+00:00,32.0166015625,37.099998474121094,37.220001220703125,32.310001373291016,36.79999923706055,1350515
2004-12-28 00:00:00+00:00,31.973459243774414,37.04999923706055,37.70000076293945,36.5,37.29999923706055,1033545
2004-12-29 00:00:00+00:00,31.412519454956055,36.400001525878906,37.369998931884766,36.220001220703125,37.09000015258789,894270
2004-12-30 00:00:00+00:00,31.550600051879883,36.560001373291016,37.58000183105469,36.40999984741211,37.0,1201520
2004-12-31 00:00:00+00:00,31.964834213256836,37.040000915527344,37.400001525878906,36.599998474121094,37.0,867525
2005-01-03 00:00:00+00:00,32.82781219482422,38.040000915527344,38.20000076293945,37.0,37.0,1421010
2005-01-04 00:00:00+00:00,32.74150466918945,37.939998626708984,38.400001525878906,37.400001525878906,38.220001220703125,1115825
2005-01-05 00:00:00+00:00,31.800865173339844,36.849998474121094,37.9900016784668,35.5099983215332,37.9900016784668,1163085
2005-01-06 00:00:00+00:00,31.956199645996094,37.029998779296875,38.0,35.400001525878906,36.81999969482422,1192610
2005-01-07 00:00:00+00:00,32.810543060302734,38.02000045776367,38.380001068115234,36.130001068115234,36.130001068115234,1530260
2005-01-10 00:00:00+00:00,33.15574264526367,38.41999816894531,39.0,37.900001525878906,38.34000015258789,1267765
2005-01-11 00:00:00+00:00,32.43946075439453,37.59000015258789,38.58000183105469,36.79999923706055,38.099998474121094,840515
2005-01-12 00:00:00+00:00,31.300329208374023,36.27000045776367,37.63999938964844,35.619998931884766,37.220001220703125,813470
2005-01-13 00:00:00+00:00,30.3165340423584,35.130001068115234,36.63999938964844,34.0,36.0,2944635
2005-01-14 00:00:00+00:00,32.612060546875,37.790000915527344,38.400001525878906,35.29999923706055,35.34000015258789,3135360
2005-01-17 00:00:00+00:00,33.958309173583984,39.349998474121094,40.20000076293945,37.22999954223633,38.599998474121094,4946040
2005-01-18 00:00:00+00:00,34.26897430419922,39.709999084472656,41.599998474121094,39.220001220703125,40.29999923706055,5393870
2005-01-19 00:00:00+00:00,33.768463134765625,39.130001068115234,40.400001525878906,38.70000076293945,39.959999084472656,1284450
2005-01-20 00:00:00+00:00,32.974517822265625,38.209999084472656,39.34000015258789,37.619998931884766,39.34000015258789,1227895
2005-01-24 00:00:00+00:00,35.2786750793457,40.880001068115234,41.93000030517578,37.79999923706055,38.65999984741211,3109595
2005-01-25 00:00:00+00:00,34.29487991333008,39.7400016784668,41.0,39.400001525878906,41.0,1605020
2005-01-27 00:00:00+00:00,35.64113235473633,41.29999923706055,41.599998474121094,39.810001373291016,40.099998474121094,1910595
2005-01-28 00:00:00+00:00,35.40812301635742,41.029998779296875,41.70000076293945,40.650001525878906,41.70000076293945,873020
2005-01-31 00:00:00+00:00,35.56346893310547,41.209999084472656,42.0,40.810001373291016,41.47999954223633,1530985
2005-02-01 00:00:00+00:00,35.28730010986328,40.88999938964844,41.79999923706055,39.52000045776367,41.79999923706055,2379935
2005-02-02 00:00:00+00:00,37.151344299316406,43.04999923706055,43.779998779296875,40.400001525878906,41.0,3165625
2005-02-03 00:00:00+00:00,38.76512908935547,44.91999816894531,45.27000045776367,42.79999923706055,43.400001525878906,3884995
2005-02-04 00:00:00+00:00,38.83416748046875,45.0,48.0,44.20000076293945,45.18000030517578,2528320
2005-02-07 00:00:00+00:00,38.54936981201172,44.66999816894531,45.88999938964844,44.04999923706055,45.0,830040
2005-02-08 00:00:00+00:00,39.62809371948242,45.91999816894531,46.560001373291016,41.11000061035156,41.11000061035156,2233545
2005-02-09 00:00:00+00:00,39.878360748291016,46.209999084472656,46.79999923706055,45.400001525878906,46.5,1239290
2005-02-10 00:00:00+00:00,38.86866760253906,45.040000915527344,46.5,44.599998474121094,45.79999923706055,485370
2005-02-11 00:00:00+00:00,39.809326171875,46.130001068115234,46.38999938964844,44.41999816894531,45.040000915527344,642145
2005-02-14 00:00:00+00:00,39.930137634277344,46.27000045776367,47.29999923706055,45.61000061035156,46.400001525878906,1174155
2005-02-15 00:00:00+00:00,39.861106872558594,46.189998626708984,46.400001525878906,45.400001525878906,46.0,438620
2005-02-16 00:00:00+00:00,40.02507400512695,46.380001068115234,47.0,45.400001525878906,46.0,1328660
2005-02-17 00:00:00+00:00,38.057472229003906,44.099998474121094,46.380001068115234,43.599998474121094,46.380001068115234,1035375
2005-02-18 00:00:00+00:00,37.97979736328125,44.0099983215332,45.400001525878906,43.79999923706055,44.79999923706055,926520
2005-02-21 00:00:00+00:00,39.619468688964844,45.90999984741211,47.16999816894531,44.119998931884766,46.400001525878906,1647380
2005-02-22 00:00:00+00:00,39.93877410888672,46.279998779296875,46.599998474121094,45.20000076293945,46.20000076293945,1550545
2005-02-23 00:00:00+00:00,39.3519401550293,45.599998474121094,46.599998474121094,45.0,46.0,830910
2005-02-24 00:00:00+00:00,39.46413040161133,45.72999954223633,46.29999923706055,44.45000076293945,45.599998474121094,1300075
2005-02-25 00:00:00+00:00,39.04127883911133,45.2400016784668,47.0,45.02000045776367,46.2599983215332,1062885
2005-02-28 00:00:00+00:00,41.78554916381836,48.41999816894531,51.29999923706055,45.7400016784668,45.7400016784668,4790575
2005-03-01 00:00:00+00:00,39.62809371948242,45.91999816894531,47.79999923706055,44.599998474121094,47.79999923706055,2324410
2005-03-02 00:00:00+00:00,39.42961120605469,45.689998626708984,46.84000015258789,45.43000030517578,46.0099983215332,1196570
2005-03-03 00:00:00+00:00,39.36920166015625,45.619998931884766,46.970001220703125,45.400001525878906,46.959999084472656,1082705
2005-03-04 00:00:00+00:00,39.964664459228516,46.310001373291016,46.4900016784668,45.810001373291016,46.13999938964844,1028510
2005-03-07 00:00:00+00:00,40.84490203857422,47.33000183105469,48.400001525878906,47.0,48.400001525878906,1707605
2005-03-08 00:00:00+00:00,42.44141387939453,49.18000030517578,49.56999969482422,47.529998779296875,47.79999923706055,1594815
2005-03-09 00:00:00+00:00,43.37343978881836,50.2599983215332,51.0,47.0,47.0,3267225
2005-03-10 00:00:00+00:00,44.42627716064453,51.47999954223633,52.79999923706055,49.79999923706055,51.189998626708984,3611995
2005-03-11 00:00:00+00:00,45.05624771118164,52.209999084472656,52.599998474121094,50.93000030517578,51.9900016784668,2708980
2005-03-14 00:00:00+00:00,44.9354362487793,52.06999969482422,53.95000076293945,51.90999984741211,52.0,2175070
2005-03-15 00:00:00+00:00,44.29682922363281,51.33000183105469,53.439998626708984,50.0,52.56999969482422,2306335
2005-03-16 00:00:00+00:00,42.25155258178711,48.959999084472656,53.400001525878906,48.40999984741211,51.97999954223633,4119850
2005-03-17 00:00:00+00:00,41.975406646728516,48.63999938964844,50.68000030517578,48.29999923706055,49.97999954223633,1530685
2005-03-18 00:00:00+00:00,41.71651840209961,48.34000015258789,49.11000061035156,47.599998474121094,48.7599983215332,1406580
2005-03-21 00:00:00+00:00,41.466251373291016,48.04999923706055,49.13999938964844,48.0,48.970001220703125,504030
2005-03-22 00:00:00+00:00,40.45656204223633,46.880001068115234,48.58000183105469,46.56999969482422,48.58000183105469,728745
2005-03-23 00:00:00+00:00,40.870792388916016,47.36000061035156,47.52000045776367,46.400001525878906,46.400001525878906,2864225
2005-03-24 00:00:00+00:00,40.206298828125,46.59000015258789,47.599998474121094,45.810001373291016,47.599998474121094,600425
2005-03-28 00:00:00+00:00,40.007808685302734,46.36000061035156,47.47999954223633,46.209999084472656,46.900001525878906,522475
2005-03-29 00:00:00+00:00,39.13620376586914,45.349998474121094,46.619998931884766,45.0099983215332,46.599998474121094,688995
2005-03-30 00:00:00+00:00,39.72303009033203,46.029998779296875,47.040000915527344,44.61000061035156,45.70000076293945,3205320
2005-03-31 00:00:00+00:00,41.008872985839844,47.52000045776367,48.349998474121094,46.04999923706055,46.599998474121094,381240
2005-04-01 00:00:00+00:00,41.10379409790039,47.630001068115234,47.959999084472656,47.0,47.400001525878906,260045
2005-04-04 00:00:00+00:00,40.93982696533203,47.439998626708984,48.13999938964844,47.20000076293945,47.630001068115234,237750
2005-04-05 00:00:00+00:00,40.74998092651367,47.220001220703125,48.79999923706055,46.61000061035156,47.86000061035156,482330
2005-04-06 00:00:00+00:00,40.611900329589844,47.060001373291016,47.779998779296875,46.7400016784668,47.7599983215332,391140
2005-04-07 00:00:00+00:00,40.439308166503906,46.86000061035156,47.9900016784668,46.5,47.400001525878906,444470
2005-04-08 00:00:00+00:00,39.619468688964844,45.90999984741211,47.560001373291016,45.79999923706055,47.560001373291016,303400
2005-04-11 00:00:00+00:00,39.3519401550293,45.599998474121094,46.279998779296875,45.20000076293945,46.279998779296875,454780
2005-04-12 00:00:00+00:00,39.2397575378418,45.470001220703125,46.13999938964844,44.81999969482422,46.13999938964844,162440
2005-04-13 00:00:00+00:00,39.09305191040039,45.29999923706055,45.91999816894531,45.099998474121094,45.91999816894531,168810
2005-04-15 00:00:00+00:00,39.07578659057617,45.279998779296875,45.599998474121094,44.59000015258789,45.0,278600
2005-04-18 00:00:00+00:00,38.514854431152344,44.630001068115234,45.20000076293945,43.20000076293945,44.79999923706055,315215
2005-04-19 00:00:00+00:00,39.964664459228516,46.310001373291016,46.79999923706055,45.20000076293945,45.20000076293945,776725
2005-04-20 00:00:00+00:00,39.52454376220703,45.79999923706055,46.9900016784668,45.29999923706055,46.400001525878906,656505
2005-04-21 00:00:00+00:00,40.870792388916016,47.36000061035156,47.900001525878906,45.79999923706055,46.209999084472656,2249250
2005-04-22 00:00:00+00:00,41.198726654052734,47.7400016784668,48.84000015258789,47.220001220703125,48.0,1709870
2005-04-25 00:00:00+00:00,42.49319839477539,49.2400016784668,49.9900016784668,47.40999984741211,47.97999954223633,1197390
2005-04-26 00:00:00+00:00,41.612953186035156,48.220001220703125,49.869998931884766,48.0,49.869998931884766,649065
2005-04-27 00:00:00+00:00,41.466251373291016,48.04999923706055,48.97999954223633,47.0099983215332,48.0,412015
2005-04-28 00:00:00+00:00,40.74998092651367,47.220001220703125,48.5099983215332,46.099998474121094,47.400001525878906,2859300
2005-04-29 00:00:00+00:00,39.71440887451172,46.02000045776367,47.02000045776367,45.099998474121094,45.099998474121094,2762985
2005-05-02 00:00:00+00:00,40.48245620727539,46.90999984741211,47.0,45.86000061035156,46.56999969482422,1045745
2005-05-03 00:00:00+00:00,39.852481842041016,46.18000030517578,46.79999923706055,46.0,46.79999923706055,745630
2005-05-04 00:00:00+00:00,39.861106872558594,46.189998626708984,46.56999969482422,45.599998474121094,46.0,447725
2005-05-05 00:00:00+00:00,41.8804817199707,48.529998779296875,52.599998474121094,47.20000076293945,47.20000076293945,2585965
2005-05-06 00:00:00+00:00,41.37995147705078,47.95000076293945,49.189998626708984,47.560001373291016,48.72999954223633,3000720
2005-05-09 00:00:00+00:00,41.423099517822266,48.0,48.45000076293945,47.20000076293945,48.29999923706055,1056070
2005-05-10 00:00:00+00:00,41.03475570678711,47.54999923706055,48.189998626708984,47.099998474121094,47.97999954223633,649735
2005-05-11 00:00:00+00:00,40.04232406616211,46.400001525878906,47.58000183105469,46.08000183105469,47.58000183105469,948705
2005-05-12 00:00:00+00:00,40.292598724365234,46.689998626708984,47.79999923706055,46.0,46.560001373291016,4594225
2005-05-13 00:00:00+00:00,40.10273742675781,46.470001220703125,47.68000030517578,46.20000076293945,47.0,1377725
2005-05-16 00:00:00+00:00,39.28290557861328,45.52000045776367,46.47999954223633,45.22999954223633,46.47999954223633,885465
2005-05-17 00:00:00+00:00,38.22144317626953,44.290000915527344,46.400001525878906,43.790000915527344,46.400001525878906,3437500
2005-05-18 00:00:00+00:00,38.26459884643555,44.34000015258789,44.779998779296875,43.65999984741211,44.400001525878906,843195
2005-05-19 00:00:00+00:00,37.97979736328125,44.0099983215332,45.279998779296875,43.70000076293945,44.7400016784668,1464990
2005-05-20 00:00:00+00:00,38.48678207397461,44.029998779296875,44.38999938964844,43.2599983215332,43.959999084472656,1222320
2005-05-23 00:00:00+00:00,39.34339904785156,45.0099983215332,45.150001525878906,44.0,44.79999923706055,1978210
2005-05-24 00:00:00+00:00,39.18606185913086,44.83000183105469,45.36000061035156,44.099998474121094,45.13999938964844,1905190
2005-05-25 00:00:00+00:00,39.34339904785156,45.0099983215332,45.20000076293945,44.220001220703125,44.599998474121094,1314570
2005-05-26 00:00:00+00:00,38.57419967651367,44.130001068115234,45.15999984741211,43.599998474121094,45.0099983215332,516750
2005-05-27 00:00:00+00:00,39.29096603393555,44.95000076293945,45.29999923706055,43.93000030517578,44.400001525878906,1103825
2005-05-30 00:00:00+00:00,38.749019622802734,44.33000183105469,45.599998474121094,44.099998474121094,45.18000030517578,681940
2005-05-31 00:00:00+00:00,41.91328048706055,47.95000076293945,48.29999923706055,44.33000183105469,44.900001525878906,5410810
2005-06-01 00:00:00+00:00,41.72970962524414,47.7400016784668,48.0,47.02000045776367,48.0,1406785
2005-06-02 00:00:00+00:00,39.87660598754883,45.619998931884766,47.400001525878906,45.599998474121094,47.400001525878906,1905010
2005-06-03 00:00:00+00:00,40.6370849609375,46.4900016784668,47.04999923706055,45.220001220703125,46.400001525878906,1357690
2005-06-06 00:00:00+00:00,39.806678771972656,45.540000915527344,46.79999923706055,45.40999984741211,46.599998474121094,1054425
2005-06-07 00:00:00+00:00,40.56715393066406,46.40999984741211,46.79999923706055,45.84000015258789,45.97999954223633,1124135
2005-06-08 00:00:00+00:00,41.20524597167969,47.13999938964844,48.400001525878906,46.4900016784668,46.79999923706055,2118755
2005-06-09 00:00:00+00:00,40.57588577270508,46.41999816894531,47.47999954223633,45.79999923706055,47.38999938964844,999980
2005-06-10 00:00:00+00:00,40.462257385253906,46.290000915527344,47.0,45.91999816894531,46.560001373291016,1726470
2005-06-13 00:00:00+00:00,40.20877456665039,46.0,46.560001373291016,45.619998931884766,45.619998931884766,669885
2005-06-14 00:00:00+00:00,40.200035095214844,45.9900016784668,47.36000061035156,45.81999969482422,46.27000045776367,1327940
2005-06-15 00:00:00+00:00,40.56715393066406,46.40999984741211,46.599998474121094,45.779998779296875,46.380001068115234,1683500
2005-06-16 00:00:00+00:00,40.26996612548828,46.06999969482422,47.20000076293945,45.7599983215332,46.97999954223633,1894645
2005-06-17 00:00:00+00:00,41.12657928466797,47.04999923706055,47.27000045776367,46.189998626708984,46.349998474121094,2365160
2005-06-20 00:00:00+00:00,41.12657928466797,47.04999923706055,47.560001373291016,46.79999923706055,47.47999954223633,1351500
2005-06-21 00:00:00+00:00,40.93427658081055,46.83000183105469,47.18000030517578,46.45000076293945,47.0,986850
2005-06-22 00:00:00+00:00,42.15802001953125,48.22999954223633,48.400001525878906,46.84000015258789,47.099998474121094,4266520
2005-06-23 00:00:00+00:00,42.00068664550781,48.04999923706055,49.58000183105469,47.79999923706055,48.599998474121094,2147160
2005-06-24 00:00:00+00:00,42.04438781738281,48.099998474121094,48.79999923706055,47.91999816894531,48.5,1464350
2005-06-27 00:00:00+00:00,42.551361083984375,48.68000030517578,48.97999954223633,47.72999954223633,48.20000076293945,1171935
2005-06-28 00:00:00+00:00,41.511192321777344,47.4900016784668,48.88999938964844,47.099998474121094,48.68000030517578,1093235
2005-06-29 00:00:00+00:00,42.53388977050781,48.65999984741211,48.900001525878906,46.79999923706055,47.400001525878906,2644860
2005-06-30 00:00:00+00:00,43.13701629638672,49.349998474121094,50.0,47.599998474121094,48.79999923706055,4327080
2005-07-01 00:00:00+00:00,43.5216178894043,49.790000915527344,50.369998931884766,48.0,48.97999954223633,1237455
2005-07-04 00:00:00+00:00,42.63003921508789,48.77000045776367,50.20000076293945,46.0,49.04999923706055,562245
2005-07-05 00:00:00+00:00,42.7261962890625,48.880001068115234,50.9900016784668,48.43000030517578,48.77000045776367,2200430
2005-07-06 00:00:00+00:00,44.37824249267578,50.77000045776367,51.29999923706055,48.91999816894531,49.380001068115234,1596665
2005-07-07 00:00:00+00:00,43.67021942138672,49.959999084472656,52.0,49.22999954223633,52.0,910035
2005-07-08 00:00:00+00:00,45.995338439941406,52.619998931884766,53.04999923706055,50.29999923706055,50.29999923706055,2059800
2005-07-11 00:00:00+00:00,46.82573699951172,53.56999969482422,54.20000076293945,53.0099983215332,53.0099983215332,1937230
2005-07-12 00:00:00+00:00,46.84321975708008,53.59000015258789,54.15999984741211,50.0099983215332,50.0099983215332,1236650
2005-07-13 00:00:00+00:00,46.607215881347656,53.31999969482422,54.689998626708984,53.06999969482422,54.0,779965
2005-07-14 00:00:00+00:00,45.663177490234375,52.2400016784668,54.380001068115234,51.93000030517578,53.599998474121094,1685395
2005-07-15 00:00:00+00:00,44.0111198425293,50.349998474121094,52.220001220703125,49.810001373291016,52.20000076293945,2322085
2005-07-18 00:00:00+00:00,44.229652404785156,50.599998474121094,52.15999984741211,50.40999984741211,50.599998474121094,1232245
2005-07-19 00:00:00+00:00,44.20342254638672,50.56999969482422,52.29999923706055,50.400001525878906,52.29999923706055,935450
2005-07-20 00:00:00+00:00,43.285621643066406,49.52000045776367,51.29999923706055,49.220001220703125,50.599998474121094,2259040
2005-07-21 00:00:00+00:00,43.66148376464844,49.95000076293945,50.18000030517578,49.599998474121094,49.9900016784668,1511290
2005-07-22 00:00:00+00:00,43.66148376464844,49.95000076293945,50.25,49.400001525878906,49.599998474121094,1539175
2005-07-25 00:00:00+00:00,44.5006217956543,50.90999984741211,51.29999923706055,49.599998474121094,50.0,1772655
2005-07-26 00:00:00+00:00,46.81699752807617,53.560001373291016,54.0,51.20000076293945,51.400001525878906,5934065
2005-07-27 00:00:00+00:00,45.91666030883789,52.529998779296875,54.13999938964844,52.0,54.13999938964844,599870
2005-07-28 00:00:00+00:00,45.91666030883789,52.529998779296875,52.529998779296875,52.529998779296875,52.529998779296875,0
2005-07-29 00:00:00+00:00,45.96037673950195,52.58000183105469,54.400001525878906,48.529998779296875,48.529998779296875,2373800
2005-08-01 00:00:00+00:00,46.84321975708008,53.59000015258789,54.0,52.66999816894531,52.97999954223633,1122875
2005-08-02 00:00:00+00:00,48.35540771484375,55.31999969482422,56.0,53.95000076293945,54.0,9183410
2005-08-03 00:00:00+00:00,48.75749969482422,55.779998779296875,57.0,55.11000061035156,56.0,9265455
2005-08-04 00:00:00+00:00,48.678836822509766,55.689998626708984,57.0,52.45000076293945,57.0,2936085
2005-08-05 00:00:00+00:00,46.519805908203125,53.220001220703125,55.599998474121094,52.970001220703125,55.599998474121094,4372985
2005-08-08 00:00:00+00:00,45.42716598510742,51.970001220703125,54.08000183105469,51.220001220703125,53.619998931884766,4005680
2005-08-09 00:00:00+00:00,45.71562194824219,52.29999923706055,52.9900016784668,51.04999923706055,52.220001220703125,2957475
2005-08-10 00:00:00+00:00,45.4096794128418,51.95000076293945,52.599998474121094,51.79999923706055,52.279998779296875,1327160
2005-08-11 00:00:00+00:00,45.4096794128418,51.95000076293945,52.84000015258789,51.599998474121094,52.20000076293945,2569405
2005-08-12 00:00:00+00:00,45.72437286376953,52.310001373291016,52.77000045776367,51.79999923706055,52.0,3454400
2005-08-16 00:00:00+00:00,45.532066345214844,52.09000015258789,52.779998779296875,52.0,52.34000015258789,1800870
2005-08-17 00:00:00+00:00,45.91666030883789,52.529998779296875,52.849998474121094,52.08000183105469,52.7400016784668,672545
2005-08-18 00:00:00+00:00,45.93415069580078,52.54999923706055,53.0,52.0099983215332,52.20000076293945,312570
2005-08-19 00:00:00+00:00,45.72437286376953,52.310001373291016,52.779998779296875,52.04999923706055,52.779998779296875,556755
2005-08-22 00:00:00+00:00,44.920188903808594,51.38999938964844,53.79999923706055,51.0,53.79999923706055,618150
2005-08-23 00:00:00+00:00,43.678958892822266,49.970001220703125,52.400001525878906,49.02000045776367,51.79999923706055,1728480
2005-08-24 00:00:00+00:00,43.30309295654297,49.540000915527344,50.95000076293945,49.0099983215332,50.599998474121094,972340
2005-08-25 00:00:00+00:00,42.9010009765625,49.08000183105469,50.18000030517578,48.0,49.599998474121094,2458170
2005-08-26 00:00:00+00:00,43.47792053222656,49.7400016784668,50.0,48.599998474121094,48.599998474121094,720515
2005-08-29 00:00:00+00:00,43.63525390625,49.91999816894531,50.099998474121094,48.709999084472656,49.790000915527344,3396515
2005-08-30 00:00:00+00:00,43.63525390625,49.91999816894531,50.20000076293945,49.79999923706055,50.20000076293945,1232305
2005-08-31 00:00:00+00:00,43.64400100708008,49.93000030517578,50.400001525878906,49.650001525878906,50.400001525878906,3747845
2005-09-01 00:00:00+00:00,43.87126159667969,50.189998626708984,51.0,49.9900016784668,50.02000045776367,1665390
2005-09-02 00:00:00+00:00,44.95515823364258,51.43000030517578,52.18000030517578,49.43000030517578,50.29999923706055,9548120
2005-09-05 00:00:00+00:00,45.313533782958984,51.84000015258789,52.779998779296875,51.0,51.0,1814065
2005-09-06 00:00:00+00:00,45.46213150024414,52.0099983215332,52.380001068115234,50.900001525878906,52.380001068115234,600370
2005-09-08 00:00:00+00:00,45.9691162109375,52.59000015258789,52.779998779296875,52.0,52.0,755320
2005-09-09 00:00:00+00:00,46.69462203979492,53.41999816894531,53.779998779296875,51.79999923706055,52.400001525878906,1495005
2005-09-12 00:00:00+00:00,47.38515853881836,54.209999084472656,54.400001525878906,53.400001525878906,53.70000076293945,1428075
2005-09-13 00:00:00+00:00,47.64739990234375,54.5099983215332,54.88999938964844,53.81999969482422,54.060001373291016,1186130
2005-09-14 00:00:00+00:00,47.22782516479492,54.029998779296875,54.79999923706055,53.619998931884766,54.400001525878906,1820810
2005-09-15 00:00:00+00:00,47.37642288208008,54.20000076293945,54.59000015258789,50.529998779296875,50.529998779296875,296455
2005-09-16 00:00:00+00:00,46.62468719482422,53.34000015258789,54.400001525878906,50.650001525878906,50.650001525878906,577000
2005-09-19 00:00:00+00:00,46.97433090209961,53.7400016784668,54.130001068115234,53.0,53.0,614740
2005-09-20 00:00:00+00:00,48.9935188293457,56.04999923706055,56.599998474121094,52.81999969482422,53.529998779296875,2121295
2005-09-21 00:00:00+00:00,50.0774040222168,57.290000915527344,58.4900016784668,54.20000076293945,56.400001525878906,3318940
2005-09-22 00:00:00+00:00,47.778507232666016,54.65999984741211,57.79999923706055,54.06999969482422,57.70000076293945,1959090
2005-09-23 00:00:00+00:00,46.77328872680664,53.5099983215332,55.79999923706055,52.810001373291016,54.0099983215332,802575
2005-09-26 00:00:00+00:00,47.88340377807617,54.779998779296875,57.95000076293945,53.5099983215332,57.7599983215332,1066845
2005-09-27 00:00:00+00:00,48.74876403808594,55.77000045776367,56.70000076293945,54.61000061035156,55.7599983215332,1544300
2005-09-28 00:00:00+00:00,47.94458770751953,54.849998474121094,56.97999954223633,54.5,56.97999954223633,1929725
2005-09-29 00:00:00+00:00,46.08274459838867,52.720001220703125,55.34000015258789,51.79999923706055,55.20000076293945,2271355
2005-09-30 00:00:00+00:00,46.467350006103516,53.15999984741211,55.0,52.29999923706055,55.0,946800
2005-10-03 00:00:00+00:00,45.72437286376953,52.310001373291016,53.38999938964844,52.099998474121094,53.13999938964844,1656675
2005-10-04 00:00:00+00:00,46.572235107421875,53.279998779296875,53.599998474121094,52.400001525878906,53.0,928965
2005-10-05 00:00:00+00:00,45.14745330810547,51.650001525878906,52.939998626708984,51.400001525878906,52.939998626708984,1349025
2005-10-06 00:00:00+00:00,44.264610290527344,50.63999938964844,52.20000076293945,49.779998779296875,51.79999923706055,2779295
2005-10-07 00:00:00+00:00,44.824031829833984,51.279998779296875,51.599998474121094,49.849998474121094,51.599998474121094,1424705
2005-10-10 00:00:00+00:00,45.54080581665039,52.099998474121094,52.380001068115234,50.5099983215332,51.79999923706055,1055885
2005-10-11 00:00:00+00:00,45.25234603881836,51.77000045776367,52.40999984741211,50.81999969482422,52.400001525878906,1118685
2005-10-13 00:00:00+00:00,44.29083251953125,50.66999816894531,52.0,50.2599983215332,51.70000076293945,2086810
2005-10-14 00:00:00+00:00,45.0338249206543,51.52000045776367,52.560001373291016,49.63999938964844,51.619998931884766,3916475
2005-10-17 00:00:00+00:00,44.1946907043457,50.560001373291016,52.959999084472656,48.650001525878906,52.2599983215332,1048730
2005-10-18 00:00:00+00:00,44.06357192993164,50.40999984741211,51.599998474121094,50.0099983215332,50.59000015258789,994760
2005-10-19 00:00:00+00:00,43.80134201049805,50.11000061035156,50.540000915527344,49.52000045776367,50.0,1561455
2005-10-20 00:00:00+00:00,41.29266357421875,47.2400016784668,50.9900016784668,45.20000076293945,50.20000076293945,3193125
2005-10-21 00:00:00+00:00,41.05665588378906,46.970001220703125,48.400001525878906,46.029998779296875,48.0,2317645
2005-10-24 00:00:00+00:00,40.06890869140625,45.84000015258789,47.95000076293945,45.5,47.5,1492325
2005-10-25 00:00:00+00:00,40.20877456665039,46.0,46.880001068115234,45.0099983215332,46.099998474121094,2143475
2005-10-26 00:00:00+00:00,39.83290481567383,45.56999969482422,46.349998474121094,45.0099983215332,46.099998474121094,1915950
2005-10-27 00:00:00+00:00,38.59168243408203,44.150001525878906,45.599998474121094,43.869998931884766,45.02000045776367,2101990
2005-10-28 00:00:00+00:00,39.91157150268555,45.65999984741211,46.02000045776367,44.0,44.0,1477435
2005-10-31 00:00:00+00:00,41.82586669921875,47.849998474121094,48.18000030517578,44.900001525878906,44.900001525878906,1046705
2005-11-02 00:00:00+00:00,41.773414611816406,47.790000915527344,47.970001220703125,46.02000045776367,46.02000045776367,220420
2005-11-04 00:00:00+00:00,41.773414611816406,47.790000915527344,47.790000915527344,47.790000915527344,47.790000915527344,0
2005-11-07 00:00:00+00:00,41.458736419677734,47.43000030517578,48.20000076293945,46.5,48.0,1934530
2005-11-08 00:00:00+00:00,41.703487396240234,47.709999084472656,48.0,46.900001525878906,46.900001525878906,740265
2005-11-09 00:00:00+00:00,41.7909049987793,47.810001373291016,48.70000076293945,47.400001525878906,47.709999084472656,1571330
2005-11-10 00:00:00+00:00,41.642303466796875,47.63999938964844,48.400001525878906,47.54999923706055,48.400001525878906,717460
2005-11-11 00:00:00+00:00,42.00943374633789,48.060001373291016,48.84000015258789,47.63999938964844,47.63999938964844,1010600
2005-11-14 00:00:00+00:00,42.8835334777832,49.060001373291016,49.599998474121094,48.38999938964844,48.619998931884766,1142895
2005-11-16 00:00:00+00:00,43.923709869384766,50.25,50.86000061035156,48.79999923706055,49.20000076293945,2643965
2005-11-17 00:00:00+00:00,44.631736755371094,51.060001373291016,51.7400016784668,49.84000015258789,51.7400016784668,4235835
2005-11-18 00:00:00+00:00,43.72266387939453,50.02000045776367,51.5,49.52000045776367,51.400001525878906,953300
2005-11-21 00:00:00+00:00,42.80485153198242,48.970001220703125,50.15999984741211,48.560001373291016,50.15999984741211,1029925
2005-11-22 00:00:00+00:00,41.96571731567383,48.0099983215332,49.189998626708984,47.849998474121094,48.7599983215332,755145
2005-11-23 00:00:00+00:00,43.469181060791016,49.72999954223633,49.939998626708984,47.5,48.040000915527344,1348040
2005-11-24 00:00:00+00:00,42.98841857910156,49.18000030517578,50.29999923706055,48.86000061035156,49.86000061035156,1315355
2005-11-25 00:00:00+00:00,45.025089263916016,51.5099983215332,51.97999954223633,49.18000030517578,49.18000030517578,1187345
2005-11-28 00:00:00+00:00,45.4796142578125,52.029998779296875,52.20000076293945,51.0,51.599998474121094,1199655
2005-11-29 00:00:00+00:00,46.484825134277344,53.18000030517578,54.0,51.27000045776367,52.0,2358570
2005-11-30 00:00:00+00:00,47.420127868652344,54.25,54.95000076293945,53.560001373291016,53.619998931884766,3095435
2005-12-01 00:00:00+00:00,48.88862609863281,55.93000030517578,56.34000015258789,53.810001373291016,54.099998474121094,2120415
2005-12-02 00:00:00+00:00,49.44804763793945,56.56999969482422,56.79999923706055,55.65999984741211,56.0,1875975
2005-12-05 00:00:00+00:00,51.397300720214844,58.79999923706055,59.15999984741211,56.5099983215332,56.599998474121094,2032310
2005-12-06 00:00:00+00:00,50.706748962402344,58.0099983215332,60.0,57.79999923706055,57.97999954223633,1495590
2005-12-07 00:00:00+00:00,50.98646926879883,58.33000183105469,58.79999923706055,57.099998474121094,58.0,907100
2005-12-08 00:00:00+00:00,50.98646926879883,58.33000183105469,58.599998474121094,57.79999923706055,58.29999923706055,466210
2005-12-09 00:00:00+00:00,50.007476806640625,57.209999084472656,58.400001525878906,55.0,57.79999923706055,377730
2005-12-12 00:00:00+00:00,49.631614685058594,56.779998779296875,58.599998474121094,56.5,57.5,415165
2005-12-13 00:00:00+00:00,50.418304443359375,57.68000030517578,58.79999923706055,56.70000076293945,57.099998474121094,1103720
2005-12-14 00:00:00+00:00,53.90597915649414,61.66999816894531,62.18000030517578,58.0,58.0,4282875
2005-12-15 00:00:00+00:00,50.26096725463867,57.5,61.79999923706055,56.54999923706055,61.380001068115234,1737285
2005-12-16 00:00:00+00:00,49.98125076293945,57.18000030517578,59.0,57.0,57.79999923706055,1106545
2005-12-19 00:00:00+00:00,51.80812454223633,59.27000045776367,59.79999923706055,57.709999084472656,58.0,1242350
2005-12-20 00:00:00+00:00,50.829132080078125,58.150001525878906,59.709999084472656,57.83000183105469,59.27000045776367,677340
2005-12-21 00:00:00+00:00,51.073883056640625,58.43000030517578,59.4900016784668,57.54999923706055,59.34000015258789,1465185
2005-12-22 00:00:00+00:00,52.017913818359375,59.5099983215332,60.79999923706055,58.02000045776367,58.4900016784668,1794540
2005-12-23 00:00:00+00:00,52.45496368408203,60.0099983215332,60.599998474121094,59.41999816894531,59.61000061035156,595705
2005-12-26 00:00:00+00:00,50.17355728149414,57.400001525878906,60.0099983215332,56.29999923706055,60.0099983215332,865705
2005-12-27 00:00:00+00:00,52.72593307495117,60.31999969482422,61.400001525878906,55.20000076293945,56.79999923706055,768925
2005-12-28 00:00:00+00:00,51.88679122924805,59.36000061035156,61.400001525878906,59.04999923706055,60.31999969482422,580740
2005-12-29 00:00:00+00:00,49.2557373046875,56.349998474121094,60.099998474121094,55.79999923706055,60.0,3307410
2005-12-30 00:00:00+00:00,50.16481399536133,57.38999938964844,57.959999084472656,56.63999938964844,56.79999923706055,1254230
2006-01-02 00:00:00+00:00,50.40081024169922,57.65999984741211,58.70000076293945,57.29999923706055,58.400001525878906,715590
2006-01-03 00:00:00+00:00,50.62809371948242,57.91999816894531,58.7599983215332,57.70000076293945,58.040000915527344,419965
2006-01-04 00:00:00+00:00,51.83435821533203,59.29999923706055,59.75,58.20000076293945,58.599998474121094,1448085
2006-01-05 00:00:00+00:00,53.09306716918945,60.7400016784668,61.099998474121094,58.810001373291016,59.29999923706055,3013255
2006-01-06 00:00:00+00:00,54.867488861083984,62.77000045776367,63.099998474121094,60.81999969482422,61.79999923706055,2035155
2006-01-09 00:00:00+00:00,55.87270736694336,63.91999816894531,65.1500015258789,62.02000045776367,63.0,2035060
2006-01-10 00:00:00+00:00,54.6751823425293,62.54999923706055,64.4000015258789,61.20000076293945,64.19999694824219,1998300
2006-01-12 00:00:00+00:00,54.77133560180664,62.65999984741211,63.599998474121094,58.529998779296875,62.79999923706055,937425
2006-01-13 00:00:00+00:00,55.627960205078125,63.63999938964844,64.58000183105469,62.900001525878906,63.20000076293945,2309120
2006-01-16 00:00:00+00:00,56.50205993652344,64.63999938964844,65.0,63.0099983215332,63.9900016784668,1812945
2006-01-17 00:00:00+00:00,56.65940856933594,64.81999969482422,71.0,64.5999984741211,68.87999725341797,1566355
2006-01-18 00:00:00+00:00,56.06501770019531,64.13999938964844,65.0,62.20000076293945,64.62000274658203,1319795
2006-01-19 00:00:00+00:00,57.2974967956543,65.55000305175781,66.0,64.5199966430664,65.0,690225
2006-01-20 00:00:00+00:00,59.22053146362305,67.75,69.95999908447266,65.22000122070312,65.80000305175781,1201500
2006-01-23 00:00:00+00:00,64.20291900634766,73.44999694824219,74.9800033569336,66.0199966430664,67.9000015258789,3207325
2006-01-24 00:00:00+00:00,58.83591079711914,67.30999755859375,73.87999725341797,66.80999755859375,69.0,2447030
2006-01-25 00:00:00+00:00,56.78178024291992,64.95999908447266,71.0,64.19999694824219,71.0,2142220
2006-01-27 00:00:00+00:00,58.25901412963867,66.6500015258789,67.83999633789062,65.37999725341797,65.77999877929688,3883055
2006-01-30 00:00:00+00:00,58.28523254394531,66.68000030517578,67.76000213623047,64.80000305175781,66.6500015258789,1723365
2006-01-31 00:00:00+00:00,58.92334747314453,67.41000366210938,67.80000305175781,66.01000213623047,66.9000015258789,1218250
2006-02-01 00:00:00+00:00,58.7659912109375,67.2300033569336,68.5999984741211,66.01000213623047,67.4000015258789,1584040
2006-02-02 00:00:00+00:00,59.21178436279297,67.73999786376953,69.0,66.12000274658203,68.0,3089815
2006-02-03 00:00:00+00:00,57.48980712890625,65.7699966430664,68.22000122070312,64.87000274658203,68.22000122070312,1398940
2006-02-06 00:00:00+00:00,58.495025634765625,66.91999816894531,67.18000030517578,65.19999694824219,66.0,617915
2006-02-07 00:00:00+00:00,60.916282653808594,69.69000244140625,72.4000015258789,67.0,67.19999694824219,4386870
2006-02-08 00:00:00+00:00,58.68731689453125,67.13999938964844,69.80000305175781,66.66000366210938,69.80000305175781,3066370
2006-02-10 00:00:00+00:00,59.93729019165039,68.56999969482422,68.9000015258789,67.0,67.23999786376953,1673030
2006-02-13 00:00:00+00:00,60.671539306640625,69.41000366210938,70.0,67.83999633789062,68.80000305175781,1940520
2006-02-14 00:00:00+00:00,62.70820617675781,71.73999786376953,72.13999938964844,69.43000030517578,69.94000244140625,2295570
2006-02-15 00:00:00+00:00,61.49319076538086,70.3499984741211,72.80000305175781,69.05000305175781,72.5999984741211,1645385
2006-02-16 00:00:00+00:00,60.18204116821289,68.8499984741211,70.5999984741211,68.62000274658203,70.5999984741211,861150
2006-02-17 00:00:00+00:00,59.587650299072266,68.16999816894531,71.4000015258789,68.0,71.4000015258789,1052045
2006-02-20 00:00:00+00:00,58.17160415649414,66.55000305175781,68.4000015258789,66.06999969482422,68.4000015258789,841530
2006-02-21 00:00:00+00:00,58.47753143310547,66.9000015258789,68.87999725341797,66.20999908447266,68.68000030517578,911735
2006-02-22 00:00:00+00:00,57.813209533691406,66.13999938964844,67.75,66.0,67.4000015258789,381935
2006-02-23 00:00:00+00:00,55.57551956176758,63.58000183105469,67.19999694824219,63.099998474121094,67.0,3406825
2006-02-24 00:00:00+00:00,56.20486831665039,64.30000305175781,65.41999816894531,63.0,64.5999984741211,3413370
2006-02-27 00:00:00+00:00,57.98802947998047,66.33999633789062,66.76000213623047,64.4000015258789,64.80000305175781,5140130
2006-02-28 00:00:00+00:00,57.262542724609375,65.51000213623047,66.97000122070312,64.41999816894531,66.94000244140625,1232795
2006-03-01 00:00:00+00:00,59.15933609008789,67.68000030517578,68.0,65.01000213623047,65.5,2298245
2006-03-02 00:00:00+00:00,60.330631256103516,69.0199966430664,69.5999984741211,67.55999755859375,67.80000305175781,2477245
2006-03-03 00:00:00+00:00,62.961692810058594,72.02999877929688,72.4000015258789,69.0999984741211,69.4000015258789,2468225
2006-03-06 00:00:00+00:00,63.1889533996582,72.29000091552734,72.69999694824219,70.0,72.0199966430664,847260
2006-03-07 00:00:00+00:00,61.22223663330078,70.04000091552734,72.19999694824219,69.44999694824219,72.19999694824219,1162875
2006-03-08 00:00:00+00:00,62.883026123046875,71.94000244140625,75.30000305175781,70.19999694824219,70.19999694824219,3178220
2006-03-09 00:00:00+00:00,61.86032485961914,70.7699966430664,73.08000183105469,69.20999908447266,69.20999908447266,1838110
2006-03-10 00:00:00+00:00,63.66099166870117,72.83000183105469,73.48999786376953,71.30999755859375,71.80000305175781,2784135
2006-03-13 00:00:00+00:00,62.848060607910156,71.9000015258789,73.94000244140625,71.61000061035156,72.95999908447266,873250
2006-03-14 00:00:00+00:00,66.52803802490234,76.11000061035156,85.0999984741211,68.91999816894531,71.80000305175781,26958070
2006-03-16 00:00:00+00:00,65.82874298095703,75.30999755859375,77.87999725341797,74.8499984741211,76.4000015258789,6619830
2006-03-17 00:00:00+00:00,65.50534057617188,74.94000244140625,76.9000015258789,74.19999694824219,75.79000091552734,2456215
2006-03-20 00:00:00+00:00,64.5700454711914,73.87000274658203,75.98999786376953,73.62000274658203,75.5999984741211,3108885
2006-03-21 00:00:00+00:00,62.04389572143555,70.9800033569336,74.80000305175781,70.56999969482422,74.0,2609725
2006-03-22 00:00:00+00:00,61.904014587402344,70.81999969482422,72.19999694824219,70.20999908447266,71.97000122070312,3404040
2006-03-23 00:00:00+00:00,61.16103744506836,69.97000122070312,71.95999908447266,69.19999694824219,71.5999984741211,1429630
2006-03-24 00:00:00+00:00,62.48967742919922,71.48999786376953,73.5999984741211,69.62000274658203,70.4000015258789,4210770
2006-03-27 00:00:00+00:00,61.63306427001953,70.51000213623047,72.9000015258789,70.01000213623047,72.9000015258789,3441835
2006-03-28 00:00:00+00:00,60.03343963623047,68.68000030517578,71.9800033569336,68.30000305175781,71.0,2918535
2006-03-29 00:00:00+00:00,61.143550872802734,69.94999694824219,70.37999725341797,68.94000244140625,69.0,2323185
2006-03-30 00:00:00+00:00,59.587650299072266,68.16999816894531,70.5999984741211,67.6500015258789,70.37999725341797,2642930
2006-03-31 00:00:00+00:00,62.244937896728516,71.20999908447266,71.69999694824219,68.4000015258789,68.77999877929688,2416380
2006-04-03 00:00:00+00:00,63.1190299987793,72.20999908447266,72.9800033569336,70.23999786376953,71.5999984741211,968255
2006-04-04 00:00:00+00:00,64.2728500366211,73.52999877929688,74.4000015258789,72.01000213623047,73.0,2598430
2006-04-05 00:00:00+00:00,63.398746490478516,72.52999877929688,74.19999694824219,72.26000213623047,74.0,1633325
2006-04-07 00:00:00+00:00,61.21348571777344,70.02999877929688,73.58000183105469,69.22000122070312,72.5999984741211,1414135
2006-04-10 00:00:00+00:00,61.07362747192383,69.87000274658203,71.0999984741211,69.5999984741211,71.0999984741211,904845
2006-04-12 00:00:00+00:00,59.421573638916016,67.9800033569336,71.58000183105469,67.23999786376953,70.9000015258789,2230410
2006-04-13 00:00:00+00:00,55.7678108215332,63.79999923706055,68.76000213623047,63.099998474121094,68.76000213623047,3920340
2006-04-17 00:00:00+00:00,58.60865783691406,67.05000305175781,68.19000244140625,65.0,65.1500015258789,5183530
2006-04-18 00:00:00+00:00,61.58060836791992,70.44999694824219,71.0,67.75,68.0,4368110
2006-04-19 00:00:00+00:00,60.522926330566406,69.23999786376953,74.0,68.05000305175781,71.80000305175781,3120200
2006-04-20 00:00:00+00:00,60.98621368408203,69.7699966430664,71.5,69.27999877929688,69.81999969482422,1328375
2006-04-21 00:00:00+00:00,60.1470832824707,68.80999755859375,71.0,68.0,70.94000244140625,1302135
2006-04-24 00:00:00+00:00,59.74498748779297,68.3499984741211,69.5999984741211,67.94999694824219,69.27999877929688,998470
2006-04-25 00:00:00+00:00,60.680274963378906,69.41999816894531,69.91999816894531,67.76000213623047,67.76000213623047,1629705
2006-04-26 00:00:00+00:00,62.41975021362305,71.41000366210938,71.97000122070312,69.69000244140625,70.0,1800330
2006-04-27 00:00:00+00:00,60.84636306762695,69.61000061035156,72.16000366210938,68.0199966430664,72.0,2351260
2006-04-28 00:00:00+00:00,60.426780700683594,69.12999725341797,69.80000305175781,58.04999923706055,68.19999694824219,990235
2006-05-02 00:00:00+00:00,63.94942092895508,73.16000366210938,73.80000305175781,70.0999984741211,70.0999984741211,2140320
2006-05-03 00:00:00+00:00,64.78857421875,74.12000274658203,74.80000305175781,72.0199966430664,74.4000015258789,2010510
2006-05-04 00:00:00+00:00,64.33404541015625,73.5999984741211,75.0,72.62000274658203,73.80000305175781,2286025
2006-05-05 00:00:00+00:00,63.34629821777344,72.47000122070312,74.3499984741211,71.0,73.19999694824219,1126875
2006-05-08 00:00:00+00:00,62.58582305908203,71.5999984741211,73.5999984741211,71.0,72.95999908447266,1966290
2006-05-09 00:00:00+00:00,64.16796112060547,73.41000366210938,74.0,71.0199966430664,71.69999694824219,2743255
2006-05-10 00:00:00+00:00,65.42665100097656,74.8499984741211,76.0,73.0,73.0,4251365
2006-05-11 00:00:00+00:00,65.14696502685547,74.52999877929688,75.58000183105469,73.41999816894531,75.1500015258789,1162485
2006-05-12 00:00:00+00:00,63.136497497558594,72.2300033569336,74.5999984741211,72.0,73.0,911205
2006-05-15 00:00:00+00:00,60.479225158691406,69.19000244140625,72.58999633789062,69.0,72.58999633789062,646325
2006-05-16 00:00:00+00:00,59.58737564086914,67.4800033569336,72.88999938964844,64.20999908447266,70.80000305175781,1195880
2006-05-17 00:00:00+00:00,60.75297546386719,68.80000305175781,69.9800033569336,67.81999969482422,68.80000305175781,1701750
2006-05-18 00:00:00+00:00,57.45925521850586,65.06999969482422,68.98999786376953,64.19999694824219,68.4000015258789,1456090
2006-05-19 00:00:00+00:00,57.17667770385742,64.75,69.19999694824219,62.79999923706055,69.0,1428515
2006-05-22 00:00:00+00:00,57.141361236572266,64.70999908447266,66.19999694824219,61.79999923706055,65.7300033569336,1812900
2006-05-23 00:00:00+00:00,55.68433380126953,63.060001373291016,64.70999908447266,60.599998474121094,64.70999908447266,2779885
2006-05-24 00:00:00+00:00,54.36862564086914,61.56999969482422,67.19999694824219,61.0,64.94000244140625,3761440
2006-05-25 00:00:00+00:00,52.35529327392578,59.290000915527344,62.18000030517578,56.599998474121094,61.04999923706055,4526710
2006-05-26 00:00:00+00:00,53.4590950012207,60.540000915527344,62.79999923706055,60.279998779296875,61.79999923706055,3168310
2006-05-29 00:00:00+00:00,54.57171630859375,61.79999923706055,62.599998474121094,60.70000076293945,61.20000076293945,1051395
2006-05-30 00:00:00+00:00,53.31779861450195,60.380001068115234,62.20000076293945,59.400001525878906,62.20000076293945,561975
2006-05-31 00:00:00+00:00,50.37728500366211,57.04999923706055,59.79999923706055,56.20000076293945,59.599998474121094,1395250
2006-06-01 00:00:00+00:00,50.31547546386719,56.97999954223633,59.650001525878906,56.0,59.650001525878906,1627900
2006-06-02 00:00:00+00:00,54.545230865478516,61.77000045776367,62.599998474121094,56.0,57.20000076293945,2534075
2006-06-05 00:00:00+00:00,54.403926849365234,61.61000061035156,62.47999954223633,60.79999923706055,62.0,2586530
2006-06-06 00:00:00+00:00,52.302303314208984,59.22999954223633,60.650001525878906,58.220001220703125,59.79999923706055,1015625
2006-06-07 00:00:00+00:00,51.428104400634766,58.2400016784668,60.380001068115234,56.0,58.599998474121094,2579725
2006-06-08 00:00:00+00:00,45.114383697509766,51.09000015258789,56.959999084472656,49.70000076293945,56.099998474121094,1292890
2006-06-09 00:00:00+00:00,46.041561126708984,52.13999938964844,54.0,47.400001525878906,50.400001525878906,3006135
2006-06-12 00:00:00+00:00,45.343971252441406,51.349998474121094,53.599998474121094,48.0,53.599998474121094,1322280
2006-06-13 00:00:00+00:00,42.94211959838867,48.630001068115234,50.79999923706055,48.0,49.79999923706055,994360
2006-06-14 00:00:00+00:00,42.93327713012695,48.619998931884766,50.9900016784668,44.029998779296875,48.79999923706055,2235490
2006-06-15 00:00:00+00:00,44.14304733276367,49.9900016784668,51.79999923706055,48.0,49.79999923706055,1780940
2006-06-16 00:00:00+00:00,46.14754104614258,52.2599983215332,54.5,51.20000076293945,52.0,1310395
2006-06-19 00:00:00+00:00,47.277828216552734,53.540000915527344,54.0,49.5,52.599998474121094,372155
2006-06-20 00:00:00+00:00,46.10338592529297,52.209999084472656,52.79999923706055,51.099998474121094,52.02000045776367,1301235
2006-06-21 00:00:00+00:00,46.32414627075195,52.459999084472656,53.560001373291016,52.099998474121094,52.599998474121094,307620
2006-06-22 00:00:00+00:00,49.944602966308594,56.560001373291016,58.400001525878906,53.400001525878906,54.59000015258789,1745195
2006-06-23 00:00:00+00:00,48.82313537597656,55.290000915527344,58.400001525878906,52.68000030517578,56.560001373291016,2489075
2006-06-26 00:00:00+00:00,48.38161849975586,54.790000915527344,58.0,52.0,58.0,16390640
2006-06-27 00:00:00+00:00,48.390445709228516,54.79999923706055,56.0,54.029998779296875,56.0,2450220
2006-06-28 00:00:00+00:00,47.525081634521484,53.81999969482422,55.20000076293945,53.02000045776367,53.36000061035156,1281975
2006-06-29 00:00:00+00:00,44.928951263427734,50.880001068115234,54.599998474121094,50.060001373291016,54.58000183105469,2037690
2006-06-30 00:00:00+00:00,47.32197570800781,53.59000015258789,54.099998474121094,52.5,53.599998474121094,987510
2006-07-03 00:00:00+00:00,48.7171745300293,55.16999816894531,56.0,53.20000076293945,54.79999923706055,1024400
2006-07-04 00:00:00+00:00,49.609039306640625,56.18000030517578,57.20000076293945,55.79999923706055,55.79999923706055,958695
2006-07-05 00:00:00+00:00,50.553897857666016,57.25,57.52000045776367,54.400001525878906,56.18000030517578,885560
2006-07-06 00:00:00+00:00,49.609039306640625,56.18000030517578,57.880001068115234,56.0099983215332,56.0099983215332,1063760
2006-07-07 00:00:00+00:00,48.408111572265625,54.81999969482422,57.20000076293945,54.20000076293945,57.20000076293945,652420
2006-07-10 00:00:00+00:00,48.434608459472656,54.849998474121094,57.38999938964844,54.02000045776367,57.38999938964844,234745
2006-07-11 00:00:00+00:00,48.85846710205078,55.33000183105469,55.599998474121094,54.5,55.0,293660
2006-07-12 00:00:00+00:00,48.849632263183594,55.31999969482422,55.939998626708984,50.20000076293945,50.20000076293945,326545
2006-07-13 00:00:00+00:00,48.23149871826172,54.619998931884766,57.20000076293945,53.619998931884766,55.939998626708984,2362350
2006-07-14 00:00:00+00:00,48.408111572265625,54.81999969482422,56.36000061035156,53.220001220703125,55.0,1078270
2006-07-17 00:00:00+00:00,45.96209716796875,52.04999923706055,57.0,51.06999969482422,55.0,707155
2006-07-18 00:00:00+00:00,44.72584915161133,50.650001525878906,52.029998779296875,49.900001525878906,52.029998779296875,2740290
2006-07-19 00:00:00+00:00,44.84947204589844,50.790000915527344,53.400001525878906,50.25,51.97999954223633,1044905
2006-07-20 00:00:00+00:00,46.55373764038086,52.720001220703125,53.0,51.209999084472656,52.0,678865
2006-07-21 00:00:00+00:00,45.97976303100586,52.06999969482422,52.79999923706055,51.04999923706055,52.79999923706055,370950
2006-07-24 00:00:00+00:00,48.67301940917969,55.119998931884766,55.58000183105469,50.06999969482422,52.0,1448680
2006-07-25 00:00:00+00:00,52.53190231323242,59.4900016784668,59.79999923706055,55.81999969482422,56.88999938964844,3241930
2006-07-26 00:00:00+00:00,55.101539611816406,62.400001525878906,63.400001525878906,59.599998474121094,59.970001220703125,5029420
2006-07-27 00:00:00+00:00,52.328800201416016,59.2599983215332,62.599998474121094,58.91999816894531,62.0099983215332,2954185
2006-07-28 00:00:00+00:00,52.5760498046875,59.540000915527344,61.38999938964844,59.02000045776367,59.41999816894531,2114105
2006-07-31 00:00:00+00:00,52.56721115112305,59.529998779296875,62.0,59.040000915527344,60.0,1213965
2006-08-01 00:00:00+00:00,53.23832702636719,60.290000915527344,60.97999954223633,59.0,60.0,804205
2006-08-02 00:00:00+00:00,56.143524169921875,63.58000183105469,64.58000183105469,60.0,60.0,2086160
2006-08-03 00:00:00+00:00,56.78813552856445,64.30999755859375,65.4000015258789,63.810001373291016,64.0,3729690
2006-08-04 00:00:00+00:00,56.16118240356445,63.599998474121094,65.19999694824219,62.2599983215332,64.98999786376953,1661895
2006-08-07 00:00:00+00:00,56.74398422241211,64.26000213623047,64.54000091552734,62.0,62.0,4795375
2006-08-08 00:00:00+00:00,56.576210021972656,64.06999969482422,66.4000015258789,59.599998474121094,63.599998474121094,1119680
2006-08-09 00:00:00+00:00,57.86543655395508,65.52999877929688,65.9000015258789,64.76000213623047,64.76000213623047,3951620
2006-08-10 00:00:00+00:00,58.98690414428711,66.80000305175781,67.08000183105469,65.0199966430664,65.52999877929688,2762120
2006-08-11 00:00:00+00:00,58.280479431152344,66.0,67.0199966430664,65.62000274658203,67.0199966430664,779745
2006-08-14 00:00:00+00:00,58.280479431152344,66.0,66.80000305175781,65.04000091552734,66.66000366210938,2515345
2006-08-16 00:00:00+00:00,58.97806167602539,66.79000091552734,67.1500015258789,66.22000122070312,66.4000015258789,926205
2006-08-17 00:00:00+00:00,58.695499420166016,66.47000122070312,67.38999938964844,66.0,66.79000091552734,2056750
2006-08-18 00:00:00+00:00,58.23631286621094,65.94999694824219,66.80000305175781,65.45999908447266,65.45999908447266,1831790
2006-08-21 00:00:00+00:00,58.395263671875,66.12999725341797,66.73999786376953,65.22000122070312,65.94999694824219,2139100
2006-08-22 00:00:00+00:00,57.62702560424805,65.26000213623047,66.83000183105469,64.80000305175781,66.83000183105469,1230910
2006-08-23 00:00:00+00:00,59.0487060546875,66.87000274658203,67.61000061035156,64.5999984741211,66.37999725341797,2453285
2006-08-24 00:00:00+00:00,58.13035202026367,65.83000183105469,67.19999694824219,65.4000015258789,66.5999984741211,1649085
2006-08-25 00:00:00+00:00,60.585201263427734,68.61000061035156,69.30000305175781,66.5999984741211,67.0,2329995
2006-08-28 00:00:00+00:00,61.68899917602539,69.86000061035156,70.0,68.63999938964844,69.0,1263660
2006-08-29 00:00:00+00:00,61.36227035522461,69.48999786376953,70.05000305175781,69.05999755859375,69.94000244140625,570925
2006-08-30 00:00:00+00:00,61.32695388793945,69.44999694824219,69.98999786376953,67.5999984741211,69.95999908447266,407510
2006-08-31 00:00:00+00:00,60.276126861572266,68.26000213623047,71.80000305175781,67.5999984741211,69.70999908447266,2454330
2006-09-01 00:00:00+00:00,61.83026885986328,70.0199966430664,70.4000015258789,67.83000183105469,68.0,972540
2006-09-04 00:00:00+00:00,62.183502197265625,70.41999816894531,71.5999984741211,70.0999984741211,71.5999984741211,494895
2006-09-05 00:00:00+00:00,62.183502197265625,70.41999816894531,71.0,69.86000061035156,70.19999694824219,408930
2006-09-06 00:00:00+00:00,61.25629806518555,69.37000274658203,71.33000183105469,68.81999969482422,70.0,1072115
2006-09-07 00:00:00+00:00,60.60285949707031,68.62999725341797,70.80000305175781,68.18000030517578,69.0,1748515
2006-09-08 00:00:00+00:00,59.914085388183594,67.8499984741211,70.02999877929688,67.41000366210938,69.5999984741211,1395155
2006-09-11 00:00:00+00:00,59.13700866699219,66.97000122070312,68.58999633789062,66.44000244140625,68.20999908447266,1256235
2006-09-12 00:00:00+00:00,58.80146408081055,66.58999633789062,68.19999694824219,65.19999694824219,67.19999694824219,2796465
2006-09-13 00:00:00+00:00,59.843441009521484,67.7699966430664,68.73999786376953,67.27999877929688,68.4000015258789,4059095
2006-09-14 00:00:00+00:00,61.67132568359375,69.83999633789062,71.38999938964844,68.41999816894531,68.41999816894531,3474765
2006-09-15 00:00:00+00:00,61.44175338745117,69.58000183105469,70.0,67.63999938964844,70.0,2121030
2006-09-18 00:00:00+00:00,62.08635330200195,70.30999755859375,71.29000091552734,69.26000213623047,70.16000366210938,1562425
2006-09-19 00:00:00+00:00,61.22982406616211,69.33999633789062,70.9800033569336,68.61000061035156,70.19999694824219,1113080
2006-09-20 00:00:00+00:00,61.27397537231445,69.38999938964844,70.87000274658203,67.22000122070312,69.33999633789062,794450
2006-09-21 00:00:00+00:00,62.730987548828125,71.04000091552734,72.18000030517578,69.4000015258789,69.80000305175781,6491685
2006-09-22 00:00:00+00:00,62.315948486328125,70.56999969482422,71.91000366210938,70.23999786376953,71.0999984741211,1122070
2006-09-25 00:00:00+00:00,62.254150390625,70.5,71.19000244140625,69.44000244140625,70.0,1778445
2006-09-26 00:00:00+00:00,61.83026885986328,70.0199966430664,71.19000244140625,69.4000015258789,70.20999908447266,1421315
2006-09-27 00:00:00+00:00,65.37124633789062,74.02999877929688,74.38999938964844,70.0199966430664,70.0199966430664,5335670
2006-09-28 00:00:00+00:00,69.6893081665039,78.91999816894531,79.80000305175781,74.0,74.4000015258789,7461180
2006-09-29 00:00:00+00:00,66.96955108642578,75.83999633789062,78.9800033569336,75.5,78.80000305175781,3192365
2006-10-03 00:00:00+00:00,67.19032287597656,76.08999633789062,77.30000305175781,75.0,75.0,2052840
2006-10-04 00:00:00+00:00,67.78195190429688,76.76000213623047,77.37999725341797,74.41999816894531,76.94000244140625,3649445
2006-10-05 00:00:00+00:00,68.66500854492188,77.76000213623047,78.4000015258789,76.62999725341797,77.5999984741211,3287245
2006-10-06 00:00:00+00:00,69.6628189086914,78.88999938964844,80.27999877929688,77.9000015258789,78.19999694824219,2999860
2006-10-09 00:00:00+00:00,68.62965393066406,77.72000122070312,79.5999984741211,77.05999755859375,78.81999969482422,1575435
2006-10-10 00:00:00+00:00,68.70916748046875,77.80999755859375,78.5999984741211,77.04000091552734,77.86000061035156,1312425
2006-10-11 00:00:00+00:00,68.38240814208984,77.44000244140625,78.63999938964844,76.97000122070312,78.0199966430664,932735
2006-10-12 00:00:00+00:00,70.16615295410156,79.45999908447266,79.9800033569336,77.05000305175781,77.79000091552734,2160205
2006-10-13 00:00:00+00:00,72.40907287597656,82.0,82.37999725341797,80.80000305175781,80.80000305175781,4809070
2006-10-16 00:00:00+00:00,74.05152130126953,83.86000061035156,86.18000030517578,82.2300033569336,83.0,7721325
2006-10-17 00:00:00+00:00,73.25679016113281,82.95999908447266,84.19999694824219,82.0199966430664,82.5999984741211,2234640
2006-10-18 00:00:00+00:00,73.91024017333984,83.69999694824219,85.0,82.19999694824219,83.5999984741211,2234925
2006-10-19 00:00:00+00:00,72.36491394042969,81.94999694824219,85.94000244140625,81.80000305175781,85.94000244140625,1021315
2006-10-20 00:00:00+00:00,74.19279479980469,84.0199966430664,84.30000305175781,82.05000305175781,82.4000015258789,1966580
2006-10-23 00:00:00+00:00,73.89258575439453,83.68000030517578,84.5999984741211,83.19999694824219,84.5999984741211,540670
2006-10-26 00:00:00+00:00,73.7071304321289,83.47000122070312,84.69000244140625,80.44999694824219,82.0,4125790
2006-10-27 00:00:00+00:00,73.90139770507812,83.69000244140625,85.37000274658203,83.41999816894531,84.80000305175781,3921535
2006-10-30 00:00:00+00:00,75.56151580810547,85.56999969482422,85.9000015258789,83.0,83.69000244140625,2098940
2006-10-31 00:00:00+00:00,76.98320007324219,87.18000030517578,87.69000244140625,84.80000305175781,85.5999984741211,2472010
2006-11-01 00:00:00+00:00,77.94571685791016,88.2699966430664,89.76000213623047,87.4000015258789,87.76000213623047,4527285
2006-11-02 00:00:00+00:00,78.72279357910156,89.1500015258789,89.77999877929688,87.7300033569336,88.2699966430664,1416050
2006-11-03 00:00:00+00:00,77.80442810058594,88.11000061035156,90.0,87.47000122070312,90.0,1049630
2006-11-06 00:00:00+00:00,77.36293029785156,87.61000061035156,88.54000091552734,86.0,86.0,611360
2006-11-07 00:00:00+00:00,75.03168487548828,84.97000122070312,88.27999877929688,83.62999725341797,88.0,1780720
2006-11-08 00:00:00+00:00,76.35624694824219,86.47000122070312,87.55999755859375,83.80000305175781,84.04000091552734,2094090
2006-11-09 00:00:00+00:00,77.3187484741211,87.55999755859375,88.19999694824219,86.62000274658203,87.69000244140625,1171645
2006-11-10 00:00:00+00:00,78.59033966064453,89.0,90.19000244140625,87.4000015258789,88.36000061035156,2931465
2006-11-13 00:00:00+00:00,79.80892181396484,90.37999725341797,91.62000274658203,89.19999694824219,89.19999694824219,1880750
2006-11-14 00:00:00+00:00,83.59716033935547,94.66999816894531,95.55000305175781,90.19999694824219,91.19999694824219,3658535
2006-11-15 00:00:00+00:00,82.47570037841797,93.4000015258789,95.77999877929688,92.66000366210938,95.0,4848085
2006-11-16 00:00:00+00:00,85.75175476074219,97.11000061035156,98.94000244140625,93.41999816894531,93.41999816894531,6433880
2006-11-17 00:00:00+00:00,85.6634750366211,97.01000213623047,99.58000183105469,95.44000244140625,98.0,4620545
2006-11-20 00:00:00+00:00,86.93502044677734,98.44999694824219,100.0,93.81999969482422,96.0,3645990
2006-11-21 00:00:00+00:00,88.93952941894531,100.72000122070312,101.56999969482422,98.0199966430664,98.5999984741211,4046075
2006-11-22 00:00:00+00:00,89.22209167480469,101.04000091552734,102.95999908447266,100.62000274658203,101.0,3670855
2006-11-23 00:00:00+00:00,88.20659637451172,99.88999938964844,101.95999908447266,99.0199966430664,101.0,1902850
2006-11-24 00:00:00+00:00,87.68563079833984,99.30000305175781,101.98999786376953,98.80999755859375,99.05999755859375,1360355
2006-11-27 00:00:00+00:00,87.60613250732422,99.20999908447266,101.38999938964844,98.62000274658203,100.0,1774995
2006-11-28 00:00:00+00:00,86.74960327148438,98.23999786376953,99.20999908447266,97.69999694824219,99.20999908447266,1580290
2006-11-29 00:00:00+00:00,82.9790267944336,93.97000122070312,99.0,93.55999755859375,99.0,3550565
2006-11-30 00:00:00+00:00,83.76493072509766,94.86000061035156,95.9800033569336,93.63999938964844,94.30000305175781,2770850
2006-12-01 00:00:00+00:00,87.1557846069336,98.69999694824219,99.31999969482422,95.4000015258789,95.80000305175781,2420090
2006-12-04 00:00:00+00:00,87.5708236694336,99.16999816894531,100.95999908447266,98.62000274658203,100.01000213623047,2683750
2006-12-05 00:00:00+00:00,86.76726531982422,98.26000213623047,100.12999725341797,97.0999984741211,99.5999984741211,1685955
2006-12-06 00:00:00+00:00,85.3014144897461,96.5999984741211,99.08000183105469,96.0,96.0,1117265
2006-12-07 00:00:00+00:00,85.3014144897461,96.5999984741211,98.2699966430664,95.41000366210938,97.5999984741211,1289895
2006-12-08 00:00:00+00:00,82.11365509033203,92.98999786376953,98.41999816894531,92.31999969482422,98.41999816894531,3089615
2006-12-11 00:00:00+00:00,78.3872299194336,88.7699966430664,93.19999694824219,86.30000305175781,92.0,2133460
2006-12-12 00:00:00+00:00,76.1707992553711,86.26000213623047,91.9800033569336,83.0,83.04000091552734,2301480
2006-12-13 00:00:00+00:00,77.97221374511719,88.30000305175781,89.4000015258789,85.05000305175781,86.75,1660715
2006-12-14 00:00:00+00:00,79.15548706054688,89.63999938964844,90.58000183105469,88.5,89.73999786376953,2158205
2006-12-15 00:00:00+00:00,81.00102996826172,91.7300033569336,92.7699966430664,89.9000015258789,89.9000015258789,2049975
2006-12-18 00:00:00+00:00,83.4382095336914,94.48999786376953,95.0,89.33000183105469,91.7300033569336,1677115
2006-12-19 00:00:00+00:00,82.66996765136719,93.62000274658203,95.80000305175781,91.20999908447266,93.80000305175781,1681100
2006-12-20 00:00:00+00:00,81.82225799560547,92.66000366210938,96.0,90.45999908447266,93.5999984741211,1795240
2006-12-21 00:00:00+00:00,82.2372817993164,93.12999725341797,94.41999816894531,91.43000030517578,94.41999816894531,1895390
2006-12-22 00:00:00+00:00,81.46903991699219,92.26000213623047,94.30000305175781,91.5999984741211,93.6500015258789,1116255
2006-12-26 00:00:00+00:00,81.8752212524414,92.72000122070312,94.19999694824219,91.5999984741211,94.19999694824219,587060
2006-12-27 00:00:00+00:00,82.42271423339844,93.33999633789062,94.97000122070312,92.0,92.0,1279385
2006-12-28 00:00:00+00:00,80.60365295410156,91.27999877929688,94.5999984741211,90.5999984741211,94.20999908447266,3326455
2006-12-29 00:00:00+00:00,82.93487548828125,93.91999816894531,94.5,91.27999877929688,91.27999877929688,2739155
2007-01-02 00:00:00+00:00,82.63465118408203,93.58000183105469,94.36000061035156,92.26000213623047,94.36000061035156,907130
2007-01-03 00:00:00+00:00,83.82675170898438,94.93000030517578,95.58999633789062,93.05999755859375,93.9800033569336,1229170
2007-01-04 00:00:00+00:00,83.756103515625,94.8499984741211,97.0,93.81999969482422,95.9800033569336,1567750
2007-01-05 00:00:00+00:00,83.50885009765625,94.56999969482422,96.1500015258789,93.26000213623047,94.5999984741211,1274125
2007-01-08 00:00:00+00:00,82.21961212158203,93.11000061035156,94.4000015258789,91.80000305175781,94.4000015258789,2482595
2007-01-09 00:00:00+00:00,82.51983642578125,93.44999694824219,95.0,92.01000213623047,94.0,5433595
2007-01-10 00:00:00+00:00,81.52202606201172,92.31999969482422,94.4000015258789,91.04000091552734,93.69999694824219,1763110
2007-01-11 00:00:00+00:00,84.5155258178711,95.70999908447266,96.80000305175781,91.5999984741211,92.79000091552734,5507855
2007-01-12 00:00:00+00:00,88.2684326171875,99.95999908447266,100.4000015258789,96.9800033569336,97.95999908447266,5773600
2007-01-15 00:00:00+00:00,94.18479919433594,106.66000366210938,108.5999984741211,100.4000015258789,108.4000015258789,4851670
2007-01-16 00:00:00+00:00,97.33721923828125,110.2300033569336,112.56999969482422,100.22000122070312,100.22000122070312,5853485
2007-01-17 00:00:00+00:00,96.71026611328125,109.5199966430664,112.9800033569336,108.25,110.19999694824219,4026295
2007-01-18 00:00:00+00:00,96.595458984375,109.38999938964844,111.19999694824219,107.6500015258789,109.69999694824219,9438535
2007-01-19 00:00:00+00:00,94.5291519165039,107.05000305175781,109.41999816894531,106.0999984741211,109.38999938964844,2293970
2007-01-22 00:00:00+00:00,96.489501953125,109.2699966430664,110.77999877929688,106.0,108.12999725341797,1762380
2007-01-23 00:00:00+00:00,89.91970825195312,101.83000183105469,109.5999984741211,101.0,109.4000015258789,4416820
2007-01-24 00:00:00+00:00,89.90205383300781,101.80999755859375,104.0,101.0,104.0,3724235
2007-01-25 00:00:00+00:00,90.83806610107422,102.87000274658203,103.73999786376953,102.47000122070312,103.73999786376953,2065465
2007-01-29 00:00:00+00:00,89.01016998291016,100.80000305175781,104.5,100.19999694824219,104.19999694824219,1473330
2007-01-31 00:00:00+00:00,94.41436004638672,106.91999816894531,107.9000015258789,100.80000305175781,100.80000305175781,5466445
2007-02-01 00:00:00+00:00,95.74773406982422,108.43000030517578,109.4800033569336,106.08000183105469,107.0999984741211,2484930
2007-02-02 00:00:00+00:00,103.8010482788086,117.55000305175781,123.0,108.63999938964844,109.0,10641560
2007-02-05 00:00:00+00:00,99.74790954589844,112.95999908447266,120.0,111.9800033569336,117.5999984741211,7171335
2007-02-06 00:00:00+00:00,96.71908569335938,109.52999877929688,114.37999725341797,109.05999755859375,113.0,6212200
2007-02-07 00:00:00+00:00,97.63745880126953,110.56999969482422,113.19999694824219,109.4000015258789,109.4000015258789,3420205
2007-02-08 00:00:00+00:00,99.6242904663086,112.81999969482422,113.97000122070312,106.44999694824219,106.44999694824219,4297705
2007-02-09 00:00:00+00:00,101.24907684326172,114.66000366210938,116.4000015258789,108.4000015258789,111.22000122070312,9345215
2007-02-12 00:00:00+00:00,97.81405639648438,110.7699966430664,115.0,109.9000015258789,110.66000366210938,3117370
2007-02-13 00:00:00+00:00,91.48268127441406,103.5999984741211,110.5999984741211,99.72000122070312,110.5999984741211,5761195
2007-02-14 00:00:00+00:00,91.96835327148438,104.1500015258789,105.19999694824219,95.33000183105469,101.26000213623047,6832365
2007-02-15 00:00:00+00:00,96.52482604980469,109.30999755859375,109.80000305175781,104.19999694824219,104.5999984741211,5234600
2007-02-19 00:00:00+00:00,96.7014389038086,109.51000213623047,112.80000305175781,107.0199966430664,110.75,6221320
2007-02-20 00:00:00+00:00,93.90219116210938,106.33999633789062,110.4000015258789,105.0,108.0,4026850
2007-02-21 00:00:00+00:00,94.7410888671875,107.29000091552734,108.4800033569336,102.26000213623047,104.20999908447266,2784320
2007-02-22 00:00:00+00:00,91.76525115966797,103.91999816894531,108.0,102.80000305175781,106.0,5087370
2007-02-23 00:00:00+00:00,86.7054443359375,98.19000244140625,105.54000091552734,96.22000122070312,104.80000305175781,8413305
2007-02-26 00:00:00+00:00,87.50017547607422,99.08999633789062,100.80999755859375,96.83000183105469,98.5999984741211,2877065
2007-02-27 00:00:00+00:00,86.12265014648438,97.52999877929688,100.4000015258789,96.62000274658203,100.0,3616620
2007-02-28 00:00:00+00:00,81.36307525634766,92.13999938964844,97.37999725341797,83.0,94.94000244140625,3549795
2007-03-01 00:00:00+00:00,85.61048126220703,96.94999694824219,98.4000015258789,91.4000015258789,93.38999938964844,1987000
2007-03-02 00:00:00+00:00,83.04084014892578,94.04000091552734,97.5999984741211,92.44999694824219,97.19999694824219,3300020
2007-03-05 00:00:00+00:00,78.87290954589844,89.31999969482422,93.0,86.44000244140625,93.0,4076240
2007-03-06 00:00:00+00:00,76.135498046875,86.22000122070312,93.80000305175781,84.04000091552734,89.80000305175781,5890945
2007-03-07 00:00:00+00:00,73.35391998291016,83.06999969482422,91.5999984741211,79.25,89.9800033569336,6935165
2007-03-08 00:00:00+00:00,77.0185317993164,87.22000122070312,90.0,82.41000366210938,84.7300033569336,4318735
2007-03-09 00:00:00+00:00,80.60365295410156,91.27999877929688,93.58000183105469,85.4000015258789,87.9800033569336,4839985
2007-03-12 00:00:00+00:00,81.07164764404297,91.80999755859375,94.58999633789062,90.19999694824219,90.19999694824219,3205705
2007-03-13 00:00:00+00:00,87.17346954345703,98.72000122070312,100.23999786376953,91.41999816894531,91.41999816894531,5450040
2007-03-14 00:00:00+00:00,83.50000762939453,94.55999755859375,97.0,92.69999694824219,97.0,6524695
2007-03-15 00:00:00+00:00,82.88188934326172,93.86000061035156,99.27999877929688,93.01000213623047,96.38999938964844,2745740
2007-03-16 00:00:00+00:00,79.2437744140625,89.73999786376953,95.4000015258789,87.30000305175781,95.13999938964844,3427260
2007-03-19 00:00:00+00:00,83.01435089111328,94.01000213623047,95.0999984741211,88.41999816894531,91.0,2603500
2007-03-20 00:00:00+00:00,81.73394775390625,92.55999755859375,96.19999694824219,91.69999694824219,96.0,2271440
2007-03-21 00:00:00+00:00,84.96585845947266,96.22000122070312,97.0,92.5999984741211,93.0,3382785
2007-03-22 00:00:00+00:00,88.99250793457031,100.77999877929688,101.77999877929688,97.0199966430664,97.5999984741211,4426920
2007-03-23 00:00:00+00:00,92.6571044921875,104.93000030517578,106.0,98.30999755859375,100.9800033569336,4976825
2007-03-26 00:00:00+00:00,91.75641632080078,103.91000366210938,108.80000305175781,103.36000061035156,105.8499984741211,3109825
2007-03-28 00:00:00+00:00,87.48253631591797,99.06999969482422,104.80000305175781,97.19999694824219,103.80000305175781,3901640
2007-03-29 00:00:00+00:00,84.77159881591797,96.0,103.02999877929688,94.62999725341797,101.0,6799245
2007-03-30 00:00:00+00:00,86.60832214355469,98.08000183105469,98.9000015258789,96.5,97.4000015258789,3457525
2007-04-02 00:00:00+00:00,81.11580657958984,91.86000061035156,94.58000183105469,90.0,93.98999786376953,4711970
2007-04-03 00:00:00+00:00,82.2107925415039,93.0999984741211,94.5999984741211,91.05000305175781,93.19999694824219,2923720
2007-04-04 00:00:00+00:00,81.00984954833984,91.73999786376953,95.5999984741211,91.02999877929688,93.19999694824219,3477985
2007-04-05 00:00:00+00:00,79.72946166992188,90.29000091552734,93.0,87.0,93.0,6117695
2007-04-09 00:00:00+00:00,88.18895721435547,99.87000274658203,100.95999908447266,91.0,91.0,7976545
2007-04-10 00:00:00+00:00,86.41404724121094,97.86000061035156,101.0,96.66000366210938,100.0,4288720
2007-04-11 00:00:00+00:00,82.61698150634766,93.55999755859375,98.98999786376953,93.01000213623047,97.86000061035156,3129430
2007-04-12 00:00:00+00:00,81.81341552734375,92.6500015258789,93.0,90.44999694824219,93.0,2339825
2007-04-13 00:00:00+00:00,82.8112564086914,93.77999877929688,95.5999984741211,93.12000274658203,93.80000305175781,5925400
2007-04-16 00:00:00+00:00,82.8112564086914,93.77999877929688,95.68000030517578,93.54000091552734,95.0,5367455
2007-04-17 00:00:00+00:00,82.14013671875,93.0199966430664,95.0,92.66000366210938,95.0,8079980
2007-04-18 00:00:00+00:00,83.235107421875,94.26000213623047,95.19999694824219,93.62000274658203,94.02999877929688,8267210
2007-04-19 00:00:00+00:00,82.05184173583984,92.91999816894531,94.18000030517578,91.25,93.98999786376953,4551110
2007-04-20 00:00:00+00:00,82.3432388305664,93.25,94.58000183105469,92.0199966430664,94.0,2682765
2007-04-23 00:00:00+00:00,81.76044464111328,92.58999633789062,94.4000015258789,92.0,94.08000183105469,2010015
2007-04-24 00:00:00+00:00,82.6876220703125,93.63999938964844,95.69999694824219,91.5999984741211,92.19999694824219,12866545
2007-04-25 00:00:00+00:00,82.59932708740234,93.54000091552734,94.9800033569336,93.19999694824219,94.9800033569336,6051275
2007-04-26 00:00:00+00:00,82.2637710571289,93.16000366210938,94.5999984741211,92.22000122070312,94.55999755859375,8591595
2007-04-27 00:00:00+00:00,80.35641479492188,91.0,93.80000305175781,90.61000061035156,93.2300033569336,3296085
2007-04-30 00:00:00+00:00,82.6876220703125,93.63999938964844,93.94000244140625,87.23999786376953,88.0,5118745
2007-05-03 00:00:00+00:00,83.5794906616211,94.6500015258789,96.4000015258789,93.9800033569336,94.0,11572475
2007-05-04 00:00:00+00:00,84.78925323486328,96.0199966430664,97.80000305175781,94.80000305175781,95.4000015258789,14412590
2007-05-07 00:00:00+00:00,89.46935272216797,101.31999969482422,101.9800033569336,96.61000061035156,97.19999694824219,23839815
2007-05-08 00:00:00+00:00,89.48701477050781,101.33999633789062,103.0999984741211,99.80000305175781,101.0,7841210
2007-05-09 00:00:00+00:00,91.5091552734375,103.62999725341797,104.0,99.81999969482422,101.0,6258505
2007-05-10 00:00:00+00:00,92.46284484863281,104.70999908447266,108.0,103.5,103.62999725341797,11117305
2007-05-11 00:00:00+00:00,91.91537475585938,104.08999633789062,105.4000015258789,100.22000122070312,100.22000122070312,4915005
2007-05-14 00:00:00+00:00,92.79840850830078,105.08999633789062,105.80000305175781,104.19999694824219,104.5999984741211,1916160
2007-05-15 00:00:00+00:00,94.3525390625,106.8499984741211,107.77999877929688,104.47000122070312,105.19999694824219,4269415
2007-05-16 00:00:00+00:00,95.7124252319336,108.38999938964844,108.9800033569336,107.4000015258789,107.4000015258789,4440755
2007-05-17 00:00:00+00:00,96.86109924316406,108.77999877929688,109.69999694824219,108.0,108.6500015258789,5110990
2007-05-18 00:00:00+00:00,95.5877685546875,107.3499984741211,110.19999694824219,104.0,107.0,3123850
2007-05-21 00:00:00+00:00,98.9714126586914,111.1500015258789,111.5999984741211,106.0,106.0,3506225
2007-05-22 00:00:00+00:00,100.8858413696289,113.30000305175781,114.02999877929688,111.4000015258789,111.4000015258789,4481485
2007-05-23 00:00:00+00:00,103.52151489257812,116.26000213623047,118.37999725341797,112.83000183105469,113.4000015258789,5550275
2007-05-24 00:00:00+00:00,101.84748840332031,114.37999725341797,116.0999984741211,111.5999984741211,115.80000305175781,5014770
2007-05-25 00:00:00+00:00,100.52076721191406,112.88999938964844,115.80000305175781,111.91000366210938,112.4000015258789,4174120
2007-05-28 00:00:00+00:00,98.89127349853516,111.05999755859375,117.4000015258789,110.63999938964844,115.0999984741211,3855170
2007-05-29 00:00:00+00:00,100.06664276123047,112.37999725341797,113.04000091552734,111.0,111.0,1358840
2007-05-30 00:00:00+00:00,99.69264221191406,111.95999908447266,114.80000305175781,110.0,112.0,3433430
2007-05-31 00:00:00+00:00,102.39066314697266,114.98999786376953,116.0,111.0,114.80000305175781,4085260
2007-06-01 00:00:00+00:00,102.75572967529297,115.4000015258789,117.5999984741211,114.61000061035156,116.0,3485335
2007-06-04 00:00:00+00:00,102.55094909667969,115.16999816894531,117.9800033569336,110.26000213623047,117.9800033569336,1538910
2007-06-05 00:00:00+00:00,103.0584945678711,115.73999786376953,117.0,113.0,115.75,4840285
2007-06-06 00:00:00+00:00,102.49751281738281,115.11000061035156,119.73999786376953,113.5999984741211,119.20999908447266,2058865
2007-06-07 00:00:00+00:00,101.49132537841797,113.9800033569336,115.73999786376953,111.19999694824219,111.19999694824219,1008280
2007-06-08 00:00:00+00:00,99.54129028320312,111.79000091552734,113.37999725341797,111.19999694824219,112.0,2732700
2007-06-11 00:00:00+00:00,100.77007293701172,113.16999816894531,113.97000122070312,112.0,112.80000305175781,1026165
2007-06-12 00:00:00+00:00,104.42082214355469,117.2699966430664,118.0,112.20999908447266,113.45999908447266,4532040
2007-06-13 00:00:00+00:00,104.18932342529297,117.01000213623047,118.4000015258789,115.04000091552734,117.19999694824219,1844260
2007-06-14 00:00:00+00:00,104.3318099975586,117.16999816894531,119.30000305175781,115.66999816894531,117.5999984741211,3513915
2007-06-15 00:00:00+00:00,106.80720520019531,119.94999694824219,120.77999877929688,117.05000305175781,117.55999755859375,2900270
2007-06-18 00:00:00+00:00,108.5257339477539,121.87999725341797,123.69999694824219,120.80000305175781,120.80000305175781,3265460
2007-06-19 00:00:00+00:00,109.24697875976562,122.69000244140625,123.4000015258789,115.05999755859375,116.31999969482422,2084995
2007-06-20 00:00:00+00:00,110.50248718261719,124.0999984741211,125.69999694824219,123.41000366210938,123.5999984741211,2874025
2007-06-21 00:00:00+00:00,110.09288787841797,123.63999938964844,125.5999984741211,121.80000305175781,124.0,1649065
2007-06-22 00:00:00+00:00,109.39835357666016,122.86000061035156,124.69999694824219,122.0999984741211,123.5999984741211,2505130
2007-06-25 00:00:00+00:00,109.7367172241211,123.23999786376953,123.98999786376953,121.4000015258789,122.69999694824219,2761830
2007-06-26 00:00:00+00:00,106.85173797607422,120.0,124.4000015258789,118.68000030517578,124.4000015258789,4404890
2007-06-27 00:00:00+00:00,105.1153793334961,118.05000305175781,122.94000244140625,117.5999984741211,122.94000244140625,1677190
2007-06-28 00:00:00+00:00,103.16532897949219,115.86000061035156,119.5999984741211,115.0,118.0,4739925
2007-06-29 00:00:00+00:00,107.83118438720703,121.0999984741211,121.5999984741211,116.5999984741211,118.9800033569336,3206585
2007-07-02 00:00:00+00:00,108.16956329345703,121.4800033569336,124.94000244140625,120.22000122070312,124.94000244140625,2071940
2007-07-03 00:00:00+00:00,111.02783966064453,124.69000244140625,125.5999984741211,121.9000015258789,122.5999984741211,3529275
2007-07-04 00:00:00+00:00,110.16412353515625,123.72000122070312,125.36000061035156,122.69999694824219,125.36000061035156,1388585
2007-07-05 00:00:00+00:00,112.19429779052734,126.0,127.16999816894531,123.80000305175781,123.80000305175781,4198335
2007-07-06 00:00:00+00:00,111.97169494628906,125.75,126.5999984741211,124.88999938964844,126.0,1983895
2007-07-09 00:00:00+00:00,112.99568176269531,126.9000015258789,128.1999969482422,125.5999984741211,126.4000015258789,1578350
2007-07-10 00:00:00+00:00,112.3189697265625,126.13999938964844,127.5999984741211,125.63999938964844,127.5999984741211,1095705
2007-07-11 00:00:00+00:00,112.54157257080078,126.38999938964844,127.08999633789062,124.0,126.0,1787885
2007-07-12 00:00:00+00:00,114.42927551269531,128.50999450683594,130.0,126.44000244140625,128.0,1908630
2007-07-13 00:00:00+00:00,114.82999420166016,128.9600067138672,131.9600067138672,126.5999984741211,130.02000427246094,5424815
2007-07-16 00:00:00+00:00,114.99916076660156,129.14999389648438,130.57000732421875,127.5999984741211,129.0,4275265
2007-07-17 00:00:00+00:00,115.70259857177734,129.94000244140625,131.5,129.10000610351562,129.8000030517578,2049890
2007-07-18 00:00:00+00:00,116.86015319824219,131.24000549316406,132.0,129.30999755859375,129.60000610351562,1908280
2007-07-19 00:00:00+00:00,115.77383422851562,130.02000427246094,132.39999389648438,129.60000610351562,132.0,1578620
2007-07-20 00:00:00+00:00,114.79438018798828,128.9199981689453,131.8000030517578,126.0199966430664,126.0199966430664,1729390
2007-07-23 00:00:00+00:00,111.19700622558594,124.87999725341797,129.8000030517578,124.2699966430664,128.8000030517578,3227620
2007-07-24 00:00:00+00:00,109.51410675048828,122.98999786376953,127.5999984741211,121.62999725341797,127.5999984741211,5209900
2007-07-25 00:00:00+00:00,110.15521240234375,123.70999908447266,124.4800033569336,120.02999877929688,121.0199966430664,1490370
2007-07-26 00:00:00+00:00,109.5764389038086,123.05999755859375,124.66000366210938,121.01000213623047,123.80000305175781,4333815
2007-07-27 00:00:00+00:00,109.40727996826172,122.87000274658203,124.5999984741211,119.20999908447266,122.0,4077940
2007-07-30 00:00:00+00:00,113.82380676269531,127.83000183105469,135.75999450683594,119.62999725341797,120.4000015258789,4774955
2007-07-31 00:00:00+00:00,111.46417236328125,125.18000030517578,132.0,123.0,127.83000183105469,4399670
2007-08-01 00:00:00+00:00,110.05726623535156,123.5999984741211,126.0,121.0,124.73999786376953,3386645
2007-08-02 00:00:00+00:00,110.47578430175781,124.06999969482422,125.0,121.45999908447266,123.80000305175781,5351260
2007-08-03 00:00:00+00:00,110.6182632446289,124.2300033569336,126.19999694824219,123.5999984741211,124.80000305175781,2052475
2007-08-06 00:00:00+00:00,110.46687316894531,124.05999755859375,125.30000305175781,120.19999694824219,120.4000015258789,3717985
2007-08-07 00:00:00+00:00,109.30040740966797,122.75,127.77999877929688,120.23999786376953,125.4000015258789,3480550
2007-08-08 00:00:00+00:00,111.45523834228516,125.16999816894531,126.19999694824219,122.77999877929688,123.1500015258789,3652645
2007-08-09 00:00:00+00:00,108.10723876953125,121.41000366210938,126.7699966430664,120.81999969482422,125.0,2124080
2007-08-10 00:00:00+00:00,104.95510864257812,117.87000274658203,120.56999969482422,115.04000091552734,116.13999938964844,2734335
2007-08-13 00:00:00+00:00,106.89624786376953,120.05000305175781,121.55999755859375,115.26000213623047,118.0,3878110
2007-08-14 00:00:00+00:00,106.40650177001953,119.5,121.19999694824219,118.66000366210938,121.19999694824219,1106515
2007-08-16 00:00:00+00:00,99.34539031982422,111.56999969482422,118.0,110.20999908447266,114.0,4299275
2007-08-17 00:00:00+00:00,102.42628479003906,115.02999877929688,116.0,106.80000305175781,109.20999908447266,6690770
2007-08-20 00:00:00+00:00,107.6798095703125,120.93000030517578,121.75,115.4000015258789,117.0,4316185
2007-08-21 00:00:00+00:00,105.23113250732422,118.18000030517578,122.77999877929688,117.4000015258789,122.77999877929688,2166615
2007-08-22 00:00:00+00:00,103.744140625,116.51000213623047,119.94000244140625,112.43000030517578,118.4000015258789,2757495
2007-08-23 00:00:00+00:00,103.7352294921875,116.5,122.33000183105469,113.19999694824219,122.33000183105469,3144440
2007-08-24 00:00:00+00:00,101.67831420898438,114.19000244140625,119.4000015258789,113.0199966430664,119.4000015258789,3714510
2007-08-27 00:00:00+00:00,102.83586883544922,115.48999786376953,117.0,115.02999877929688,116.4000015258789,2894520
2007-08-28 00:00:00+00:00,106.83390808105469,119.9800033569336,121.45999908447266,115.5999984741211,116.76000213623047,6885300
2007-08-29 00:00:00+00:00,109.07779693603516,122.5,124.80000305175781,116.4000015258789,118.9800033569336,12916125
2007-08-30 00:00:00+00:00,112.13196563720703,125.93000030517578,126.37999725341797,122.5,125.0,21029125
2007-08-31 00:00:00+00:00,113.0847396850586,127.0,128.60000610351562,126.4000015258789,128.60000610351562,3498115
2007-09-03 00:00:00+00:00,113.50324249267578,127.47000122070312,128.1699981689453,125.16999816894531,127.0,3704520
2007-09-04 00:00:00+00:00,117.33209991455078,131.77000427246094,134.02999877929688,128.0,128.0,5497675
2007-09-05 00:00:00+00:00,118.89035034179688,133.52000427246094,135.0,131.75999450683594,132.0,1063630
2007-09-06 00:00:00+00:00,117.49237060546875,131.9499969482422,133.94000244140625,130.4600067138672,130.4600067138672,2842975
2007-09-07 00:00:00+00:00,115.96973419189453,130.24000549316406,132.9499969482422,130.0,132.17999267578125,1565145
2007-09-10 00:00:00+00:00,115.6847915649414,129.9199981689453,131.32000732421875,128.0,129.69000244140625,1747675
2007-09-11 00:00:00+00:00,115.212890625,129.38999938964844,131.77000427246094,129.0,130.94000244140625,1098795
2007-09-12 00:00:00+00:00,115.1505355834961,129.32000732421875,131.5800018310547,129.02999877929688,129.6199951171875,1734345
2007-09-13 00:00:00+00:00,117.44784545898438,131.89999389648438,133.1999969482422,129.97999572753906,130.1999969482422,2514175
2007-09-14 00:00:00+00:00,115.75605010986328,130.0,134.39999389648438,128.44000244140625,132.99000549316406,3491140
2007-09-17 00:00:00+00:00,117.29646301269531,131.72999572753906,132.22000122070312,128.39999389648438,129.1999969482422,2297220
2007-09-18 00:00:00+00:00,117.59031677246094,132.05999755859375,132.77999877929688,130.60000610351562,131.1999969482422,3060575
2007-09-19 00:00:00+00:00,121.84657287597656,136.83999633789062,139.39999389648438,134.4600067138672,136.0,5061645
2007-09-20 00:00:00+00:00,125.75558471679688,141.22999572753906,142.3800048828125,136.30999755859375,140.0,6073475
2007-09-21 00:00:00+00:00,126.3877944946289,141.94000244140625,142.77999877929688,140.63999938964844,141.5399932861328,2434285
2007-09-24 00:00:00+00:00,130.37692260742188,146.4199981689453,148.5800018310547,142.0399932861328,142.39999389648438,2627505
2007-09-25 00:00:00+00:00,131.7036590576172,147.91000366210938,148.13999938964844,145.6199951171875,146.0,3224485
2007-09-26 00:00:00+00:00,134.58865356445312,151.14999389648438,152.0,148.0,148.0,4672555
2007-09-27 00:00:00+00:00,136.89486694335938,153.74000549316406,155.0,151.9600067138672,154.0,4757895
2007-09-28 00:00:00+00:00,136.1647186279297,152.9199981689453,155.0,150.97999572753906,154.1999969482422,4877325
2007-10-01 00:00:00+00:00,133.83175659179688,150.3000030517578,154.5,148.82000732421875,153.3800048828125,3206875
2007-10-03 00:00:00+00:00,134.9181365966797,151.52000427246094,153.16000366210938,146.0,150.60000610351562,4999140
2007-10-04 00:00:00+00:00,134.41946411132812,150.9600067138672,152.60000610351562,145.00999450683594,151.52000427246094,3691635
2007-10-05 00:00:00+00:00,131.58790588378906,147.77999877929688,152.0,146.1999969482422,151.8000030517578,1562315
2007-10-08 00:00:00+00:00,127.44739532470703,143.1300048828125,148.77999877929688,137.99000549316406,148.0,1764090
2007-10-09 00:00:00+00:00,129.92282104492188,145.91000366210938,146.69000244140625,140.0,141.41000366210938,1843910
2007-10-10 00:00:00+00:00,135.7373046875,152.44000244140625,153.1999969482422,147.25,147.99000549316406,3332390
2007-10-11 00:00:00+00:00,135.3009796142578,151.9499969482422,154.0,149.60000610351562,154.0,2536555
2007-10-12 00:00:00+00:00,132.50502014160156,148.80999755859375,153.5399932861328,148.0,152.0,1153155
2007-10-15 00:00:00+00:00,146.0306854248047,164.0,165.8000030517578,150.60000610351562,150.60000610351562,6578980
2007-10-16 00:00:00+00:00,157.9090118408203,177.33999633789062,180.1999969482422,165.0,166.94000244140625,7559095
2007-10-17 00:00:00+00:00,155.31788635253906,174.42999267578125,176.0,150.0,164.0,7021855
2007-10-18 00:00:00+00:00,152.63768005371094,171.4199981689453,179.74000549316406,169.1999969482422,179.74000549316406,5550705
2007-10-19 00:00:00+00:00,147.78485107421875,165.97000122070312,173.8000030517578,163.1999969482422,173.8000030517578,3587085
2007-10-22 00:00:00+00:00,145.85256958007812,163.8000030517578,169.02000427246094,159.8000030517578,164.77999877929688,3113335
2007-10-23 00:00:00+00:00,154.73016357421875,173.77000427246094,179.0,169.0,173.94000244140625,3435385
2007-10-24 00:00:00+00:00,154.2938995361328,173.27999877929688,178.77999877929688,169.97999572753906,173.77000427246094,2788885
2007-10-25 00:00:00+00:00,155.62062072753906,174.77000427246094,176.8000030517578,168.00999450683594,173.7899932861328,2874680
2007-10-26 00:00:00+00:00,164.92562866210938,185.22000122070312,188.0,170.60000610351562,173.8000030517578,2633940
2007-10-29 00:00:00+00:00,165.4509735107422,185.80999755859375,191.3800048828125,182.22999572753906,185.60000610351562,3075560
2007-10-30 00:00:00+00:00,161.76458740234375,181.6699981689453,188.94000244140625,180.0,188.94000244140625,3522920
2007-10-31 00:00:00+00:00,163.36740112304688,183.47000122070312,184.8000030517578,180.82000732421875,181.60000610351562,1304920
2007-11-01 00:00:00+00:00,163.45645141601562,183.57000732421875,188.8000030517578,177.60000610351562,185.0,2358475
2007-11-02 00:00:00+00:00,166.0030517578125,186.42999267578125,187.60000610351562,176.39999389648438,179.89999389648438,1158835
2007-11-05 00:00:00+00:00,173.27784729003906,194.60000610351562,202.0,183.00999450683594,186.60000610351562,5597425
2007-11-06 00:00:00+00:00,168.540771484375,189.27999877929688,200.60000610351562,185.39999389648438,196.00999450683594,2690965
2007-11-07 00:00:00+00:00,166.05645751953125,186.49000549316406,199.58999633789062,184.24000549316406,190.0,2301420
2007-11-08 00:00:00+00:00,164.0262908935547,184.2100067138672,186.3000030517578,178.1300048828125,178.1300048828125,2157855
2007-11-12 00:00:00+00:00,158.03370666503906,177.47999572753906,182.97000122070312,174.3000030517578,180.0,3526790
2007-11-13 00:00:00+00:00,170.11685180664062,191.0500030517578,192.0,176.60000610351562,178.1199951171875,2552810
2007-11-14 00:00:00+00:00,176.4210968017578,198.1300048828125,199.77000427246094,192.3000030517578,195.10000610351562,3026835
2007-11-15 00:00:00+00:00,171.5860595703125,192.6999969482422,199.8000030517578,191.3000030517578,197.0,1316385
2007-11-16 00:00:00+00:00,174.22174072265625,195.66000366210938,197.0,188.89999389648438,188.89999389648438,783585
2007-11-19 00:00:00+00:00,174.69366455078125,196.19000244140625,198.25,194.4199981689453,196.72000122070312,2588530
2007-11-20 00:00:00+00:00,177.44505310058594,199.27999877929688,204.94000244140625,194.0,194.0,4244055
2007-11-21 00:00:00+00:00,167.97088623046875,188.63999938964844,201.2899932861328,186.8000030517578,201.1999969482422,1627265
2007-11-22 00:00:00+00:00,163.64341735839844,183.77999877929688,188.97000122070312,180.0,188.0,2057575
2007-11-23 00:00:00+00:00,165.01466369628906,185.32000732421875,189.8000030517578,183.0399932861328,187.0,2449415
2007-11-26 00:00:00+00:00,167.15170288085938,187.72000122070312,190.97999572753906,185.0,188.0399932861328,9834630
2007-11-27 00:00:00+00:00,165.99417114257812,186.4199981689453,190.55999755859375,185.1999969482422,188.39999389648438,2194265
2007-11-28 00:00:00+00:00,161.29266357421875,181.13999938964844,190.0,180.0,188.60000610351562,1950325
2007-11-29 00:00:00+00:00,163.63450622558594,183.77000427246094,187.3800048828125,181.60000610351562,184.97999572753906,3347655
2007-11-30 00:00:00+00:00,165.73593139648438,186.1300048828125,190.94000244140625,182.6199951171875,183.41000366210938,3365885
2007-12-03 00:00:00+00:00,167.8195343017578,188.47000122070312,189.97999572753906,186.0,187.22999572753906,1810230
2007-12-04 00:00:00+00:00,168.1667938232422,188.86000061035156,190.10000610351562,188.0,189.39999389648438,2604970
2007-12-05 00:00:00+00:00,167.41885375976562,188.02000427246094,189.9600067138672,187.0,188.60000610351562,2051215
2007-12-06 00:00:00+00:00,164.40916442871094,184.63999938964844,190.1999969482422,183.3300018310547,189.02000427246094,2505170
2007-12-07 00:00:00+00:00,167.14279174804688,187.7100067138672,188.0,184.39999389648438,186.24000549316406,1478035
2007-12-10 00:00:00+00:00,167.3386993408203,187.92999267578125,188.5,186.1999969482422,188.0,965735
2007-12-11 00:00:00+00:00,167.5791015625,188.1999969482422,190.0,187.1999969482422,190.0,2258165
2007-12-12 00:00:00+00:00,167.76612854003906,188.41000366210938,191.0,180.4499969482422,187.0,5131770
2007-12-13 00:00:00+00:00,173.1354217529297,194.44000244140625,195.8000030517578,189.0,189.0,4608770
2007-12-14 00:00:00+00:00,177.13340759277344,198.92999267578125,199.7899932861328,194.42999267578125,195.02000427246094,8700010
2007-12-17 00:00:00+00:00,175.31698608398438,196.88999938964844,202.66000366210938,192.44000244140625,199.0500030517578,2976960
2007-12-18 00:00:00+00:00,169.7250213623047,190.61000061035156,199.60000610351562,186.5399932861328,196.39999389648438,455585
2007-12-19 00:00:00+00:00,167.2229461669922,187.8000030517578,195.60000610351562,185.39999389648438,193.0,2179280
2007-12-20 00:00:00+00:00,166.30580139160156,186.77000427246094,192.60000610351562,185.0399932861328,188.22000122070312,1589440
2007-12-24 00:00:00+00:00,169.7606964111328,190.64999389648438,191.39999389648438,187.3000030517578,190.0,2345920
2007-12-26 00:00:00+00:00,172.9127960205078,194.19000244140625,195.0,188.8000030517578,192.0,1788985
2007-12-27 00:00:00+00:00,170.32164001464844,191.27999877929688,196.8000030517578,190.1999969482422,194.8000030517578,2548215
2007-12-28 00:00:00+00:00,173.7320098876953,195.11000061035156,197.1999969482422,190.60000610351562,192.0,1774735
2007-12-31 00:00:00+00:00,172.82376098632812,194.08999633789062,197.60000610351562,193.1999969482422,197.1999969482422,900765
2008-01-01 00:00:00+00:00,173.19772338867188,194.50999450683594,196.69000244140625,193.22000122070312,194.05999755859375,723580
2008-01-02 00:00:00+00:00,184.25689697265625,206.92999267578125,208.99000549316406,196.0,196.0,3686330
2008-01-03 00:00:00+00:00,184.4705810546875,207.1699981689453,209.92999267578125,205.0,206.0,2562330
2008-01-04 00:00:00+00:00,187.8631134033203,210.97999572753906,214.88999938964844,205.42999267578125,207.0,3574130
2008-01-07 00:00:00+00:00,194.14068603515625,218.02999877929688,219.39999389648438,196.1300048828125,207.0,3104430
2008-01-08 00:00:00+00:00,189.79537963867188,213.14999389648438,225.0,210.6199951171875,220.0,3222265
2008-01-09 00:00:00+00:00,195.1112518310547,219.1199951171875,223.8000030517578,213.0,214.0,5181265
2008-01-10 00:00:00+00:00,193.9626007080078,217.8300018310547,225.0,214.80999755859375,223.0,4727250
2008-01-11 00:00:00+00:00,208.3163299560547,233.9499969482422,235.99000549316406,216.0,219.8000030517578,6572805
2008-01-14 00:00:00+00:00,225.8400115966797,253.6300048828125,258.29998779296875,232.6199951171875,236.0,8199610
2008-01-15 00:00:00+00:00,213.08905029296875,239.30999755859375,257.5299987792969,237.00999450683594,253.1999969482422,6402495
2008-01-16 00:00:00+00:00,205.9923095703125,231.33999633789062,239.77000427246094,227.91000366210938,238.0,4469725
2008-01-17 00:00:00+00:00,206.945068359375,232.41000366210938,239.0,223.1999969482422,233.60000610351562,3536020
2008-01-18 00:00:00+00:00,198.16539001464844,222.5500030517578,232.0,218.0,232.0,516090
2008-01-21 00:00:00+00:00,188.88714599609375,212.1300048828125,227.75999450683594,204.0,216.0,2408440
2008-01-22 00:00:00+00:00,173.56280517578125,194.9199981689453,219.8000030517578,169.7100067138672,200.0,3639625
2008-01-23 00:00:00+00:00,180.88217163085938,203.13999938964844,220.0,192.0,207.75999450683594,4573800
2008-01-24 00:00:00+00:00,178.4779815673828,200.44000244140625,223.77999877929688,196.0,220.0,6836390
2008-01-25 00:00:00+00:00,195.494140625,219.5500030517578,230.1999969482422,202.0,204.39999389648438,3481300
2008-01-28 00:00:00+00:00,203.2764892578125,228.2899932861328,230.1999969482422,207.05999755859375,217.8000030517578,1895700
2008-01-29 00:00:00+00:00,204.12240600585938,229.24000549316406,239.0,214.39999389648438,230.1999969482422,4328530
2008-01-30 00:00:00+00:00,196.0283966064453,220.14999389648438,230.0,214.39999389648438,230.0,259620
2008-01-31 00:00:00+00:00,199.59902954101562,224.16000366210938,230.0,210.1999969482422,223.60000610351562,4376745
2008-02-01 00:00:00+00:00,193.250244140625,217.02999877929688,230.0,212.0,228.0,7751540
2008-02-04 00:00:00+00:00,193.9269561767578,217.7899932861328,225.9600067138672,215.39999389648438,223.8000030517578,3356465
2008-02-05 00:00:00+00:00,188.7179412841797,211.94000244140625,219.8000030517578,210.64999389648438,218.39999389648438,1990970
2008-02-06 00:00:00+00:00,193.16119384765625,216.92999267578125,217.77999877929688,203.30999755859375,210.0,2488040
2008-02-07 00:00:00+00:00,184.26577758789062,206.94000244140625,216.92999267578125,203.00999450683594,216.92999267578125,2603445
2008-02-08 00:00:00+00:00,175.17449951171875,196.72999572753906,208.94000244140625,193.11000061035156,206.94000244140625,2601065
2008-02-11 00:00:00+00:00,165.75369262695312,186.14999389648438,197.39999389648438,180.1999969482422,196.72999572753906,3395480
2008-02-12 00:00:00+00:00,176.41217041015625,198.1199951171875,200.0,184.2100067138672,187.22000122070312,4889300
2008-02-13 00:00:00+00:00,172.20936584472656,193.39999389648438,204.0,192.0,200.0,3252485
2008-02-14 00:00:00+00:00,176.87521362304688,198.63999938964844,205.0,194.47000122070312,205.0,2712105
2008-02-15 00:00:00+00:00,183.32192993164062,205.8800048828125,210.0,193.0,196.0,2325490
2008-02-18 00:00:00+00:00,187.1508026123047,210.17999267578125,213.3800048828125,206.39999389648438,208.0,3079605
2008-02-19 00:00:00+00:00,184.8802032470703,207.6300048828125,219.97000122070312,203.30999755859375,218.39999389648438,1996365
2008-02-20 00:00:00+00:00,179.1725311279297,201.22000122070312,207.60000610351562,197.02999877929688,207.60000610351562,1581545
2008-02-21 00:00:00+00:00,178.2108612060547,200.13999938964844,207.0,196.0399932861328,201.75999450683594,1558855
2008-02-22 00:00:00+00:00,172.92169189453125,194.1999969482422,197.0,192.0500030517578,196.0,2060320
2008-02-25 00:00:00+00:00,170.3928985595703,191.36000061035156,199.9199981689453,187.60000610351562,199.60000610351562,2545540
2008-02-26 00:00:00+00:00,171.10520935058594,192.16000366210938,196.0,190.0,190.0,1683995
2008-02-27 00:00:00+00:00,176.81285095214844,198.57000732421875,200.97999572753906,194.0,194.22000122070312,2757150
2008-02-28 00:00:00+00:00,179.78695678710938,201.91000366210938,205.60000610351562,195.00999450683594,200.0,2778390
2008-02-29 00:00:00+00:00,182.10205078125,204.50999450683594,208.0,190.02000427246094,199.74000549316406,2985065
2008-03-03 00:00:00+00:00,167.30307006835938,187.88999938964844,199.60000610351562,186.0,193.0,2074360
2008-03-04 00:00:00+00:00,162.21873474121094,182.17999267578125,192.0,173.0,188.0,4770540
2008-03-05 00:00:00+00:00,159.6720733642578,179.32000732421875,185.0,175.02999877929688,182.0,4360045
2008-03-07 00:00:00+00:00,149.74375915527344,168.1699981689453,179.32000732421875,161.86000061035156,179.32000732421875,5119425
2008-03-10 00:00:00+00:00,143.66212463378906,161.33999633789062,170.0,155.39999389648438,170.0,10215405
2008-03-11 00:00:00+00:00,148.90676879882812,167.22999572753906,169.27999877929688,151.25999450683594,151.39999389648438,5531340
2008-03-12 00:00:00+00:00,153.866455078125,172.8000030517578,177.97999572753906,169.25,173.0,3742805
2008-03-13 00:00:00+00:00,143.6443328857422,161.32000732421875,172.39999389648438,152.39999389648438,169.24000549316406,5312500
2008-03-14 00:00:00+00:00,153.21646118164062,172.07000732421875,178.97999572753906,157.0,161.32000732421875,3541275
2008-03-17 00:00:00+00:00,141.3647918701172,158.75999450683594,168.1999969482422,155.6999969482422,168.1999969482422,5544380
2008-03-18 00:00:00+00:00,139.36135864257812,156.50999450683594,165.1999969482422,150.1999969482422,157.00999450683594,6631690
2008-03-19 00:00:00+00:00,134.16122436523438,150.6699981689453,167.0,148.0,163.0,9444900
2008-03-24 00:00:00+00:00,129.1035919189453,144.99000549316406,158.39999389648438,142.5,154.0,6392830
2008-03-25 00:00:00+00:00,140.85726928710938,158.19000244140625,161.0,146.0,146.0,6987155
2008-03-26 00:00:00+00:00,147.59783935546875,165.75999450683594,168.0,157.05999755859375,161.0,3800670
2008-03-27 00:00:00+00:00,141.1243896484375,158.49000549316406,163.02000427246094,157.4199981689453,163.02000427246094,4554225
2008-03-28 00:00:00+00:00,143.75119018554688,161.44000244140625,163.97999572753906,153.07000732421875,159.39999389648438,5456695
2008-03-31 00:00:00+00:00,140.661376953125,157.97000122070312,164.0,148.4199981689453,161.0,9373050
2008-04-01 00:00:00+00:00,128.5159149169922,144.3300018310547,161.8000030517578,142.24000549316406,161.8000030517578,8324865
2008-04-02 00:00:00+00:00,132.60299682617188,148.9199981689453,153.0,147.8000030517578,149.77999877929688,9261800
2008-04-03 00:00:00+00:00,132.53175354003906,148.83999633789062,150.0,145.2100067138672,149.0,3186435
2008-04-04 00:00:00+00:00,127.2336654663086,142.88999938964844,149.55999755859375,142.00999450683594,149.00999450683594,5090635
2008-04-07 00:00:00+00:00,133.7694549560547,150.22999572753906,152.38999938964844,139.0,143.5800018310547,5362655
2008-04-08 00:00:00+00:00,135.12290954589844,151.75,155.36000061035156,148.80999755859375,150.1999969482422,5254960
2008-04-09 00:00:00+00:00,142.0593719482422,159.5399932861328,163.27999877929688,148.22999572753906,152.0,5289170
2008-04-10 00:00:00+00:00,138.54212951660156,155.58999633789062,164.4499969482422,154.02000427246094,160.4600067138672,6053590
2008-04-11 00:00:00+00:00,135.3366241455078,151.99000549316406,159.0,151.1199951171875,158.0,5140465
2008-04-15 00:00:00+00:00,137.73187255859375,154.67999267578125,156.60000610351562,148.22999572753906,151.0,8752550
2008-04-16 00:00:00+00:00,139.93121337890625,157.14999389648438,158.8000030517578,154.42999267578125,156.60000610351562,2959865
2008-04-17 00:00:00+00:00,146.8142852783203,164.8800048828125,170.60000610351562,159.75999450683594,159.75999450683594,11679770
2008-04-21 00:00:00+00:00,156.99188232421875,176.30999755859375,178.0,163.00999450683594,166.39999389648438,16970085
2008-04-22 00:00:00+00:00,161.88035583496094,181.8000030517578,184.8000030517578,175.25999450683594,176.8000030517578,9708480
2008-04-23 00:00:00+00:00,159.7789306640625,179.44000244140625,183.97999572753906,174.02000427246094,183.0,5077185
2008-04-24 00:00:00+00:00,160.0193634033203,179.7100067138672,182.0,176.0,181.0399932861328,5738825
2008-04-25 00:00:00+00:00,161.64881896972656,181.5399932861328,184.0,177.60000610351562,180.0,5053415
2008-04-28 00:00:00+00:00,163.64341735839844,183.77999877929688,185.0,180.0,183.1999969482422,3648765
2008-04-29 00:00:00+00:00,168.4072265625,189.1300048828125,189.8000030517578,181.0,183.0,8736005
2008-04-30 00:00:00+00:00,164.4715118408203,184.7100067138672,189.97999572753906,180.39999389648438,188.94000244140625,8709525
2008-05-02 00:00:00+00:00,166.62635803222656,187.1300048828125,193.94000244140625,185.1999969482422,187.0,3301870
2008-05-05 00:00:00+00:00,168.6031036376953,189.35000610351562,193.97999572753906,184.8000030517578,187.8000030517578,5627640
2008-05-06 00:00:00+00:00,168.84356689453125,189.6199951171875,190.97999572753906,186.4199981689453,189.0,7518855
2008-05-07 00:00:00+00:00,161.60433959960938,181.49000549316406,189.60000610351562,180.25,189.60000610351562,7682275
2008-05-08 00:00:00+00:00,153.7239990234375,172.63999938964844,181.1999969482422,171.1999969482422,174.8000030517578,6794655
2008-05-09 00:00:00+00:00,148.85333251953125,167.1699981689453,175.0,166.39999389648438,171.39999389648438,7531760
2008-05-12 00:00:00+00:00,156.2172088623047,175.44000244140625,176.55999755859375,164.0,168.8000030517578,8558135
2008-05-13 00:00:00+00:00,154.79249572753906,173.83999633789062,180.77999877929688,172.4499969482422,177.3000030517578,6708675
2008-05-14 00:00:00+00:00,153.599365234375,172.5,175.5,170.60000610351562,173.0,5498745
2008-05-15 00:00:00+00:00,159.13783264160156,178.72000122070312,179.9600067138672,173.58999633789062,173.58999633789062,5241255
2008-05-16 00:00:00+00:00,160.28646850585938,180.00999450683594,183.5800018310547,178.39999389648438,180.0,4259275
2008-05-20 00:00:00+00:00,154.81924438476562,173.8699951171875,179.8000030517578,170.1999969482422,179.8000030517578,5023125
2008-05-21 00:00:00+00:00,154.89047241210938,173.9499969482422,175.0,170.25999450683594,171.02000427246094,5287345
2008-05-22 00:00:00+00:00,148.5872802734375,165.72000122070312,173.0,164.6199951171875,173.0,7040190
2008-05-23 00:00:00+00:00,143.3599853515625,159.88999938964844,168.39999389648438,159.1999969482422,167.0,4864695
2008-05-26 00:00:00+00:00,136.8057098388672,152.5800018310547,158.0,151.05999755859375,158.0,4528385
2008-05-27 00:00:00+00:00,132.47509765625,147.75,156.0,146.0500030517578,154.0,7206045
2008-05-28 00:00:00+00:00,145.2877197265625,162.0399932861328,163.27999877929688,148.0,149.60000610351562,10595885
2008-05-29 00:00:00+00:00,140.41014099121094,156.60000610351562,165.8000030517578,155.0500030517578,163.0,7768755
2008-05-30 00:00:00+00:00,142.2481689453125,158.64999389648438,160.89999389648438,149.08999633789062,159.7899932861328,13104250
2008-06-02 00:00:00+00:00,134.3759002685547,149.8699951171875,161.4499969482422,148.0399932861328,155.0,6234105
2008-06-03 00:00:00+00:00,135.81944274902344,151.47999572753906,153.33999633789062,144.4499969482422,148.0,6517185
2008-06-04 00:00:00+00:00,132.12535095214844,147.36000061035156,155.33999633789062,145.63999938964844,151.39999389648438,6448785
2008-06-05 00:00:00+00:00,138.24029541015625,154.17999267578125,155.4600067138672,144.64999389648438,147.36000061035156,7198200
2008-06-06 00:00:00+00:00,136.38433837890625,152.11000061035156,158.0,151.1999969482422,158.0,6678345
2008-06-09 00:00:00+00:00,126.08219146728516,140.6199951171875,149.9600067138672,137.0,149.0,9781085
2008-06-10 00:00:00+00:00,122.20880126953125,136.3000030517578,143.77000427246094,134.1999969482422,142.02000427246094,7946910
2008-06-11 00:00:00+00:00,126.56636047363281,141.16000366210938,141.77000427246094,136.6999969482422,137.0,4550100
2008-06-12 00:00:00+00:00,128.09957885742188,142.8699951171875,144.0,135.0,139.60000610351562,6557125
2008-06-13 00:00:00+00:00,126.3332290649414,140.89999389648438,147.97999572753906,140.0,146.0,7637070
2008-06-16 00:00:00+00:00,131.93710327148438,147.14999389648438,147.9600067138672,142.0,142.0,9110270
2008-06-17 00:00:00+00:00,142.47232055664062,158.89999389648438,160.60000610351562,145.42999267578125,147.39999389648438,10982725
2008-06-18 00:00:00+00:00,134.58209228515625,150.10000610351562,160.8000030517578,148.24000549316406,159.0,15260880
2008-06-19 00:00:00+00:00,128.7720184326172,143.6199951171875,148.60000610351562,142.39999389648438,148.0,10563620
2008-06-20 00:00:00+00:00,126.1897964477539,140.74000549316406,146.77999877929688,138.82000732421875,143.60000610351562,15450330
2008-06-23 00:00:00+00:00,125.01520538330078,139.42999267578125,141.8000030517578,134.0,140.0,9577325
2008-06-24 00:00:00+00:00,121.6977310180664,135.72999572753906,143.94000244140625,134.0,141.0,7184750
2008-06-25 00:00:00+00:00,122.84540557861328,137.00999450683594,138.82000732421875,128.39999389648438,132.0,13616080
2008-06-26 00:00:00+00:00,121.61705017089844,135.63999938964844,141.0,133.0,138.0,9903815
2008-06-27 00:00:00+00:00,112.72260284423828,125.72000122070312,132.0,123.4000015258789,132.0,12046395
2008-06-30 00:00:00+00:00,108.49952697753906,121.01000213623047,127.0,117.23999786376953,125.0,11179920
2008-07-01 00:00:00+00:00,106.49111938476562,118.7699966430664,122.0,116.0,122.0,9449995
2008-07-02 00:00:00+00:00,113.77163696289062,126.88999938964844,129.0,113.66000366210938,119.45999908447266,10781475
2008-07-03 00:00:00+00:00,104.0433578491211,116.04000091552734,127.0,112.5999984741211,125.56999969482422,12157755
2008-07-04 00:00:00+00:00,107.67465209960938,120.08999633789062,122.9800033569336,112.44000244140625,115.80000305175781,10910840
2008-07-07 00:00:00+00:00,108.30228424072266,120.79000091552734,126.62000274658203,117.68000030517578,118.0,8511535
2008-07-08 00:00:00+00:00,108.84026336669922,121.38999938964844,124.58000183105469,113.30000305175781,118.0,9894800
2008-07-09 00:00:00+00:00,119.98521423339844,133.82000732421875,135.0,124.05000305175781,125.0,11953780
2008-07-10 00:00:00+00:00,121.66187286376953,135.69000244140625,137.57000732421875,127.5999984741211,133.0,10404950
2008-07-11 00:00:00+00:00,119.29480743408203,133.0500030517578,140.0,130.02000427246094,134.02000427246094,17444255
2008-07-14 00:00:00+00:00,113.75371551513672,126.87000274658203,138.1999969482422,125.12000274658203,133.0,26102490
2008-07-15 00:00:00+00:00,107.07392120361328,119.41999816894531,125.4000015258789,115.26000213623047,125.4000015258789,25507360
2008-07-16 00:00:00+00:00,104.80548858642578,116.88999938964844,121.80000305175781,116.19999694824219,120.0,15732200
2008-07-17 00:00:00+00:00,113.95097351074219,127.08999633789062,128.3800048828125,119.19999694824219,123.95999908447266,24378020
2008-07-18 00:00:00+00:00,122.94404602050781,137.1199951171875,140.0,128.1999969482422,128.86000061035156,17510465
2008-07-21 00:00:00+00:00,125.06004333496094,139.47999572753906,140.8000030517578,134.66000366210938,139.0,13301175
2008-07-22 00:00:00+00:00,131.8115692138672,147.00999450683594,148.9600067138672,137.39999389648438,139.0,18384215
2008-07-23 00:00:00+00:00,136.94020080566406,152.72999572753906,160.39999389648438,150.39999389648438,151.11000061035156,16014820
2008-07-24 00:00:00+00:00,136.33946228027344,152.05999755859375,159.36000061035156,148.39999389648438,153.0,15729165
2008-07-25 00:00:00+00:00,127.83056640625,142.57000732421875,148.39999389648438,141.1999969482422,143.5399932861328,11082795
2008-07-28 00:00:00+00:00,125.04212188720703,139.4600067138672,143.94000244140625,126.80000305175781,126.80000305175781,15375255
2008-07-29 00:00:00+00:00,111.12662506103516,123.94000244140625,137.39999389648438,123.0199966430664,136.0,23506465
2008-07-30 00:00:00+00:00,121.80533599853516,135.85000610351562,137.97999572753906,124.80999755859375,124.80999755859375,21863800
2008-07-31 00:00:00+00:00,117.25948333740234,130.77999877929688,136.99000549316406,129.02000427246094,136.0,13695970
2008-08-01 00:00:00+00:00,121.9218978881836,135.97999572753906,136.8000030517578,125.0,130.0,17893810
2008-08-04 00:00:00+00:00,126.61119079589844,141.2100067138672,142.9600067138672,134.0399932861328,136.0,16348105
2008-08-05 00:00:00+00:00,136.38433837890625,152.11000061035156,154.60000610351562,139.97000122070312,141.8000030517578,22491705
2008-08-06 00:00:00+00:00,133.24615478515625,148.61000061035156,160.36000061035156,147.0,155.0,21401295
2008-08-07 00:00:00+00:00,133.87379455566406,149.30999755859375,153.32000732421875,147.3000030517578,148.61000061035156,10563655
2008-08-08 00:00:00+00:00,131.82948303222656,147.02999877929688,153.33999633789062,141.25,149.99000549316406,22692550
2008-08-11 00:00:00+00:00,136.21395874023438,151.9199981689453,153.75999450683594,150.0,153.75999450683594,12037000
2008-08-12 00:00:00+00:00,129.21139526367188,144.11000061035156,152.89999389648438,143.07000732421875,152.0,13856510
2008-08-13 00:00:00+00:00,130.0272979736328,145.02000427246094,146.3699951171875,139.8000030517578,143.0,19504310
2008-08-14 00:00:00+00:00,125.52631378173828,140.0,145.16000366210938,137.25999450683594,145.02000427246094,21456735
2008-08-18 00:00:00+00:00,124.18134307861328,138.5,142.5,135.00999450683594,139.60000610351562,16943130
2008-08-19 00:00:00+00:00,121.90396118164062,135.9600067138672,138.17999267578125,134.0399932861328,137.0,12688850
2008-08-20 00:00:00+00:00,120.82799530029297,134.75999450683594,138.9600067138672,133.6199951171875,135.60000610351562,12436050
2008-08-21 00:00:00+00:00,116.39873504638672,129.82000732421875,134.39999389648438,129.0,134.0,9974100
2008-08-22 00:00:00+00:00,121.91292572021484,135.97000122070312,136.63999938964844,127.30000305175781,129.0,15792320
2008-08-25 00:00:00+00:00,122.94404602050781,137.1199951171875,142.94000244140625,136.4199981689453,141.0,11869760
2008-08-26 00:00:00+00:00,121.87704467773438,135.92999267578125,136.6999969482422,132.42999267578125,136.0,16982365
2008-08-27 00:00:00+00:00,121.4646224975586,135.47000122070312,138.8800048828125,134.63999938964844,137.60000610351562,13055045
2008-08-28 00:00:00+00:00,120.24520111083984,134.11000061035156,136.6999969482422,133.1999969482422,136.0,10836080
2008-08-29 00:00:00+00:00,129.7224578857422,144.67999267578125,145.3800048828125,136.39999389648438,137.0,19076130
2008-09-01 00:00:00+00:00,129.6327667236328,144.5800018310547,145.9499969482422,139.6300048828125,144.00999450683594,15530580
2008-09-02 00:00:00+00:00,136.25875854492188,151.97000122070312,154.32000732421875,145.3000030517578,146.39999389648438,24059335
2008-09-04 00:00:00+00:00,131.65911865234375,146.83999633789062,152.0,146.05999755859375,152.0,20732740
2008-09-05 00:00:00+00:00,123.23990631103516,137.4499969482422,146.0,136.80999755859375,146.0,30080985
2008-09-08 00:00:00+00:00,127.54367065429688,142.25,146.8000030517578,139.0,139.0,22302315
2008-09-09 00:00:00+00:00,127.31951904296875,142.0,143.17999267578125,138.02000427246094,143.0,15704165
2008-09-10 00:00:00+00:00,127.40019989013672,142.08999633789062,144.67999267578125,139.0,139.9600067138672,18446420
2008-09-11 00:00:00+00:00,126.27050018310547,140.8300018310547,143.5800018310547,138.60000610351562,140.97999572753906,12555550
2008-09-12 00:00:00+00:00,124.19032287597656,138.50999450683594,144.8000030517578,137.39999389648438,144.8000030517578,12957470
2008-09-15 00:00:00+00:00,117.8602294921875,131.4499969482422,137.0,127.19999694824219,136.0,4209365
2008-09-16 00:00:00+00:00,124.77313232421875,139.16000366210938,139.97999572753906,121.19999694824219,127.5999984741211,20554995
2008-09-17 00:00:00+00:00,119.50997924804688,133.2899932861328,143.0,130.72000122070312,140.8000030517578,19380680
2008-09-18 00:00:00+00:00,121.68878173828125,135.72000122070312,139.0,122.26000213623047,124.19999694824219,23031760
2008-09-19 00:00:00+00:00,127.05949401855469,141.7100067138672,143.97999572753906,137.39999389648438,138.27999877929688,19861650
2008-09-22 00:00:00+00:00,126.40496826171875,140.97999572753906,144.55999755859375,140.0,142.99000549316406,13033940
2008-09-23 00:00:00+00:00,122.54054260253906,136.6699981689453,141.69000244140625,135.94000244140625,139.8000030517578,12012010
2008-09-24 00:00:00+00:00,127.35536193847656,142.0399932861328,142.5500030517578,137.02999877929688,137.02999877929688,18204465
2008-09-25 00:00:00+00:00,129.36378479003906,144.27999877929688,145.17999267578125,141.00999450683594,142.0,21352225
2008-09-26 00:00:00+00:00,126.44084930419922,141.02000427246094,144.9600067138672,140.4499969482422,142.0,23698700
2008-09-29 00:00:00+00:00,120.4245376586914,134.30999755859375,142.8000030517578,132.02000427246094,141.0,24062265
2008-09-30 00:00:00+00:00,129.15757751464844,144.0500030517578,145.0,107.5999984741211,130.74000549316406,22737250
2008-10-01 00:00:00+00:00,131.73086547851562,146.9199981689453,149.0,141.39999389648438,144.39999389648438,27393850
2008-10-03 00:00:00+00:00,125.93873596191406,140.4600067138672,148.0,138.82000732421875,145.0,23026825
2008-10-06 00:00:00+00:00,121.5811996459961,135.60000610351562,141.1999969482422,134.13999938964844,138.94000244140625,13916255
2008-10-07 00:00:00+00:00,122.45986938476562,136.5800018310547,154.8000030517578,130.6199951171875,154.8000030517578,19058415
2008-10-08 00:00:00+00:00,116.15664672851562,129.5500030517578,133.60000610351562,114.29000091552734,133.60000610351562,20837280
2008-10-10 00:00:00+00:00,99.09403228759766,110.5199966430664,129.0,107.30000305175781,115.0,22736455
2008-10-13 00:00:00+00:00,118.34439086914062,131.99000549316406,134.8000030517578,113.0,113.0,22362115
2008-10-14 00:00:00+00:00,114.5965347290039,127.80999755859375,145.33999633789062,126.5999984741211,145.33999633789062,25757925
2008-10-15 00:00:00+00:00,110.96524810791016,123.76000213623047,129.97999572753906,120.30000305175781,126.4000015258789,20542195
2008-10-16 00:00:00+00:00,111.6915054321289,124.56999969482422,126.5,115.30000305175781,120.0,6571135
2008-10-17 00:00:00+00:00,111.24319458007812,124.06999969482422,131.8000030517578,119.0,131.8000030517578,19285710
2008-10-20 00:00:00+00:00,110.80384063720703,123.58000183105469,130.8000030517578,120.69999694824219,125.27999877929688,25104450
2008-10-21 00:00:00+00:00,117.7257308959961,131.3000030517578,133.60000610351562,124.5999984741211,127.33999633789062,19670765
2008-10-22 00:00:00+00:00,113.18885803222656,126.23999786376953,132.75999450683594,125.02999877929688,127.26000213623047,13346215
2008-10-23 00:00:00+00:00,111.61080169677734,124.4800033569336,129.0,119.0,124.0,16925405
2008-10-24 00:00:00+00:00,96.62834930419922,107.7699966430664,123.73999786376953,103.4000015258789,122.0,21571550
2008-10-27 00:00:00+00:00,95.85724639892578,106.91000366210938,109.19999694824219,95.0,106.0,16055345
2008-10-29 00:00:00+00:00,94.4764633178711,105.37000274658203,119.80000305175781,103.62000274658203,119.0,22217715
2008-10-31 00:00:00+00:00,100.95001983642578,112.58999633789062,116.0,106.22000122070312,107.22000122070312,14748160
2008-11-03 00:00:00+00:00,107.98847961425781,120.44000244140625,124.94000244140625,116.01000213623047,116.45999908447266,14041135
2008-11-04 00:00:00+00:00,114.84756469726562,128.08999633789062,129.77999877929688,116.4800033569336,120.0,17551300
2008-11-05 00:00:00+00:00,108.3112564086914,120.80000305175781,134.9600067138672,118.47000122070312,130.3800048828125,18841285
2008-11-06 00:00:00+00:00,104.4916763305664,116.54000091552734,122.18000030517578,110.5,118.0,14708505
2008-11-07 00:00:00+00:00,104.29440307617188,116.31999969482422,119.80000305175781,109.43000030517578,116.0,18138005
2008-11-10 00:00:00+00:00,109.18994140625,121.77999877929688,122.5999984741211,115.66000366210938,118.88999938964844,14198950
2008-11-11 00:00:00+00:00,101.14727783203125,112.80999755859375,120.5999984741211,112.0,120.0,10869725
2008-11-12 00:00:00+00:00,94.1985092163086,105.05999755859375,113.94000244140625,104.62999725341797,111.80000305175781,13449920
2008-11-14 00:00:00+00:00,88.39739990234375,98.58999633789062,110.87999725341797,97.4000015258789,108.0,23297860
2008-11-17 00:00:00+00:00,81.7265853881836,91.1500015258789,99.9800033569336,86.22000122070312,99.55999755859375,4986675
2008-11-18 00:00:00+00:00,78.49877166748047,87.55000305175781,90.4000015258789,85.0,90.4000015258789,20776800
2008-11-19 00:00:00+00:00,76.66967010498047,85.51000213623047,92.86000061035156,84.22000122070312,85.0,23260910
2008-11-20 00:00:00+00:00,72.814208984375,81.20999908447266,83.80000305175781,78.86000061035156,83.80000305175781,4448665
2008-11-21 00:00:00+00:00,73.79151916503906,82.30000305175781,84.5,76.72000122070312,83.80000305175781,27107865
2008-11-24 00:00:00+00:00,71.28996276855469,79.51000213623047,84.0,78.37000274658203,81.80000305175781,17989185
2008-11-25 00:00:00+00:00,67.52417755126953,75.30999755859375,83.73999786376953,73.4000015258789,82.95999908447266,18747520
2008-11-26 00:00:00+00:00,72.52729034423828,80.88999938964844,83.63999938964844,72.4800033569336,75.9800033569336,27816490
2008-11-27 00:00:00+00:00,72.52729034423828,80.88999938964844,80.88999938964844,80.88999938964844,80.88999938964844,0
2008-11-28 00:00:00+00:00,73.25355529785156,81.69999694824219,83.19999694824219,70.5,76.4000015258789,20299850
2008-12-01 00:00:00+00:00,74.06946563720703,82.61000061035156,87.33999633789062,81.62000274658203,82.5,29906195
2008-12-02 00:00:00+00:00,76.94761657714844,85.81999969482422,86.94000244140625,77.6500015258789,81.5999984741211,25024930
2008-12-03 00:00:00+00:00,77.77249145507812,86.73999786376953,87.9800033569336,84.4800033569336,87.0,18239230
2008-12-04 00:00:00+00:00,81.6279525756836,91.04000091552734,92.95999908447266,86.5999984741211,87.9000015258789,24519495
2008-12-05 00:00:00+00:00,79.44918060302734,88.61000061035156,95.0,88.0,91.4000015258789,20811295
2008-12-08 00:00:00+00:00,81.0451431274414,90.38999938964844,93.5999984741211,89.5999984741211,92.0,13395505
2008-12-10 00:00:00+00:00,82.99080657958984,92.55999755859375,93.19999694824219,87.62999725341797,91.4800033569336,23207005
2008-12-11 00:00:00+00:00,81.95073699951172,91.4000015258789,95.80000305175781,88.87999725341797,93.0999984741211,16993035
2008-12-12 00:00:00+00:00,84.0667495727539,93.76000213623047,94.68000030517578,87.12000274658203,89.94000244140625,14953785
2008-12-15 00:00:00+00:00,87.18696594238281,97.23999786376953,98.4800033569336,95.0,95.63999938964844,12927955
2008-12-16 00:00:00+00:00,89.8050765991211,100.16000366210938,101.26000213623047,95.6500015258789,97.0,14824720
2008-12-17 00:00:00+00:00,89.23123931884766,99.5199966430664,104.0,98.41000366210938,100.80000305175781,15602940
2008-12-18 00:00:00+00:00,96.33245849609375,107.44000244140625,108.5999984741211,99.0,99.0,18393845
2008-12-19 00:00:00+00:00,97.91049194335938,109.19999694824219,112.4000015258789,106.25,107.94000244140625,17593185
2008-12-22 00:00:00+00:00,96.38626861572266,107.5,111.36000061035156,105.70999908447266,109.94000244140625,10367845
2008-12-23 00:00:00+00:00,89.57196044921875,99.9000015258789,108.58000183105469,98.1500015258789,106.62000274658203,17050730
2008-12-24 00:00:00+00:00,88.00287628173828,98.1500015258789,99.5999984741211,96.19999694824219,99.0,14320735
2008-12-26 00:00:00+00:00,86.5772705078125,96.55999755859375,102.19999694824219,95.44999694824219,98.29000091552734,10758190
2008-12-29 00:00:00+00:00,88.75605010986328,98.98999786376953,100.36000061035156,93.5999984741211,96.0,13604755
2008-12-30 00:00:00+00:00,91.49971008300781,102.05000305175781,103.87999725341797,98.80000305175781,99.30000305175781,14290435
2008-12-31 00:00:00+00:00,90.50444030761719,100.94000244140625,104.19999694824219,99.91999816894531,103.94000244140625,12477375
2009-01-02 00:00:00+00:00,97.1752700805664,108.37999725341797,109.5,103.45999908447266,104.4000015258789,14261265
2009-01-05 00:00:00+00:00,100.43897247314453,112.0199966430664,112.95999908447266,109.9000015258789,109.9000015258789,9165605
2009-01-06 00:00:00+00:00,102.16942596435547,113.94999694824219,115.4000015258789,110.27999877929688,112.19999694824219,12893855
2009-01-07 00:00:00+00:00,93.62468719482422,104.41999816894531,115.08000183105469,103.0,114.80000305175781,10571555
2009-01-09 00:00:00+00:00,87.25869750976562,97.31999969482422,108.05999755859375,95.0,101.5999984741211,25173105
2009-01-12 00:00:00+00:00,81.00032043457031,90.33999633789062,98.95999908447266,89.0,98.0,22546950
2009-01-13 00:00:00+00:00,78.95603942871094,88.05999755859375,93.0,86.5999984741211,88.4000015258789,15257915
2009-01-14 00:00:00+00:00,80.5878677368164,89.87999725341797,91.38999938964844,87.5999984741211,90.0,12034855
2009-01-15 00:00:00+00:00,77.83526611328125,86.80999755859375,87.68000030517578,84.19999694824219,86.0,11930135
2009-01-16 00:00:00+00:00,79.5388412475586,88.70999908447266,90.19999694824219,87.19999694824219,89.73999786376953,9286470
2009-01-19 00:00:00+00:00,78.59740447998047,87.66000366210938,90.0,86.30999755859375,89.77999877929688,7942585
2009-01-20 00:00:00+00:00,75.74614715576172,84.4800033569336,85.94000244140625,83.31999969482422,85.94000244140625,6111545
2009-01-21 00:00:00+00:00,73.1100845336914,81.54000091552734,85.5999984741211,80.80000305175781,81.11000061035156,10361190
2009-01-22 00:00:00+00:00,74.6074447631836,83.20999908447266,84.19999694824219,80.66000366210938,82.0999984741211,8445315
2009-01-23 00:00:00+00:00,68.91393280029297,76.86000061035156,83.77999877929688,76.0199966430664,82.0,14467735
2009-01-27 00:00:00+00:00,70.787841796875,78.94999694824219,80.94000244140625,76.6500015258789,78.98999786376953,8791605
2009-01-28 00:00:00+00:00,75.82684326171875,84.56999969482422,85.9000015258789,79.4000015258789,79.80000305175781,26017380
2009-01-29 00:00:00+00:00,78.1221694946289,87.12999725341797,89.0,85.22000122070312,86.0,15203530
2009-01-30 00:00:00+00:00,77.77249145507812,86.73999786376953,87.80000305175781,83.7300033569336,86.80000305175781,10647140
2009-02-02 00:00:00+00:00,71.3437728881836,79.56999969482422,86.5999984741211,78.22000122070312,86.5999984741211,10987800
2009-02-03 00:00:00+00:00,70.9223403930664,79.0999984741211,82.94000244140625,78.4000015258789,80.5999984741211,10959425
2009-02-04 00:00:00+00:00,70.85958099365234,79.02999877929688,81.97000122070312,78.5999984741211,80.80000305175781,9570105
2009-02-05 00:00:00+00:00,70.34852600097656,78.45999908447266,79.80000305175781,76.80000305175781,79.30000305175781,10099535
2009-02-06 00:00:00+00:00,72.26727294921875,80.5999984741211,81.37999725341797,78.4000015258789,78.4000015258789,8293960
2009-02-09 00:00:00+00:00,75.75513458251953,84.48999786376953,85.0,81.27999877929688,81.91999816894531,12410810
2009-02-10 00:00:00+00:00,75.49508666992188,84.19999694824219,87.0,83.19999694824219,85.0,11356660
2009-02-11 00:00:00+00:00,77.27936553955078,86.19000244140625,86.7699966430664,81.44999694824219,82.05999755859375,13429835
2009-02-12 00:00:00+00:00,77.19866943359375,86.0999984741211,87.0,85.0199966430664,85.19999694824219,12343235
2009-02-13 00:00:00+00:00,78.97396850585938,88.08000183105469,88.87999725341797,87.19999694824219,87.4000015258789,8345915
2009-02-16 00:00:00+00:00,75.10059356689453,83.76000213623047,88.0,82.19999694824219,88.0,9084555
2009-02-17 00:00:00+00:00,71.57688903808594,79.83000183105469,82.69999694824219,78.62000274658203,82.11000061035156,13144880
2009-02-18 00:00:00+00:00,70.69819641113281,78.8499984741211,80.68000030517578,77.0,78.80000305175781,11209755
2009-02-19 00:00:00+00:00,69.65812683105469,77.69000244140625,80.80000305175781,77.01000213623047,79.19999694824219,10887215
2009-02-20 00:00:00+00:00,66.83377838134766,74.54000091552734,77.0,73.5999984741211,77.0,10274755
2009-02-24 00:00:00+00:00,65.21090698242188,72.7300033569336,73.98999786376953,71.0,73.5999984741211,12938465
2009-02-25 00:00:00+00:00,65.64128112792969,73.20999908447266,75.16000366210938,72.7300033569336,73.80000305175781,11110095
2009-02-26 00:00:00+00:00,62.09965896606445,69.26000213623047,73.19999694824219,68.5999984741211,72.0,16328155
2009-02-27 00:00:00+00:00,62.386566162109375,69.58000183105469,70.56999969482422,67.3499984741211,69.95999908447266,15414885
2009-03-02 00:00:00+00:00,57.93934631347656,64.62000274658203,68.5999984741211,63.86000061035156,68.5999984741211,16340390
2009-03-03 00:00:00+00:00,58.26213073730469,64.9800033569336,66.75,63.040000915527344,64.4000015258789,22533445
2009-03-04 00:00:00+00:00,57.76898956298828,64.43000030517578,68.87999725341797,63.880001068115234,68.87999725341797,19491745
2009-03-05 00:00:00+00:00,53.922508239746094,60.13999938964844,67.19999694824219,59.27000045776367,66.0,25961390
2009-03-06 00:00:00+00:00,52.89140319824219,58.9900016784668,61.720001220703125,57.31999969482422,58.400001525878906,43328785
2009-03-09 00:00:00+00:00,50.46156692504883,56.279998779296875,59.34000015258789,55.650001525878906,58.52000045776367,18064455
2009-03-12 00:00:00+00:00,54.60393142700195,60.900001525878906,61.5099983215332,56.7400016784668,58.0,26269915
2009-03-13 00:00:00+00:00,59.15874099731445,65.9800033569336,66.91000366210938,62.119998931884766,62.119998931884766,21907730
2009-03-16 00:00:00+00:00,61.427188873291016,68.51000213623047,70.69999694824219,65.08000183105469,66.0,29074100
2009-03-17 00:00:00+00:00,58.369720458984375,65.0999984741211,69.58000183105469,64.22000122070312,68.80000305175781,25643115
2009-03-18 00:00:00+00:00,61.09544372558594,68.13999938964844,69.4000015258789,65.5999984741211,65.5999984741211,24488485
2009-03-19 00:00:00+00:00,64.1977310180664,71.5999984741211,72.58999633789062,68.4000015258789,68.98999786376953,28018705
2009-03-20 00:00:00+00:00,61.400291442871094,68.4800033569336,72.12000274658203,65.33000183105469,71.19999694824219,24455430
2009-03-23 00:00:00+00:00,67.004150390625,74.7300033569336,75.37999725341797,69.5199966430664,70.77999877929688,24043910
2009-03-24 00:00:00+00:00,66.69929504394531,74.38999938964844,79.9000015258789,73.02999877929688,75.19000244140625,30446405
2009-03-25 00:00:00+00:00,71.38858795166016,79.62000274658203,81.0,74.68000030517578,75.95999908447266,32500610
2009-03-26 00:00:00+00:00,75.56682586669922,84.27999877929688,85.45999908447266,80.80000305175781,82.19999694824219,38050440
2009-03-27 00:00:00+00:00,77.29729461669922,86.20999908447266,86.9800033569336,83.72000122070312,84.80000305175781,28983670
2009-03-30 00:00:00+00:00,71.19133758544922,79.4000015258789,85.5,78.12999725341797,84.41999816894531,25336185
2009-03-31 00:00:00+00:00,74.4101791381836,82.98999786376953,84.76000213623047,75.12000274658203,80.4000015258789,48698815
2009-04-01 00:00:00+00:00,74.98402404785156,83.62999725341797,84.37999725341797,80.0199966430664,84.0,26359915
2009-04-02 00:00:00+00:00,78.83050537109375,87.91999816894531,89.80000305175781,84.2300033569336,84.2300033569336,20519345
2009-04-06 00:00:00+00:00,78.05045318603516,87.05000305175781,92.80000305175781,85.23999786376953,91.0,27773380
2009-04-08 00:00:00+00:00,79.5388412475586,88.70999908447266,89.94000244140625,80.27999877929688,86.0,29217355
2009-04-09 00:00:00+00:00,79.90645599365234,89.12000274658203,93.63999938964844,87.0,92.0,39840680
2009-04-13 00:00:00+00:00,82.8204574584961,92.37000274658203,94.0999984741211,90.05000305175781,90.05000305175781,24256575
2009-04-15 00:00:00+00:00,90.41478729248047,100.83999633789062,103.0,87.20999908447266,91.0,33801615
2009-04-16 00:00:00+00:00,84.65851593017578,94.41999816894531,103.16999816894531,92.2300033569336,102.41999816894531,34495165
2009-04-17 00:00:00+00:00,90.24443817138672,100.6500015258789,102.4000015258789,94.4000015258789,94.4000015258789,28751055
2009-04-20 00:00:00+00:00,91.42796325683594,101.97000122070312,105.9800033569336,99.68000030517578,103.0,31980195
2009-04-21 00:00:00+00:00,88.57672119140625,98.79000091552734,100.0,95.4800033569336,100.0,47872470
2009-04-22 00:00:00+00:00,84.66748046875,94.43000030517578,101.9800033569336,93.30999755859375,99.80000305175781,33008015
2009-04-23 00:00:00+00:00,90.02923583984375,100.41000366210938,101.98999786376953,92.56999969482422,95.36000061035156,32260005
2009-04-24 00:00:00+00:00,94.96959686279297,105.91999816894531,107.18000030517578,100.5999984741211,101.0999984741211,34622540
2009-04-27 00:00:00+00:00,99.97271728515625,111.5,112.5999984741211,102.66999816894531,104.0,33410170
2009-04-28 00:00:00+00:00,95.16685485839844,106.13999938964844,114.0,105.0,110.4000015258789,32536260
2009-04-29 00:00:00+00:00,99.93685913085938,111.45999908447266,112.76000213623047,106.95999908447266,107.19999694824219,24840940
2009-04-30 00:00:00+00:00,99.93685913085938,111.45999908447266,111.45999908447266,111.45999908447266,111.45999908447266,0
2009-05-04 00:00:00+00:00,109.2706298828125,121.87000274658203,122.4000015258789,114.41999816894531,115.0,23971715
2009-05-05 00:00:00+00:00,112.49845886230469,125.47000122070312,128.58999633789062,120.19999694824219,124.0,32932980
2009-05-06 00:00:00+00:00,108.53541564941406,121.05000305175781,127.0,118.66000366210938,127.0,26688150
2009-05-07 00:00:00+00:00,112.03221130371094,124.94999694824219,125.76000213623047,122.0,122.5,13826565
2009-05-08 00:00:00+00:00,108.89405059814453,121.44999694824219,125.38999938964844,119.05999755859375,124.5999984741211,13939875
2009-05-11 00:00:00+00:00,111.24319458007812,124.06999969482422,126.4800033569336,120.56999969482422,122.62000274658203,24579045
2009-05-12 00:00:00+00:00,119.96728515625,133.8000030517578,135.97999572753906,123.02999877929688,126.08000183105469,29413830
2009-05-13 00:00:00+00:00,120.4514389038086,134.33999633789062,138.39999389648438,131.8000030517578,131.8000030517578,30724895
2009-05-14 00:00:00+00:00,116.05533599853516,127.51000213623047,131.8000030517578,124.69999694824219,131.8000030517578,32466810
2009-05-15 00:00:00+00:00,120.06916046142578,131.9199981689453,136.0,128.94000244140625,136.0,21272620
2009-05-18 00:00:00+00:00,141.6947021484375,155.67999267578125,163.60000610351562,145.1199951171875,146.0,344055
2009-05-19 00:00:00+00:00,139.2190704345703,152.9600067138672,163.60000610351562,150.1999969482422,161.60000610351562,33476630
2009-05-20 00:00:00+00:00,132.62037658691406,145.7100067138672,158.4499969482422,135.3300018310547,135.3300018310547,20969380
2009-05-21 00:00:00+00:00,134.01290893554688,147.24000549316406,151.5,144.02000427246094,146.8000030517578,21361885
2009-05-22 00:00:00+00:00,138.86412048339844,152.57000732421875,153.60000610351562,144.25999450683594,147.60000610351562,17808785
2009-05-25 00:00:00+00:00,140.89378356933594,154.8000030517578,155.77999877929688,150.72000122070312,153.1999969482422,10168035
2009-05-26 00:00:00+00:00,135.56930541992188,148.9499969482422,155.60000610351562,147.9600067138672,153.0500030517578,10305420
2009-05-27 00:00:00+00:00,145.21710205078125,159.5500030517578,160.27999877929688,150.3800048828125,150.3800048828125,13082480
2009-05-28 00:00:00+00:00,142.35916137695312,156.41000366210938,162.0,154.27000427246094,159.8000030517578,23055335
2009-05-29 00:00:00+00:00,141.79483032226562,155.7899932861328,162.39999389648438,154.24000549316406,158.0,17248740
2009-06-01 00:00:00+00:00,135.02317810058594,148.35000610351562,162.0,146.0,158.1999969482422,24724190
2009-06-02 00:00:00+00:00,131.0457763671875,143.97999572753906,154.8000030517578,140.47999572753906,153.9499969482422,31624890
2009-06-03 00:00:00+00:00,130.51788330078125,143.39999389648438,148.1999969482422,142.0,146.0399932861328,19962660
2009-06-04 00:00:00+00:00,133.76718139648438,146.97000122070312,148.0,139.60000610351562,144.0,24609075
2009-06-05 00:00:00+00:00,134.43157958984375,147.6999969482422,150.94000244140625,146.0,150.94000244140625,19200860
2009-06-08 00:00:00+00:00,127.09564971923828,139.63999938964844,148.8000030517578,138.1999969482422,148.0,11250630
2009-06-09 00:00:00+00:00,132.165283203125,145.2100067138672,146.77000427246094,132.42999267578125,140.0,14054955
2009-06-10 00:00:00+00:00,136.9800262451172,150.5,151.5399932861328,146.1999969482422,147.1999969482422,17477915
2009-06-11 00:00:00+00:00,132.26539611816406,145.32000732421875,153.0,143.60000610351562,153.0,12514795
2009-06-12 00:00:00+00:00,128.10592651367188,140.75,148.99000549316406,139.6199951171875,147.0,16276170
2009-06-15 00:00:00+00:00,130.772705078125,143.67999267578125,147.32000732421875,137.60000610351562,139.0,18093935
2009-06-16 00:00:00+00:00,138.28158569335938,151.92999267578125,153.0,139.8000030517578,140.1999969482422,16782095
2009-06-17 00:00:00+00:00,131.35523986816406,144.32000732421875,154.55999755859375,142.61000061035156,153.0,15788970
2009-06-18 00:00:00+00:00,133.43038940429688,146.60000610351562,150.1999969482422,139.8000030517578,145.39999389648438,19976485
2009-06-19 00:00:00+00:00,137.6444854736328,151.22999572753906,152.60000610351562,144.4199981689453,148.60000610351562,13313595
2009-06-22 00:00:00+00:00,139.401123046875,153.16000366210938,156.39999389648438,151.0,152.00999450683594,16808720
2009-06-23 00:00:00+00:00,136.40664672851562,149.8699951171875,150.9600067138672,144.67999267578125,149.97999572753906,12273510
2009-06-24 00:00:00+00:00,139.95628356933594,153.77000427246094,154.5800018310547,147.6699981689453,151.0,10367460
2009-06-25 00:00:00+00:00,141.72203063964844,155.7100067138672,158.1999969482422,153.4600067138672,156.0,15752820
2009-06-26 00:00:00+00:00,148.9123077392578,163.61000061035156,164.39999389648438,156.0,156.97999572753906,15000375
2009-06-29 00:00:00+00:00,157.92300415039062,173.50999450683594,180.0,163.63999938964844,164.0,32608910
2009-06-30 00:00:00+00:00,151.49722290039062,166.4499969482422,177.60000610351562,164.80999755859375,174.39999389648438,25420550
2009-07-01 00:00:00+00:00,158.259765625,173.8800048828125,175.97999572753906,166.02999877929688,167.60000610351562,21537575
2009-07-02 00:00:00+00:00,155.40182495117188,170.74000549316406,176.5800018310547,167.32000732421875,175.0,14245515
2009-07-03 00:00:00+00:00,158.97877502441406,174.6699981689453,175.1999969482422,167.47999572753906,169.4199981689453,13096050
2009-07-06 00:00:00+00:00,144.6072540283203,158.8800048828125,177.0,156.32000732421875,176.02000427246094,15059295
2009-07-07 00:00:00+00:00,148.6757049560547,163.35000610351562,165.1999969482422,159.0,159.60000610351562,18469900
2009-07-08 00:00:00+00:00,143.16920471191406,157.3000030517578,163.1999969482422,154.30999755859375,160.24000549316406,18125845
2009-07-09 00:00:00+00:00,139.2463836669922,152.99000549316406,159.39999389648438,149.02000427246094,155.27000427246094,18816840
2009-07-10 00:00:00+00:00,134.3860626220703,147.64999389648438,157.39999389648438,145.22000122070312,154.0,14993220
2009-07-13 00:00:00+00:00,137.50794982910156,151.0800018310547,154.25999450683594,141.4199981689453,143.8000030517578,34698180
2009-07-14 00:00:00+00:00,138.92779541015625,152.63999938964844,157.0,149.7100067138672,155.60000610351562,27239740
2009-07-15 00:00:00+00:00,143.56968688964844,157.74000549316406,159.94000244140625,152.1999969482422,154.39999389648438,20832595
2009-07-16 00:00:00+00:00,145.380859375,159.72999572753906,164.0,156.8000030517578,161.6699981689453,14861170
2009-07-17 00:00:00+00:00,154.92857360839844,170.22000122070312,171.5,160.39999389648438,161.39999389648438,17768720
2009-07-20 00:00:00+00:00,161.34523010253906,177.27000427246094,183.75999450683594,163.3300018310547,183.75999450683594,13151900
2009-07-21 00:00:00+00:00,160.990234375,176.8800048828125,179.3800048828125,172.00999450683594,179.3800048828125,14827250
2009-07-22 00:00:00+00:00,156.67605590820312,172.13999938964844,183.74000549316406,170.41000366210938,183.74000549316406,14935550
2009-07-23 00:00:00+00:00,162.7286834716797,178.7899932861328,179.5399932861328,174.1999969482422,175.0,14716965
2009-07-24 00:00:00+00:00,162.7286834716797,178.7899932861328,181.3800048828125,176.0,178.7899932861328,12315760
2009-07-27 00:00:00+00:00,170.8109588623047,187.6699981689453,189.86000061035156,176.02000427246094,180.0,17416115
2009-07-28 00:00:00+00:00,174.133056640625,191.32000732421875,194.8800048828125,183.05999755859375,188.1999969482422,19645560
2009-07-29 00:00:00+00:00,167.03375244140625,183.52000427246094,189.25999450683594,178.47000122070312,184.52999877929688,15702450
2009-07-30 00:00:00+00:00,167.5798797607422,184.1199951171875,186.8000030517578,179.39999389648438,183.0,12096110
2009-07-31 00:00:00+00:00,166.9518280029297,183.42999267578125,189.5,181.60000610351562,188.0,11548155
2009-08-03 00:00:00+00:00,167.78921508789062,184.35000610351562,185.82000732421875,182.38999938964844,184.10000610351562,8999855
2009-08-04 00:00:00+00:00,162.86521911621094,178.94000244140625,185.39999389648438,177.1199951171875,185.1999969482422,11921345
2009-08-05 00:00:00+00:00,155.0650634765625,170.3699951171875,179.39999389648438,169.00999450683594,179.1999969482422,23342860
2009-08-06 00:00:00+00:00,153.92733764648438,169.1199951171875,173.85000610351562,167.60000610351562,170.39999389648438,23236730
2009-08-07 00:00:00+00:00,148.29344177246094,162.92999267578125,169.77999877929688,162.0,168.8000030517578,17198460
2009-08-10 00:00:00+00:00,153.50869750976562,168.66000366210938,169.94000244140625,159.3800048828125,164.8000030517578,31452505
2009-08-11 00:00:00+00:00,158.3507843017578,173.97999572753906,175.39999389648438,167.60000610351562,168.60000610351562,26039820
2009-08-12 00:00:00+00:00,158.4417724609375,174.0800018310547,175.1999969482422,167.8699951171875,170.0,15520775
2009-08-13 00:00:00+00:00,159.7069091796875,175.47000122070312,177.8000030517578,173.4199981689453,175.0,15509915
2009-08-14 00:00:00+00:00,158.38717651367188,174.02000427246094,176.0,171.02000427246094,176.0,8622910
2009-08-17 00:00:00+00:00,150.73268127441406,165.61000061035156,172.8000030517578,164.82000732421875,170.39999389648438,11611480
2009-08-18 00:00:00+00:00,151.28787231445312,166.22000122070312,168.8000030517578,163.67999267578125,165.0,12173770
2009-08-19 00:00:00+00:00,149.43112182617188,164.17999267578125,167.39999389648438,161.7100067138672,167.0,12269460
2009-08-20 00:00:00+00:00,153.88185119628906,169.07000732421875,169.8000030517578,163.92999267578125,165.3000030517578,11182475
2009-08-21 00:00:00+00:00,160.63531494140625,176.49000549316406,177.33999633789062,166.64999389648438,168.9600067138672,17649365
2009-08-24 00:00:00+00:00,165.595703125,181.94000244140625,182.60000610351562,178.39999389648438,178.60000610351562,11827765
2009-08-25 00:00:00+00:00,166.8335418701172,183.3000030517578,184.38999938964844,178.7100067138672,181.17999267578125,12068115
2009-08-26 00:00:00+00:00,169.8734588623047,186.63999938964844,187.1999969482422,183.5,183.7899932861328,11168425
2009-08-27 00:00:00+00:00,167.9712371826172,184.5500030517578,187.77999877929688,183.0,184.00999450683594,9633505
2009-08-28 00:00:00+00:00,167.2613067626953,183.77000427246094,185.36000061035156,180.3300018310547,183.10000610351562,7175650
2009-08-31 00:00:00+00:00,164.7947235107422,181.05999755859375,182.60000610351562,179.0,181.39999389648438,7340140
2009-09-01 00:00:00+00:00,162.50112915039062,178.5399932861328,184.8000030517578,176.39999389648438,182.8000030517578,8174465
2009-09-02 00:00:00+00:00,161.86399841308594,177.83999633789062,180.9199981689453,176.1999969482422,176.39999389648438,5921300
2009-09-03 00:00:00+00:00,161.75479125976562,177.72000122070312,181.9600067138672,176.47000122070312,179.25,6336430
2009-09-04 00:00:00+00:00,165.14971923828125,181.4499969482422,181.9600067138672,178.0,179.1999969482422,5533910
2009-09-07 00:00:00+00:00,169.76425170898438,186.52000427246094,187.0,182.39999389648438,182.39999389648438,9136040
2009-09-08 00:00:00+00:00,164.78565979003906,181.0500030517578,188.94000244140625,180.24000549316406,188.0,10767135
2009-09-09 00:00:00+00:00,166.6241912841797,183.07000732421875,184.3000030517578,180.55999755859375,181.0500030517578,7107510
2009-09-10 00:00:00+00:00,165.52288818359375,181.86000061035156,186.5,180.41000366210938,183.3300018310547,9966200
2009-09-11 00:00:00+00:00,164.35789489746094,180.5800018310547,183.69000244140625,178.07000732421875,182.1999969482422,8573030
2009-09-14 00:00:00+00:00,163.03810119628906,179.1300048828125,181.6999969482422,178.00999450683594,180.1999969482422,6935840
2009-09-15 00:00:00+00:00,165.58657836914062,181.92999267578125,183.1999969482422,179.82000732421875,180.0,7985400
2009-09-16 00:00:00+00:00,165.22251892089844,181.52999877929688,184.16000366210938,180.91000366210938,183.60000610351562,6108145
2009-09-17 00:00:00+00:00,165.98704528808594,182.3699951171875,185.47999572753906,181.8000030517578,183.60000610351562,8664500
2009-09-18 00:00:00+00:00,166.3511505126953,182.77000427246094,184.80999755859375,178.8000030517578,182.97999572753906,17216935
2009-09-22 00:00:00+00:00,165.6411895751953,181.99000549316406,185.3800048828125,181.39999389648438,185.3800048828125,5788485
2009-09-23 00:00:00+00:00,167.4706573486328,184.0,186.0,182.60000610351562,182.9600067138672,16761900
2009-09-24 00:00:00+00:00,167.4251251220703,183.9499969482422,185.02999877929688,180.80999755859375,183.0,8509565
2009-09-25 00:00:00+00:00,166.52406311035156,182.9600067138672,185.47999572753906,182.02000427246094,183.0,7096995
2009-09-29 00:00:00+00:00,168.617431640625,185.25999450683594,185.94000244140625,183.1999969482422,184.0,10005945
2009-09-30 00:00:00+00:00,179.33010864257812,197.02999877929688,199.27999877929688,185.8000030517578,187.0,45237550
2009-10-01 00:00:00+00:00,183.72622680664062,201.86000061035156,203.5800018310547,195.02999877929688,195.99000549316406,24119990
2009-10-05 00:00:00+00:00,176.4084930419922,193.82000732421875,201.39999389648438,192.6699981689453,200.0,13516780
2009-10-06 00:00:00+00:00,181.82398986816406,199.77000427246094,200.8000030517578,191.58999633789062,195.0,12104735
2009-10-07 00:00:00+00:00,178.5109405517578,196.1300048828125,202.61000061035156,195.02999877929688,202.0,12198310
2009-10-08 00:00:00+00:00,183.82630920410156,201.97000122070312,204.8000030517578,195.10000610351562,197.5800018310547,17050240
2009-10-09 00:00:00+00:00,181.38706970214844,199.2899932861328,205.60000610351562,196.5,204.0,14735620
2009-10-12 00:00:00+00:00,184.48165893554688,202.69000244140625,204.47999572753906,199.33999633789062,200.74000549316406,12621535
2009-10-13 00:00:00+00:00,184.48165893554688,202.69000244140625,202.69000244140625,202.69000244140625,202.69000244140625,0
2009-10-14 00:00:00+00:00,187.9311981201172,206.47999572753906,208.39999389648438,200.5,206.0,11479920
2009-10-15 00:00:00+00:00,183.12547302246094,201.1999969482422,208.32000732421875,199.60000610351562,208.32000732421875,10499780
2009-10-16 00:00:00+00:00,183.21652221679688,201.3000030517578,204.17999267578125,199.0,202.39999389648438,14230400
2009-10-20 00:00:00+00:00,180.99571228027344,198.86000061035156,205.3300018310547,197.5399932861328,204.0,9070415
2009-10-21 00:00:00+00:00,177.8556671142578,195.41000366210938,199.8000030517578,194.57000732421875,197.60000610351562,8743615
2009-10-22 00:00:00+00:00,175.87147521972656,193.22999572753906,197.3800048828125,192.0,194.60000610351562,6598435
2009-10-23 00:00:00+00:00,180.95018005371094,198.80999755859375,200.0,194.49000549316406,200.0,8304025
2009-10-26 00:00:00+00:00,176.1900634765625,193.5800018310547,199.60000610351562,192.77000427246094,199.60000610351562,4460990
2009-10-27 00:00:00+00:00,173.35032653808594,190.4600067138672,197.4600067138672,185.0,191.0,18034350
2009-10-28 00:00:00+00:00,168.9451141357422,185.6199951171875,193.0,184.8000030517578,189.6699981689453,15208850
2009-10-29 00:00:00+00:00,165.22251892089844,181.52999877929688,186.97999572753906,179.99000549316406,185.0,17635290
2009-10-30 00:00:00+00:00,165.17703247070312,181.47999572753906,191.36000061035156,180.1999969482422,185.0,10901980
2009-11-03 00:00:00+00:00,162.73777770996094,178.8000030517578,183.99000549316406,177.52000427246094,181.39999389648438,11643330
2009-11-04 00:00:00+00:00,168.21697998046875,184.82000732421875,185.60000610351562,179.02000427246094,180.24000549316406,9460765
2009-11-05 00:00:00+00:00,166.7606964111328,183.22000122070312,186.97999572753906,178.0500030517578,185.0,11040040
2009-11-06 00:00:00+00:00,170.72901916503906,187.5800018310547,189.74000549316406,184.1999969482422,184.1999969482422,9430750
2009-11-09 00:00:00+00:00,181.66921997070312,199.60000610351562,201.0,183.10000610351562,183.10000610351562,19860525
2009-11-10 00:00:00+00:00,181.3779754638672,199.27999877929688,205.60000610351562,197.75999450683594,204.8000030517578,12050590
2009-11-11 00:00:00+00:00,182.9798583984375,201.0399932861328,202.0,197.0,198.47999572753906,8065490
2009-11-12 00:00:00+00:00,178.41085815429688,196.02000427246094,201.7899932861328,194.39999389648438,201.39999389648438,14094455
2009-11-13 00:00:00+00:00,181.32334899902344,199.22000122070312,200.39999389648438,194.11000061035156,195.83999633789062,12226205
2009-11-16 00:00:00+00:00,182.2608642578125,200.25,202.3800048828125,199.10000610351562,200.1999969482422,8831355
2009-11-17 00:00:00+00:00,182.43377685546875,200.44000244140625,205.0,197.0,205.0,6582910
2009-11-18 00:00:00+00:00,181.8785858154297,199.8300018310547,201.0,198.75,199.0,5088005
2009-11-19 00:00:00+00:00,179.5849609375,197.30999755859375,201.0,195.60000610351562,198.8000030517578,5850460
2009-11-20 00:00:00+00:00,180.5861358642578,198.41000366210938,199.8000030517578,191.02000427246094,196.1999969482422,9253395
2009-11-23 00:00:00+00:00,181.92408752441406,199.8800048828125,201.5,198.0,198.0,5518350
2009-11-24 00:00:00+00:00,182.051513671875,200.02000427246094,201.60000610351562,196.2100067138672,201.60000610351562,5970380
2009-11-25 00:00:00+00:00,185.0641632080078,203.3300018310547,204.39999389648438,199.30999755859375,200.0,11950580
2009-11-26 00:00:00+00:00,181.5509033203125,199.47000122070312,207.58999633789062,198.41000366210938,203.39999389648438,13558880
2009-11-27 00:00:00+00:00,176.79075622558594,194.24000549316406,198.0,187.39999389648438,196.0,9159750
2009-11-30 00:00:00+00:00,181.92408752441406,199.8800048828125,202.2100067138672,196.8000030517578,197.0,7341520
2009-12-01 00:00:00+00:00,188.74122619628906,207.3699951171875,208.0,201.10000610351562,202.0,8371170
2009-12-02 00:00:00+00:00,190.67076110839844,209.49000549316406,210.55999755859375,206.49000549316406,208.1999969482422,8068555
2009-12-03 00:00:00+00:00,191.0621337890625,209.9199981689453,212.8000030517578,207.39999389648438,210.89999389648438,5644490
2009-12-04 00:00:00+00:00,186.95730590820312,205.41000366210938,208.9600067138672,204.0,207.0,5019750
2009-12-07 00:00:00+00:00,183.6807098388672,201.80999755859375,207.3800048828125,200.66000366210938,206.0,4812455
2009-12-08 00:00:00+00:00,189.26002502441406,207.94000244140625,209.47999572753906,200.0,201.8000030517578,8824885
2009-12-09 00:00:00+00:00,184.9185028076172,203.1699981689453,206.49000549316406,201.97999572753906,203.0,5265440
2009-12-10 00:00:00+00:00,185.91970825195312,204.27000427246094,206.0,200.32000732421875,202.97999572753906,6852780
2009-12-11 00:00:00+00:00,182.71591186523438,200.75,206.6300048828125,199.57000732421875,205.1999969482422,5799610
2009-12-14 00:00:00+00:00,181.05943298339844,198.92999267578125,202.60000610351562,197.89999389648438,200.60000610351562,5540770
2009-12-15 00:00:00+00:00,174.6973419189453,191.94000244140625,200.22000122070312,190.8000030517578,197.89999389648438,9679880
2009-12-16 00:00:00+00:00,170.61070251464844,187.4499969482422,191.39999389648438,186.3800048828125,191.39999389648438,14981050
2009-12-17 00:00:00+00:00,171.42984008789062,188.35000610351562,189.8000030517578,183.16000366210938,186.4199981689453,15020595
2009-12-18 00:00:00+00:00,170.07373046875,186.86000061035156,190.6999969482422,185.7100067138672,188.0,7655975
2009-12-21 00:00:00+00:00,173.71437072753906,190.86000061035156,192.0,185.1999969482422,187.8000030517578,8562675
2009-12-22 00:00:00+00:00,176.6086883544922,194.0399932861328,194.69000244140625,191.0,191.0,8248355
2009-12-23 00:00:00+00:00,178.82949829101562,196.47999572753906,197.0,193.36000061035156,194.1999969482422,6607675
2009-12-24 00:00:00+00:00,179.73057556152344,197.47000122070312,198.3699951171875,195.0399932861328,196.8000030517578,5123925
2009-12-29 00:00:00+00:00,179.2572784423828,196.9499969482422,199.57000732421875,196.4499969482422,198.3699951171875,3554785
2009-12-30 00:00:00+00:00,178.64749145507812,196.27999877929688,197.39999389648438,194.02000427246094,196.9499969482422,5058270
2009-12-31 00:00:00+00:00,180.06732177734375,197.83999633789062,198.6999969482422,195.6199951171875,197.0,6235040
2010-01-04 00:00:00+00:00,180.59521484375,198.4199981689453,199.99000549316406,197.6199951171875,198.77999877929688,4371510
2010-01-05 00:00:00+00:00,184.36331176757812,202.55999755859375,204.0,199.13999938964844,199.60000610351562,7629380
2010-01-06 00:00:00+00:00,181.26876831054688,199.16000366210938,205.74000549316406,198.50999450683594,204.0,5953585
2010-01-07 00:00:00+00:00,182.55209350585938,200.57000732421875,201.1999969482422,197.82000732421875,199.2899932861328,4964525
2010-01-08 00:00:00+00:00,184.9367218017578,203.19000244140625,203.97999572753906,199.27000427246094,200.60000610351562,7931425
2010-01-11 00:00:00+00:00,191.02572631835938,209.8800048828125,210.60000610351562,203.02000427246094,203.8000030517578,10096505
2010-01-12 00:00:00+00:00,191.00755310058594,209.86000061035156,215.0,206.1999969482422,209.60000610351562,14351905
2010-01-13 00:00:00+00:00,189.36924743652344,208.05999755859375,209.77000427246094,205.30999755859375,208.3000030517578,10503700
2010-01-14 00:00:00+00:00,194.0657196044922,213.22000122070312,215.8000030517578,208.3800048828125,208.9600067138672,10746410
2010-01-15 00:00:00+00:00,196.19549560546875,215.55999755859375,218.67999267578125,213.0399932861328,216.0,16362695
2010-01-18 00:00:00+00:00,201.62918090820312,221.52999877929688,222.60000610351562,212.13999938964844,214.0,10033600
2010-01-19 00:00:00+00:00,201.2833251953125,221.14999389648438,235.5399932861328,218.6199951171875,235.5399932861328,8069485
2010-01-20 00:00:00+00:00,197.27857971191406,216.75,223.77000427246094,216.0399932861328,221.39999389648438,6584845
2010-01-21 00:00:00+00:00,193.18284606933594,212.25,218.1999969482422,210.0,217.0,7313095
2010-01-22 00:00:00+00:00,187.7946319580078,206.3300018310547,211.5800018310547,205.0,209.0,7275735
2010-01-25 00:00:00+00:00,185.4373321533203,203.74000549316406,205.92999267578125,201.02999877929688,205.1999969482422,5243060
2010-01-27 00:00:00+00:00,177.07290649414062,194.5500030517578,201.92999267578125,193.02999877929688,200.6199951171875,12127575
2010-01-28 00:00:00+00:00,185.4555206298828,203.75999450683594,206.0,195.60000610351562,195.60000610351562,14347760
2010-01-29 00:00:00+00:00,186.7115478515625,205.13999938964844,209.0,197.63999938964844,201.99000549316406,15392485
2010-02-01 00:00:00+00:00,193.41949462890625,212.50999450683594,214.39999389648438,201.0,205.1999969482422,10680450
2010-02-02 00:00:00+00:00,188.8231658935547,207.4600067138672,216.39999389648438,206.0500030517578,213.0399932861328,8883385
2010-02-03 00:00:00+00:00,194.9576416015625,214.1999969482422,215.39999389648438,204.80999755859375,209.11000061035156,13260715
2010-02-04 00:00:00+00:00,190.85281372070312,209.69000244140625,213.7899932861328,209.0,211.97999572753906,6585835
2010-02-05 00:00:00+00:00,186.7115478515625,205.13999938964844,207.60000610351562,199.02000427246094,206.74000549316406,12212410
2010-02-08 00:00:00+00:00,186.1654510498047,204.5399932861328,208.33999633789062,200.1999969482422,205.0,7426465
2010-02-09 00:00:00+00:00,189.05067443847656,207.7100067138672,211.39999389648438,202.63999938964844,205.0,9225825
2010-02-10 00:00:00+00:00,186.52040100097656,204.92999267578125,209.10000610351562,204.02000427246094,208.8000030517578,8286355
2010-02-11 00:00:00+00:00,188.07679748535156,206.63999938964844,208.97999572753906,205.67999267578125,206.0,4078795
2010-02-15 00:00:00+00:00,187.2849884033203,205.77000427246094,208.89999389648438,202.0,206.60000610351562,4549330
2010-02-16 00:00:00+00:00,186.79345703125,205.22999572753906,208.33999633789062,203.6699981689453,206.39999389648438,6636255
2010-02-17 00:00:00+00:00,194.2841339111328,213.4600067138672,214.77000427246094,206.39999389648438,206.8000030517578,11366410
2010-02-18 00:00:00+00:00,199.9635772705078,219.6999969482422,223.25999450683594,213.11000061035156,213.39999389648438,24856930
2010-02-19 00:00:00+00:00,199.2354278564453,218.89999389648438,220.4499969482422,214.1999969482422,214.39999389648438,13856280
2010-02-22 00:00:00+00:00,201.59275817871094,221.49000549316406,223.0,216.25,220.6999969482422,8715490
2010-02-23 00:00:00+00:00,199.89988708496094,219.6300048828125,225.9600067138672,217.74000549316406,220.0,11249705
2010-02-24 00:00:00+00:00,199.1080322265625,218.75999450683594,222.19000244140625,213.00999450683594,219.0,8601590
2010-02-25 00:00:00+00:00,199.5540008544922,219.25,220.58999633789062,216.30999755859375,219.22000122070312,7738815
2010-02-26 00:00:00+00:00,204.6964569091797,224.89999389648438,227.39999389648438,217.0,220.8000030517578,8116780
2010-03-02 00:00:00+00:00,210.24847412109375,231.0,235.0,226.0,226.1999969482422,14963530
2010-03-03 00:00:00+00:00,209.13804626464844,229.77999877929688,234.99000549316406,228.16000366210938,232.8000030517578,11365680
2010-03-04 00:00:00+00:00,204.17764282226562,224.3300018310547,230.49000549316406,222.5,230.0,11118615
2010-03-05 00:00:00+00:00,200.84645080566406,220.6699981689453,227.89999389648438,220.0800018310547,225.0,13164750
2010-03-08 00:00:00+00:00,205.5701904296875,225.86000061035156,228.85000610351562,221.4199981689453,228.85000610351562,15896925
2010-03-09 00:00:00+00:00,203.4495391845703,223.52999877929688,226.67999267578125,209.0,209.0,4524955
2010-03-10 00:00:00+00:00,205.97067260742188,226.3000030517578,227.0,223.39999389648438,223.52999877929688,6196885
2010-03-11 00:00:00+00:00,209.58404541015625,230.27000427246094,230.97999572753906,225.47999572753906,225.47999572753906,9045940
2010-03-12 00:00:00+00:00,209.5294189453125,230.2100067138672,232.32000732421875,228.30999755859375,230.1999969482422,9742385
2010-03-15 00:00:00+00:00,208.0094451904297,228.5399932861328,230.86000061035156,225.72000122070312,225.72000122070312,4507825
2010-03-16 00:00:00+00:00,208.40992736816406,228.97999572753906,229.77999877929688,226.5,227.8000030517578,6725940
2010-03-17 00:00:00+00:00,209.1926727294922,229.83999633789062,231.49000549316406,227.80999755859375,231.0,12125165
2010-03-18 00:00:00+00:00,211.850341796875,232.75999450683594,234.39999389648438,228.82000732421875,229.05999755859375,7689270
2010-03-19 00:00:00+00:00,210.43048095703125,231.1999969482422,234.39999389648438,230.30999755859375,234.39999389648438,6133220
2010-03-22 00:00:00+00:00,208.70118713378906,229.3000030517578,230.47000122070312,220.0,220.0,5492690
2010-03-23 00:00:00+00:00,211.5135955810547,232.38999938964844,234.3800048828125,230.39999389648438,230.6999969482422,6263015
2010-03-25 00:00:00+00:00,210.2120361328125,230.9600067138672,233.0399932861328,229.36000061035156,230.4199981689453,7565780
2010-03-26 00:00:00+00:00,217.2112274169922,238.64999389648438,239.58999633789062,230.3000030517578,231.02000427246094,9027285
2010-03-29 00:00:00+00:00,218.2488250732422,239.7899932861328,243.0,237.0,239.39999389648438,6028530
2010-03-30 00:00:00+00:00,213.54327392578125,234.6199951171875,242.39999389648438,233.92999267578125,239.7899932861328,5330135
2010-03-31 00:00:00+00:00,212.66043090820312,233.64999389648438,236.94000244140625,232.3800048828125,234.39999389648438,3538230
2010-04-01 00:00:00+00:00,213.62518310546875,234.7100067138672,236.83999633789062,233.60000610351562,233.60000610351562,3816315
2010-04-05 00:00:00+00:00,214.27137756347656,235.4199981689453,236.60000610351562,231.60000610351562,235.44000244140625,4195040
2010-04-06 00:00:00+00:00,213.80722045898438,234.91000366210938,236.77999877929688,233.1999969482422,236.0,4302480
2010-04-07 00:00:00+00:00,211.9413604736328,232.86000061035156,238.6300048828125,229.66000366210938,236.39999389648438,18454375
2010-04-08 00:00:00+00:00,210.56703186035156,231.35000610351562,233.10000610351562,230.0,231.38999938964844,6740765
2010-04-09 00:00:00+00:00,215.42730712890625,236.69000244140625,239.97000122070312,231.5,232.0,12797095
2010-04-12 00:00:00+00:00,214.2349853515625,235.3800048828125,237.67999267578125,233.02999877929688,236.25999450683594,7172525
2010-04-13 00:00:00+00:00,210.7217254638672,231.52000427246094,236.0,230.61000061035156,236.0,4825870
2010-04-15 00:00:00+00:00,209.0288543701172,229.66000366210938,234.58999633789062,228.39999389648438,233.0,7152780
2010-04-16 00:00:00+00:00,209.04702758789062,229.67999267578125,231.94000244140625,226.27999877929688,229.22999572753906,5622710
2010-04-19 00:00:00+00:00,211.03121948242188,231.86000061035156,232.8000030517578,225.63999938964844,228.0,6129665
2010-04-20 00:00:00+00:00,216.07351684570312,237.39999389648438,239.0,232.0,232.0,8998350
2010-04-21 00:00:00+00:00,225.2480010986328,247.47999572753906,250.39999389648438,239.0,239.0,26047175
2010-04-22 00:00:00+00:00,222.98170471191406,244.99000549316406,248.39999389648438,244.22000122070312,244.24000549316406,13803410
2010-04-23 00:00:00+00:00,224.97494506835938,247.17999267578125,248.0,244.32000732421875,244.89999389648438,5720055
2010-04-26 00:00:00+00:00,232.9298095703125,255.9199981689453,257.3999938964844,247.58999633789062,248.0,16826845
2010-04-27 00:00:00+00:00,232.37460327148438,255.30999755859375,257.0,251.44000244140625,254.60000610351562,7134950
2010-04-28 00:00:00+00:00,228.28797912597656,250.82000732421875,253.99000549316406,249.25,253.0,6100705
2010-04-29 00:00:00+00:00,231.92861938476562,254.82000732421875,256.9800109863281,251.77000427246094,251.77000427246094,13210430
2010-04-30 00:00:00+00:00,231.18228149414062,254.0,257.20001220703125,252.6199951171875,257.20001220703125,5560430
2010-05-03 00:00:00+00:00,229.45298767089844,252.10000610351562,256.5899963378906,250.39999389648438,253.60000610351562,2338320
2010-05-04 00:00:00+00:00,227.44151306152344,249.88999938964844,258.17999267578125,248.85000610351562,252.4199981689453,8337075
2010-05-05 00:00:00+00:00,225.95794677734375,248.25999450683594,250.32000732421875,243.27999877929688,243.32000732421875,6726505
2010-05-06 00:00:00+00:00,224.61997985839844,246.7899932861328,250.55999755859375,244.0,244.8000030517578,4212245
2010-05-07 00:00:00+00:00,216.82894897460938,238.22999572753906,244.0,236.44000244140625,241.0399932861328,9055115
2010-05-10 00:00:00+00:00,227.44151306152344,249.88999938964844,251.77999877929688,240.39999389648438,240.39999389648438,7993775
2010-05-11 00:00:00+00:00,229.24362182617188,251.8699951171875,255.77999877929688,248.85000610351562,249.8000030517578,9079200
2010-05-12 00:00:00+00:00,234.80477905273438,257.9800109863281,259.6000061035156,246.25999450683594,246.25999450683594,9068370
2010-05-13 00:00:00+00:00,238.7457733154297,262.30999755859375,264.0,258.6000061035156,259.0,9973175
2010-05-14 00:00:00+00:00,235.86964416503906,259.1499938964844,262.55999755859375,256.0,261.6000061035156,18998125
2010-05-17 00:00:00+00:00,229.762451171875,252.44000244140625,255.4199981689453,246.10000610351562,254.0,16886290
2010-05-18 00:00:00+00:00,228.397216796875,250.94000244140625,253.94000244140625,249.25999450683594,252.44000244140625,16597995
2010-05-19 00:00:00+00:00,219.35922241210938,241.00999450683594,248.8000030517578,238.6699981689453,248.60000610351562,11986965
2010-05-20 00:00:00+00:00,222.09877014160156,241.58999633789062,245.60000610351562,236.4499969482422,241.1999969482422,11543770
2010-05-21 00:00:00+00:00,223.51455688476562,243.1300048828125,244.60000610351562,234.58999633789062,236.14999389648438,8823435
2010-05-24 00:00:00+00:00,220.33370971679688,239.6699981689453,248.0,238.05999755859375,243.1300048828125,5085955
2010-05-25 00:00:00+00:00,213.99961853027344,232.77999877929688,237.8000030517578,231.0,237.55999755859375,7723085
2010-05-26 00:00:00+00:00,212.7125244140625,231.3800048828125,238.39999389648438,230.00999450683594,234.0,14306915
2010-05-27 00:00:00+00:00,223.54214477539062,243.16000366210938,244.39999389648438,229.42999267578125,231.39999389648438,13507560
2010-05-28 00:00:00+00:00,225.29803466796875,245.07000732421875,247.60000610351562,241.16000366210938,245.0,7747100
2010-05-31 00:00:00+00:00,226.5850830078125,246.47000122070312,247.60000610351562,242.02000427246094,243.16000366210938,4662770
2010-06-01 00:00:00+00:00,217.2723388671875,236.33999633789062,247.60000610351562,235.39999389648438,247.0,8930410
2010-06-02 00:00:00+00:00,220.8485107421875,240.22999572753906,241.38999938964844,233.6999969482422,239.0,6537050
2010-06-03 00:00:00+00:00,228.41452026367188,248.4600067138672,249.60000610351562,242.1999969482422,242.1999969482422,7414595
2010-06-04 00:00:00+00:00,228.9937286376953,249.08999633789062,251.60000610351562,248.0,248.0,7272295
2010-06-07 00:00:00+00:00,223.3582763671875,242.9600067138672,245.0,239.1999969482422,243.72000122070312,7122970
2010-06-08 00:00:00+00:00,225.45433044433594,245.24000549316406,248.52000427246094,242.8800048828125,242.8800048828125,8407510
2010-06-09 00:00:00+00:00,227.92726135253906,247.92999267578125,250.77999877929688,244.97999572753906,244.97999572753906,7812710
2010-06-10 00:00:00+00:00,229.4625701904297,249.60000610351562,250.0,244.0500030517578,247.92999267578125,6817990
2010-06-11 00:00:00+00:00,229.05804443359375,249.16000366210938,252.02999877929688,247.64999389648438,250.39999389648438,7028035
2010-06-14 00:00:00+00:00,231.02542114257812,251.3000030517578,252.39999389648438,248.0500030517578,250.1999969482422,3069890
2010-06-15 00:00:00+00:00,228.95692443847656,249.0500030517578,251.3000030517578,246.0399932861328,248.82000732421875,3309380
2010-06-16 00:00:00+00:00,224.42465209960938,244.1199951171875,250.0,243.02000427246094,250.0,6787285
2010-06-17 00:00:00+00:00,223.39505004882812,243.0,244.60000610351562,238.38999938964844,244.0,11126405
2010-06-18 00:00:00+00:00,222.75152587890625,242.3000030517578,245.5500030517578,240.4600067138672,243.0,12770945
2010-06-21 00:00:00+00:00,229.33389282226562,249.4600067138672,250.4199981689453,244.0,244.0,7028360
2010-06-22 00:00:00+00:00,227.19186401367188,247.1300048828125,251.5800018310547,246.25,248.02000427246094,4845490
2010-06-23 00:00:00+00:00,229.72000122070312,249.8800048828125,251.3000030517578,245.05999755859375,245.05999755859375,5381525
2010-06-24 00:00:00+00:00,232.25730895996094,252.63999938964844,253.6999969482422,248.05999755859375,248.05999755859375,9207320
2010-06-25 00:00:00+00:00,229.66485595703125,249.82000732421875,255.52999877929688,247.47999572753906,252.1999969482422,6537805
2010-06-28 00:00:00+00:00,232.0274658203125,252.38999938964844,253.25999450683594,248.39999389648438,250.1999969482422,3983065
2010-06-29 00:00:00+00:00,228.1111602783203,248.1300048828125,251.82000732421875,246.8000030517578,251.02000427246094,5399395
2010-06-30 00:00:00+00:00,228.43292236328125,248.47999572753906,249.19000244140625,244.4199981689453,245.0,7153910
2010-07-01 00:00:00+00:00,226.8240966796875,246.72999572753906,248.39999389648438,243.00999450683594,248.39999389648438,5839670
2010-07-02 00:00:00+00:00,227.4768524169922,247.44000244140625,249.60000610351562,246.4199981689453,247.0,2428120
2010-07-05 00:00:00+00:00,227.24697875976562,247.19000244140625,249.0,245.08999633789062,247.22000122070312,2097975
2010-07-06 00:00:00+00:00,230.4370574951172,250.66000366210938,251.77999877929688,247.1999969482422,248.0,4386780
2010-07-07 00:00:00+00:00,227.44927978515625,247.41000366210938,252.39999389648438,245.9199981689453,252.39999389648438,4321410
2010-07-08 00:00:00+00:00,228.27664184570312,248.30999755859375,252.07000732421875,247.75999450683594,252.0,4591380
2010-07-09 00:00:00+00:00,234.07754516601562,254.6199951171875,255.57000732421875,249.7899932861328,249.91000366210938,5484015
2010-07-12 00:00:00+00:00,236.87229919433594,257.6600036621094,258.9599914550781,253.11000061035156,255.4499969482422,4312175
2010-07-13 00:00:00+00:00,238.96835327148438,259.94000244140625,260.7799987792969,254.6300048828125,257.70001220703125,3804700
2010-07-14 00:00:00+00:00,241.6803741455078,262.8900146484375,265.19000244140625,260.82000732421875,261.6000061035156,8475475
2010-07-15 00:00:00+00:00,248.2718505859375,270.05999755859375,271.1000061035156,263.1199951171875,270.0,15944265
2010-07-16 00:00:00+00:00,249.53134155273438,271.42999267578125,273.7799987792969,267.4800109863281,272.0,11515560
2010-07-19 00:00:00+00:00,250.2024688720703,272.1600036621094,273.3999938964844,268.6700134277344,271.0,7309745
2010-07-20 00:00:00+00:00,251.70094299316406,273.7900085449219,277.79998779296875,271.70001220703125,273.04998779296875,8051265
2010-07-21 00:00:00+00:00,247.6927032470703,269.42999267578125,275.0,267.3599853515625,274.20001220703125,5821275
2010-07-22 00:00:00+00:00,249.46693420410156,271.3599853515625,273.55999755859375,267.0,268.04998779296875,7460620
2010-07-23 00:00:00+00:00,255.5620880126953,277.989990234375,279.0,273.0,273.0,12190455
2010-07-26 00:00:00+00:00,254.80824279785156,277.1700134277344,279.3500061035156,275.0,278.0,5565950
2010-07-27 00:00:00+00:00,252.7122344970703,274.8900146484375,279.19000244140625,273.6000061035156,277.3999938964844,8134080
2010-07-28 00:00:00+00:00,248.20753479003906,269.989990234375,276.79998779296875,268.20001220703125,276.79998779296875,7000240
2010-07-29 00:00:00+00:00,251.0849609375,273.1199951171875,275.0,268.510009765625,270.0,7545020
2010-07-30 00:00:00+00:00,247.01242065429688,268.69000244140625,273.3999938964844,267.3999938964844,272.0,4661185
2010-08-02 00:00:00+00:00,248.35458374023438,270.1499938964844,272.3399963378906,268.0299987792969,270.0199890136719,4723770
2010-08-03 00:00:00+00:00,249.31988525390625,271.20001220703125,274.32000732421875,269.05999755859375,270.1499938964844,4953580
2010-08-04 00:00:00+00:00,244.7968292236328,266.2799987792969,272.6700134277344,265.0199890136719,272.0,5902855
2010-08-05 00:00:00+00:00,242.07565307617188,263.32000732421875,268.80999755859375,262.4100036621094,266.8999938964844,6734645
2010-08-06 00:00:00+00:00,241.6527557373047,262.8599853515625,266.1600036621094,261.1499938964844,263.54998779296875,3310475
2010-08-09 00:00:00+00:00,240.8253631591797,261.9599914550781,264.3599853515625,258.79998779296875,262.8599853515625,7863250
2010-08-10 00:00:00+00:00,238.0858154296875,258.9800109863281,263.0,257.70001220703125,262.0,6740840
2010-08-11 00:00:00+00:00,237.01937866210938,257.82000732421875,260.29998779296875,255.3300018310547,258.9800109863281,6623320
2010-08-12 00:00:00+00:00,241.89178466796875,263.1199951171875,263.9700012207031,254.97000122070312,256.0,5976525
2010-08-13 00:00:00+00:00,244.20849609375,265.6400146484375,267.20001220703125,264.0,264.0,4534835
2010-08-16 00:00:00+00:00,245.75289916992188,267.32000732421875,269.3399963378906,264.7200012207031,266.1000061035156,4977590
2010-08-17 00:00:00+00:00,244.67735290527344,266.1499938964844,268.7099914550781,264.6600036621094,267.3999938964844,4577160
2010-08-18 00:00:00+00:00,248.81430053710938,270.6499938964844,271.79998779296875,264.0,266.1499938964844,6307095
2010-08-19 00:00:00+00:00,250.70809936523438,272.7099914550781,273.20001220703125,268.3999938964844,271.6000061035156,4684215
2010-08-20 00:00:00+00:00,251.34242248535156,273.3999938964844,275.0,270.510009765625,271.6000061035156,4624730
2010-08-23 00:00:00+00:00,253.96246337890625,276.25,277.1400146484375,272.0799865722656,273.3999938964844,3651835
2010-08-24 00:00:00+00:00,252.28933715820312,274.42999267578125,277.0,271.5799865722656,275.0,5415270
2010-08-25 00:00:00+00:00,250.36795043945312,272.3399963378906,276.20001220703125,271.5799865722656,272.79998779296875,6578005
2010-08-26 00:00:00+00:00,251.489501953125,273.55999755859375,275.0,270.0,272.6000061035156,7188305
2010-08-27 00:00:00+00:00,243.97869873046875,265.3900146484375,276.6499938964844,263.7200012207031,273.3999938964844,4726265
2010-08-30 00:00:00+00:00,243.42703247070312,264.7900085449219,269.79998779296875,262.3999938964844,266.3999938964844,3479155
2010-08-31 00:00:00+00:00,244.65895080566406,266.1300048828125,268.0,230.0,255.3699951171875,4318510
2010-09-01 00:00:00+00:00,248.9705810546875,270.82000732421875,271.79998779296875,266.1300048828125,266.1300048828125,4534980
2010-09-02 00:00:00+00:00,255.2127685546875,277.6099853515625,279.1600036621094,271.82000732421875,271.82000732421875,7979275
2010-09-03 00:00:00+00:00,253.66822814941406,275.92999267578125,280.0,273.1000061035156,280.0,3513110
2010-09-06 00:00:00+00:00,256.42620849609375,278.92999267578125,281.1000061035156,276.6400146484375,276.79998779296875,5057435
2010-09-07 00:00:00+00:00,256.9502868652344,279.5,281.2799987792969,275.3999938964844,279.20001220703125,4221330
2010-09-08 00:00:00+00:00,253.96246337890625,276.25,278.5400085449219,274.6199951171875,278.0,5155280
2010-09-09 00:00:00+00:00,253.62232971191406,275.8800048828125,278.3800048828125,273.4599914550781,277.0,3865715
2010-09-13 00:00:00+00:00,262.2271728515625,285.239990234375,286.57000732421875,277.20001220703125,277.20001220703125,6447070
2010-09-14 00:00:00+00:00,262.24554443359375,285.260009765625,287.3999938964844,281.1199951171875,286.1000061035156,6029480
2010-09-15 00:00:00+00:00,270.2803955078125,294.0,295.0,285.20001220703125,285.79998779296875,8460645
2010-09-16 00:00:00+00:00,273.00164794921875,296.9599914550781,304.6000061035156,292.42999267578125,294.0,10070090
2010-09-17 00:00:00+00:00,276.991455078125,301.29998779296875,302.6000061035156,296.20001220703125,297.010009765625,6433195
2010-09-20 00:00:00+00:00,284.410400390625,309.3699951171875,313.3999938964844,297.6400146484375,301.0,7145005
2010-09-21 00:00:00+00:00,281.4501647949219,306.1499938964844,316.510009765625,305.0299987792969,310.1000061035156,10457885
2010-09-22 00:00:00+00:00,281.2571105957031,305.94000244140625,310.3999938964844,303.0,307.20001220703125,7649460
2010-09-23 00:00:00+00:00,274.9229736328125,299.04998779296875,307.94000244140625,297.94000244140625,306.3999938964844,8305375
2010-09-24 00:00:00+00:00,277.0557861328125,301.3699951171875,302.5899963378906,295.0799865722656,299.239990234375,8634710
2010-09-27 00:00:00+00:00,277.1109619140625,301.42999267578125,305.3599853515625,298.6400146484375,303.989990234375,4490365
2010-09-28 00:00:00+00:00,276.77081298828125,301.05999755859375,303.9800109863281,298.4800109863281,300.79998779296875,6985740
2010-09-29 00:00:00+00:00,277.7085266113281,302.0799865722656,304.4700012207031,290.0400085449219,290.0400085449219,6439615
2010-09-30 00:00:00+00:00,282.52581787109375,307.32000732421875,308.5899963378906,297.489990234375,302.0899963378906,10918285
2010-10-01 00:00:00+00:00,289.5585632324219,314.9700012207031,316.79998779296875,307.6000061035156,307.6000061035156,5313840
2010-10-04 00:00:00+00:00,289.9723205566406,315.4200134277344,319.239990234375,314.2200012207031,316.3999938964844,3687630
2010-10-05 00:00:00+00:00,289.641357421875,315.05999755859375,318.0799865722656,314.0199890136719,315.4200134277344,4334955
2010-10-06 00:00:00+00:00,287.2419128417969,312.45001220703125,319.739990234375,310.4800109863281,318.0,6782255
2010-10-07 00:00:00+00:00,288.4278564453125,313.739990234375,316.6000061035156,312.20001220703125,312.45001220703125,4859325
2010-10-08 00:00:00+00:00,288.7312316894531,314.07000732421875,316.739990234375,311.2200012207031,314.3999938964844,5830295
2010-10-11 00:00:00+00:00,285.1459045410156,310.1700134277344,321.1000061035156,307.6300048828125,315.239990234375,10020915
2010-10-12 00:00:00+00:00,283.7392883300781,308.6400146484375,313.17999267578125,305.0199890136719,313.1700134277344,4249265
2010-10-13 00:00:00+00:00,292.1142883300781,317.75,318.92999267578125,309.4100036621094,310.20001220703125,5136290
2010-10-14 00:00:00+00:00,287.5452880859375,312.7799987792969,321.70001220703125,311.45001220703125,319.0,9509550
2010-10-15 00:00:00+00:00,276.1733093261719,300.4100036621094,315.0,299.2200012207031,313.0,12532945
2010-10-18 00:00:00+00:00,272.4776916503906,296.3900146484375,299.79998779296875,285.3999938964844,285.3999938964844,11204405
2010-10-19 00:00:00+00:00,270.0046691894531,293.70001220703125,299.4599914550781,292.4100036621094,297.79998779296875,8202805
2010-10-20 00:00:00+00:00,267.5592346191406,291.0400085449219,295.3999938964844,290.20001220703125,293.0,5254270
2010-10-21 00:00:00+00:00,276.9547119140625,301.260009765625,302.6499938964844,292.0,294.0,9674255
2010-10-22 00:00:00+00:00,269.1772766113281,292.79998779296875,302.7699890136719,292.20001220703125,302.7699890136719,4631140
2010-10-25 00:00:00+00:00,269.27838134765625,292.9100036621094,298.0,292.0,293.3999938964844,4696400
2010-10-26 00:00:00+00:00,268.349853515625,291.8999938964844,294.04998779296875,291.04998779296875,294.0,4419695
2010-10-27 00:00:00+00:00,266.0607604980469,289.4100036621094,292.5400085449219,287.6099853515625,292.1000061035156,3512190
2010-10-28 00:00:00+00:00,265.64703369140625,288.9599914550781,294.239990234375,288.0,291.1000061035156,9676480
2010-10-29 00:00:00+00:00,270.4735107421875,294.2099914550781,296.6000061035156,286.2099914550781,289.760009765625,6046415
2010-11-01 00:00:00+00:00,278.296875,302.7200012207031,304.8699951171875,296.4200134277344,297.7799987792969,5140055
2010-11-02 00:00:00+00:00,280.6871643066406,305.32000732421875,307.5,302.6099853515625,304.79998779296875,5065500
2010-11-03 00:00:00+00:00,282.4338684082031,307.2200012207031,308.7200012207031,305.6000061035156,305.6300048828125,2664580
2010-11-04 00:00:00+00:00,283.9599304199219,308.8800048828125,311.1000061035156,307.6199951171875,310.1400146484375,2665910
2010-11-08 00:00:00+00:00,286.0743408203125,311.17999267578125,316.79998779296875,307.7200012207031,311.79998779296875,6482605
2010-11-09 00:00:00+00:00,287.2510986328125,312.4599914550781,313.3500061035156,308.20001220703125,311.0,3860055
2010-11-10 00:00:00+00:00,283.77606201171875,308.67999267578125,313.3999938964844,307.260009765625,313.3999938964844,3503475
2010-11-11 00:00:00+00:00,279.9148864746094,304.4800109863281,311.9599914550781,303.5,309.20001220703125,3167795
2010-11-12 00:00:00+00:00,274.3254699707031,298.3999938964844,305.6000061035156,296.2900085449219,305.6000061035156,4544795
2010-11-15 00:00:00+00:00,279.7861633300781,304.3399963378906,307.0,297.010009765625,300.04998779296875,3234555
2010-11-16 00:00:00+00:00,270.12408447265625,293.8299865722656,306.7900085449219,289.0,306.75,7237705
2010-11-18 00:00:00+00:00,262.1903991699219,285.20001220703125,299.79998779296875,277.79998779296875,299.79998779296875,25503185
2010-11-19 00:00:00+00:00,254.59681701660156,276.94000244140625,286.2300109863281,274.010009765625,286.2300109863281,13416300
2010-11-22 00:00:00+00:00,263.03619384765625,286.1199951171875,290.760009765625,274.0,280.0,13820860
2010-11-23 00:00:00+00:00,261.3997802734375,284.3399963378906,285.3999938964844,276.05999755859375,284.20001220703125,7074135
2010-11-24 00:00:00+00:00,254.61517333984375,276.9599914550781,286.19000244140625,274.0,285.6000061035156,4932325
2010-11-25 00:00:00+00:00,246.9112548828125,268.5799865722656,279.1400146484375,267.2200012207031,277.0400085449219,11465340
2010-11-26 00:00:00+00:00,244.7048797607422,266.17999267578125,273.45001220703125,259.3999938964844,268.20001220703125,7351030
2010-11-29 00:00:00+00:00,244.37396240234375,265.82000732421875,269.79998779296875,264.20001220703125,269.7900085449219,5470435
2010-11-30 00:00:00+00:00,251.3148193359375,273.3699951171875,277.9599914550781,263.0400085449219,265.79998779296875,6530490
2010-12-01 00:00:00+00:00,261.9053955078125,284.8900146484375,285.7799987792969,274.0,274.010009765625,5507435
2010-12-02 00:00:00+00:00,267.5868225097656,291.07000732421875,292.20001220703125,284.6300048828125,288.20001220703125,6647870
2010-12-03 00:00:00+00:00,258.5406799316406,281.2300109863281,291.07000732421875,277.7699890136719,291.07000732421875,8015840
2010-12-06 00:00:00+00:00,254.18310546875,276.489990234375,284.94000244140625,275.20001220703125,284.94000244140625,4688830
2010-12-07 00:00:00+00:00,243.52818298339844,264.8999938964844,277.010009765625,261.5,277.0,12159570
2010-12-08 00:00:00+00:00,230.10609436035156,250.3000030517578,263.79998779296875,248.66000366210938,263.79998779296875,21467880
2010-12-09 00:00:00+00:00,229.0488739013672,249.14999389648438,259.79998779296875,245.94000244140625,252.47999572753906,15667605
2010-12-10 00:00:00+00:00,243.3534393310547,264.7099914550781,266.0,249.60000610351562,250.60000610351562,10515220
2010-12-13 00:00:00+00:00,242.82032775878906,264.1300048828125,271.0,258.6199951171875,268.0,8870460
2010-12-14 00:00:00+00:00,239.6394500732422,260.6700134277344,266.9800109863281,257.0400085449219,266.760009765625,12568445
2010-12-15 00:00:00+00:00,238.58221435546875,259.5199890136719,264.20001220703125,256.010009765625,260.0,9978370
2010-12-16 00:00:00+00:00,240.74264526367188,261.8699951171875,263.94000244140625,257.0199890136719,260.92999267578125,9694435
2010-12-20 00:00:00+00:00,233.67306518554688,254.17999267578125,262.0,253.3699951171875,262.0,7356300
2010-12-21 00:00:00+00:00,242.3974151611328,263.6700134277344,264.7799987792969,256.0,256.17999267578125,9313990
2010-12-22 00:00:00+00:00,241.16551208496094,262.3299865722656,265.8999938964844,260.8399963378906,265.6000061035156,5855595
2010-12-23 00:00:00+00:00,241.615966796875,262.82000732421875,264.55999755859375,261.92999267578125,264.55999755859375,2830535
2010-12-24 00:00:00+00:00,243.06846618652344,264.3999938964844,264.9599914550781,260.0,260.0,2594170
2010-12-27 00:00:00+00:00,242.07565307617188,263.32000732421875,266.0,262.0199890136719,265.8800048828125,2077245
2010-12-28 00:00:00+00:00,236.9826202392578,257.7799987792969,264.3800048828125,257.30999755859375,264.3800048828125,3570910
2010-12-29 00:00:00+00:00,241.3034210205078,262.4800109863281,263.0,258.1099853515625,258.1099853515625,3942910
2010-12-30 00:00:00+00:00,245.23812866210938,266.760009765625,267.739990234375,261.0199890136719,264.0,7050460
2010-12-31 00:00:00+00:00,248.23509216308594,270.0199890136719,271.6000061035156,266.3800048828125,267.3500061035156,4513055
2011-01-03 00:00:00+00:00,251.46194458007812,273.5299987792969,274.3999938964844,268.4599914550781,273.0,5266100
2011-01-04 00:00:00+00:00,247.83978271484375,269.5899963378906,275.32000732421875,268.70001220703125,274.5799865722656,6919075
2011-01-05 00:00:00+00:00,241.02767944335938,262.17999267578125,270.20001220703125,260.6000061035156,270.20001220703125,8749390
2011-01-06 00:00:00+00:00,240.09912109375,261.1700134277344,264.4200134277344,260.0,263.2699890136719,3967170
2011-01-07 00:00:00+00:00,235.46572875976562,256.1300048828125,260.07000732421875,252.77999877929688,260.07000732421875,12047915
2011-01-10 00:00:00+00:00,230.6760711669922,250.9199981689453,261.0,249.25999450683594,257.0,8070285
2011-01-11 00:00:00+00:00,239.060302734375,260.0400085449219,265.1000061035156,252.0,252.02000427246094,12543110
2011-01-12 00:00:00+00:00,241.4780731201172,262.6700134277344,264.57000732421875,258.0,261.19000244140625,12960200
2011-01-13 00:00:00+00:00,232.67100524902344,253.08999633789062,265.5199890136719,252.22000122070312,261.70001220703125,5724240
2011-01-14 00:00:00+00:00,220.9312744140625,240.32000732421875,255.39999389648438,239.0,253.9600067138672,13463850
2011-01-17 00:00:00+00:00,225.96913146972656,245.8000030517578,248.0,240.02000427246094,242.39999389648438,10319355
2011-01-18 00:00:00+00:00,235.02444458007812,255.64999389648438,259.5899963378906,246.02999877929688,246.02999877929688,14701270
2011-01-19 00:00:00+00:00,235.36459350585938,256.0199890136719,259.3999938964844,253.60000610351562,256.0,7958925
2011-01-20 00:00:00+00:00,236.28392028808594,257.0199890136719,266.69000244140625,251.0,254.8000030517578,12914185
2011-01-21 00:00:00+00:00,236.64247131347656,257.4100036621094,258.7300109863281,253.1999969482422,255.0,10185635
2011-01-24 00:00:00+00:00,243.7580108642578,265.1499938964844,268.95001220703125,257.79998779296875,257.79998779296875,16310795
2011-01-25 00:00:00+00:00,238.50869750976562,259.44000244140625,268.79998779296875,258.75,265.6000061035156,13241745
2011-01-27 00:00:00+00:00,238.83047485351562,259.7900085449219,265.20001220703125,257.3999938964844,262.79998779296875,14377695
2011-01-28 00:00:00+00:00,230.4738006591797,250.6999969482422,260.8800048828125,248.69000244140625,260.0,13023670
2011-01-31 00:00:00+00:00,228.39614868164062,248.44000244140625,252.55999755859375,245.72999572753906,246.41000366210938,9721405
2011-02-01 00:00:00+00:00,228.47889709472656,248.52999877929688,251.52999877929688,246.8000030517578,250.72999572753906,8100325
2011-02-02 00:00:00+00:00,225.24285888671875,245.00999450683594,251.39999389648438,243.2100067138672,251.0,8549595
2011-02-03 00:00:00+00:00,230.9978485107422,251.27000427246094,252.67999267578125,243.60000610351562,243.60000610351562,4917935
2011-02-04 00:00:00+00:00,224.79241943359375,244.52000427246094,253.66000366210938,242.44000244140625,249.07000732421875,9051770
2011-02-07 00:00:00+00:00,225.8863983154297,245.7100067138672,248.47999572753906,243.0500030517578,248.47999572753906,4912680
2011-02-08 00:00:00+00:00,218.9271697998047,238.13999938964844,246.8000030517578,236.4199981689453,245.02000427246094,6334730
2011-02-09 00:00:00+00:00,213.4020233154297,232.1300048828125,239.00999450683594,230.0,237.0,8796985
2011-02-10 00:00:00+00:00,214.30296325683594,233.11000061035156,238.9600067138672,230.0,231.22000122070312,9417625
2011-02-11 00:00:00+00:00,224.62693786621094,244.33999633789062,245.94000244140625,232.6300048828125,233.02000427246094,7206395
2011-02-14 00:00:00+00:00,233.51675415039062,254.00999450683594,255.17999267578125,241.4199981689453,241.4199981689453,6552065
2011-02-15 00:00:00+00:00,234.39015197753906,254.9600067138672,257.6600036621094,250.05999755859375,255.47999572753906,6995755
2011-02-16 00:00:00+00:00,238.43511962890625,259.3599853515625,261.0,253.02999877929688,253.02999877929688,8241520
2011-02-17 00:00:00+00:00,242.24114990234375,263.5,269.7699890136719,258.4100036621094,269.7699890136719,7378890
2011-02-18 00:00:00+00:00,238.43511962890625,259.3599853515625,268.260009765625,258.010009765625,263.6000061035156,10497290
2011-02-21 00:00:00+00:00,240.3013916015625,261.3900146484375,262.6000061035156,255.60000610351562,258.0,5389735
2011-02-22 00:00:00+00:00,232.52391052246094,252.92999267578125,258.79998779296875,251.60000610351562,254.25999450683594,5128665
2011-02-23 00:00:00+00:00,230.7496337890625,251.0,255.8000030517578,250.25999450683594,251.99000549316406,4696050
2011-02-24 00:00:00+00:00,218.86279296875,238.07000732421875,250.1999969482422,236.0,248.60000610351562,10047650
2011-02-25 00:00:00+00:00,226.6126708984375,246.5,248.8000030517578,238.75,241.17999267578125,8398290
2011-02-28 00:00:00+00:00,224.0478057861328,243.7100067138672,258.6600036621094,242.39999389648438,246.60000610351562,9199505
2011-03-01 00:00:00+00:00,236.9642333984375,257.760009765625,259.79998779296875,246.69000244140625,247.0,7055055
2011-03-03 00:00:00+00:00,240.8253631591797,261.9599914550781,264.0,252.22000122070312,255.60000610351562,11345475
2011-03-04 00:00:00+00:00,244.2268829345703,265.6600036621094,268.20001220703125,262.6300048828125,264.8800048828125,8147410
2011-03-07 00:00:00+00:00,235.97137451171875,256.67999267578125,262.0,253.1999969482422,261.0,5579705
2011-03-08 00:00:00+00:00,241.13796997070312,262.29998779296875,263.6000061035156,256.6199951171875,257.20001220703125,4933980
2011-03-09 00:00:00+00:00,239.19818115234375,260.19000244140625,265.9100036621094,258.3999938964844,263.3999938964844,6666290
2011-03-10 00:00:00+00:00,236.27476501464844,257.010009765625,259.42999267578125,255.0,259.42999267578125,3470595
2011-03-11 00:00:00+00:00,232.71694946289062,253.13999938964844,259.3999938964844,251.66000366210938,255.1999969482422,6341595
2011-03-14 00:00:00+00:00,237.24920654296875,258.07000732421875,259.3800048828125,253.1999969482422,253.1999969482422,4843775
2011-03-15 00:00:00+00:00,235.8885955810547,256.5899963378906,259.9599914550781,249.13999938964844,250.6699981689453,7451930
2011-03-16 00:00:00+00:00,242.44338989257812,263.7200012207031,265.0,258.0,258.0,7462555
2011-03-17 00:00:00+00:00,237.3871307373047,258.2200012207031,265.6700134277344,257.260009765625,260.0,8448360
2011-03-18 00:00:00+00:00,233.36048889160156,253.83999633789062,260.0,252.22000122070312,259.6000061035156,7745895
2011-03-21 00:00:00+00:00,235.2266845703125,255.8699951171875,258.0,252.22000122070312,257.6000061035156,2942770
2011-03-22 00:00:00+00:00,238.26963806152344,259.17999267578125,261.0,255.60000610351562,257.6000061035156,3878430
2011-03-23 00:00:00+00:00,241.85499572753906,263.0799865722656,263.5,258.2699890136719,259.0,4621175
2011-03-24 00:00:00+00:00,242.59967041015625,263.8900146484375,266.8800048828125,261.510009765625,263.6400146484375,6041580
2011-03-25 00:00:00+00:00,250.96548461914062,272.989990234375,273.9800109863281,265.3900146484375,268.55999755859375,9739995
2011-03-28 00:00:00+00:00,254.51409912109375,276.8500061035156,278.4599914550781,273.010009765625,274.0,7284900
2011-03-29 00:00:00+00:00,261.4825134277344,284.42999267578125,286.3500061035156,275.5199890136719,275.5199890136719,12467980
2011-03-30 00:00:00+00:00,262.2731628417969,285.2900085449219,286.42999267578125,282.7099914550781,285.3800048828125,5872165
2011-03-31 00:00:00+00:00,258.1178283691406,280.7699890136719,288.7099914550781,277.2099914550781,285.79998779296875,13092835
2011-04-01 00:00:00+00:00,258.8348388671875,281.54998779296875,283.3999938964844,275.7200012207031,282.05999755859375,5346590
2011-04-04 00:00:00+00:00,263.31201171875,286.4200134277344,288.3800048828125,281.3999938964844,282.2200012207031,5457340
2011-04-05 00:00:00+00:00,261.9605712890625,284.95001220703125,289.6000061035156,281.82000732421875,289.6000061035156,5036870
2011-04-06 00:00:00+00:00,262.7327880859375,285.7900085449219,288.3399963378906,283.0,284.0,8471455
2011-04-07 00:00:00+00:00,265.8216857910156,289.1499938964844,291.6000061035156,283.3399963378906,286.0,6285310
2011-04-08 00:00:00+00:00,266.5480041503906,289.94000244140625,292.0899963378906,287.04998779296875,289.20001220703125,7826220
2011-04-11 00:00:00+00:00,259.220947265625,281.9700012207031,287.9800109863281,280.7900085449219,287.44000244140625,7885465
2011-04-13 00:00:00+00:00,264.45196533203125,287.6600036621094,289.17999267578125,278.8699951171875,279.0,5860385
2011-04-15 00:00:00+00:00,262.907470703125,285.9800109863281,291.5799865722656,284.32000732421875,285.2099914550781,6912525
2011-04-18 00:00:00+00:00,255.5344696044922,277.9599914550781,290.0,276.8800048828125,286.0,7108325
2011-04-19 00:00:00+00:00,259.1290588378906,281.8699951171875,283.3599853515625,276.44000244140625,276.79998779296875,4305525
2011-04-20 00:00:00+00:00,266.23541259765625,289.6000061035156,290.55999755859375,283.0,284.3999938964844,3784850
2011-04-21 00:00:00+00:00,266.15264892578125,289.510009765625,291.55999755859375,287.7300109863281,289.79998779296875,4924225
2011-04-25 00:00:00+00:00,253.23623657226562,275.4599914550781,281.70001220703125,274.20001220703125,279.6000061035156,20508745
2011-04-26 00:00:00+00:00,249.38427734375,271.2699890136719,277.55999755859375,267.7300109863281,277.55999755859375,14093040
2011-04-27 00:00:00+00:00,247.08596801757812,268.7699890136719,274.3999938964844,266.6000061035156,274.239990234375,9635485
2011-04-28 00:00:00+00:00,245.2197265625,266.739990234375,270.9800109863281,264.82000732421875,270.9800109863281,10635175
2011-04-29 00:00:00+00:00,236.5597381591797,257.32000732421875,268.55999755859375,254.05999755859375,267.6000061035156,15491240
2011-05-02 00:00:00+00:00,234.69346618652344,255.2899932861328,259.6000061035156,252.02000427246094,259.5799865722656,9367700
2011-05-03 00:00:00+00:00,226.2265625,246.0800018310547,259.1000061035156,242.11000061035156,254.74000549316406,22116145
2011-05-04 00:00:00+00:00,227.18264770507812,247.1199951171875,249.8000030517578,243.0,245.89999389648438,14179185
2011-05-05 00:00:00+00:00,222.44815063476562,241.97000122070312,249.8000030517578,240.52999877929688,247.97999572753906,8260385
2011-05-06 00:00:00+00:00,231.3379669189453,251.63999938964844,252.97999572753906,242.39999389648438,242.39999389648438,11581670
2011-05-09 00:00:00+00:00,227.5779571533203,247.5500030517578,253.7100067138672,246.25,252.02000427246094,5076885
2011-05-10 00:00:00+00:00,225.9139862060547,245.74000549316406,248.5,243.60000610351562,247.99000549316406,7412830
2011-05-11 00:00:00+00:00,225.8312530517578,245.64999389648438,248.9499969482422,244.8000030517578,245.0,8275310
2011-05-12 00:00:00+00:00,221.67593383789062,241.1300048828125,247.97000122070312,240.1999969482422,244.60000610351562,6511545
2011-05-13 00:00:00+00:00,228.85580444335938,248.94000244140625,251.9600067138672,241.72999572753906,242.10000610351562,10011215
2011-05-16 00:00:00+00:00,225.1233673095703,244.8800048828125,248.32000732421875,243.63999938964844,248.32000732421875,3966445
2011-05-17 00:00:00+00:00,224.20404052734375,243.8800048828125,248.3000030517578,241.30999755859375,245.22000122070312,5716775
2011-05-18 00:00:00+00:00,223.93743896484375,243.58999633789062,246.39999389648438,240.44000244140625,244.60000610351562,6481770
2011-05-19 00:00:00+00:00,223.3306884765625,242.92999267578125,246.0,241.42999267578125,246.0,3538375
2011-05-20 00:00:00+00:00,224.47984313964844,244.17999267578125,246.3000030517578,241.60000610351562,244.8000030517578,6269095
2011-05-23 00:00:00+00:00,218.43075561523438,237.60000610351562,243.61000061035156,236.60000610351562,243.0,7595615
2011-05-24 00:00:00+00:00,221.078369140625,240.47999572753906,243.0,237.3000030517578,239.0,6296630
2011-05-25 00:00:00+00:00,217.26318359375,236.3300018310547,240.77999877929688,235.0,240.77999877929688,6637750
2011-05-26 00:00:00+00:00,222.18154907226562,241.67999267578125,242.39999389648438,236.89999389648438,238.89999389648438,6305810
2011-05-27 00:00:00+00:00,224.42465209960938,244.1199951171875,245.60000610351562,241.25,242.99000549316406,8170820
2011-05-30 00:00:00+00:00,228.95692443847656,249.0500030517578,249.60000610351562,244.8000030517578,244.8000030517578,5998095
2011-05-31 00:00:00+00:00,235.8058624267578,256.5,257.79998779296875,250.1999969482422,250.3800048828125,10911405
2011-06-01 00:00:00+00:00,235.02444458007812,255.64999389648438,258.3500061035156,253.0399932861328,256.45001220703125,3961410
2011-06-02 00:00:00+00:00,234.19708251953125,254.75,257.0,251.02000427246094,251.02000427246094,4338985
2011-06-03 00:00:00+00:00,228.49729919433594,248.5500030517578,257.6000061035156,244.8000030517578,254.39999389648438,7067540
2011-06-06 00:00:00+00:00,227.1550750732422,247.08999633789062,248.39999389648438,241.6300048828125,248.39999389648438,9434745
2011-06-07 00:00:00+00:00,228.84661865234375,248.92999267578125,250.5800018310547,244.9499969482422,245.39999389648438,5219080
2011-06-08 00:00:00+00:00,228.49331665039062,245.75,247.1999969482422,243.42999267578125,246.17999267578125,6911705
2011-06-09 00:00:00+00:00,231.7754364013672,249.27999877929688,250.42999267578125,245.8000030517578,245.97999572753906,5245275
2011-06-10 00:00:00+00:00,229.6834259033203,247.02999877929688,249.1999969482422,245.0,248.39999389648438,4060225
2011-06-13 00:00:00+00:00,229.33938598632812,246.66000366210938,247.60000610351562,243.39999389648438,246.0399932861328,5555375
2011-06-14 00:00:00+00:00,234.313720703125,252.00999450683594,252.83999633789062,247.0,247.0,5273515
2011-06-15 00:00:00+00:00,227.68443298339844,244.8800048828125,252.0,244.1999969482422,251.94000244140625,6280325
2011-06-16 00:00:00+00:00,226.46641540527344,243.57000732421875,246.0,241.05999755859375,243.99000549316406,13606230
2011-06-17 00:00:00+00:00,227.3403778076172,244.50999450683594,248.94000244140625,242.6999969482422,248.94000244140625,6305405
2011-06-20 00:00:00+00:00,228.05630493164062,245.27999877929688,247.5,240.1999969482422,245.0,7130700
2011-06-21 00:00:00+00:00,230.92933654785156,248.3699951171875,252.0,245.27999877929688,246.1999969482422,6476290
2011-06-22 00:00:00+00:00,233.30958557128906,250.92999267578125,253.52000427246094,249.0,250.60000610351562,7148560
2011-06-23 00:00:00+00:00,231.39422607421875,248.8699951171875,250.39999389648438,246.57000732421875,249.47000122070312,4770705
2011-06-24 00:00:00+00:00,236.58241271972656,254.4499969482422,255.60000610351562,249.99000549316406,250.1999969482422,5449420
2011-06-27 00:00:00+00:00,242.9327850341797,261.2799987792969,262.4800109863281,250.0,253.39999389648438,8757805
2011-06-28 00:00:00+00:00,242.28195190429688,260.5799865722656,262.4200134277344,258.04998779296875,262.2099914550781,6884085
2011-06-29 00:00:00+00:00,240.54324340820312,258.7099914550781,263.20001220703125,257.32000732421875,262.3999938964844,6687300
2011-06-30 00:00:00+00:00,239.79942321777344,257.9100036621094,261.20001220703125,256.2200012207031,259.1400146484375,7557495
2011-07-01 00:00:00+00:00,243.44418334960938,261.8299865722656,263.0,258.6000061035156,262.79998779296875,4277470
2011-07-04 00:00:00+00:00,248.10235595703125,266.8399963378906,267.5400085449219,262.510009765625,264.7799987792969,4394180
2011-07-05 00:00:00+00:00,246.9401397705078,265.5899963378906,267.8999938964844,264.010009765625,267.8999938964844,3904440
2011-07-06 00:00:00+00:00,243.630126953125,262.0299987792969,266.1199951171875,261.20001220703125,265.25,2691170
2011-07-07 00:00:00+00:00,247.63746643066406,266.3399963378906,267.0,261.9200134277344,262.5899963378906,2870420
2011-07-08 00:00:00+00:00,242.84912109375,261.19000244140625,267.5799865722656,260.55999755859375,266.82000732421875,4272440
2011-07-11 00:00:00+00:00,235.03895568847656,252.7899932861328,261.20001220703125,252.00999450683594,261.20001220703125,6432280
2011-07-12 00:00:00+00:00,235.4945526123047,253.27999877929688,254.4499969482422,249.0399932861328,250.8800048828125,7215995
2011-07-13 00:00:00+00:00,236.4987335205078,254.36000061035156,256.7799987792969,252.5399932861328,253.8000030517578,4801380
2011-07-14 00:00:00+00:00,237.88409423828125,255.85000610351562,258.8399963378906,253.0,253.32000732421875,4072410
2011-07-15 00:00:00+00:00,235.77346801757812,253.5800018310547,257.3699951171875,252.50999450683594,256.20001220703125,2789800
2011-07-18 00:00:00+00:00,234.7693328857422,252.5,253.89999389648438,250.4199981689453,253.0500030517578,3974445
2011-07-19 00:00:00+00:00,236.7311553955078,254.61000061035156,255.60000610351562,252.60000610351562,253.5399932861328,3553920
2011-07-20 00:00:00+00:00,234.79721069335938,252.52999877929688,256.30999755859375,252.0,255.83999633789062,4681000
2011-07-21 00:00:00+00:00,230.5109405517578,247.9199981689453,252.3800048828125,246.39999389648438,251.86000061035156,12203725
2011-07-22 00:00:00+00:00,241.16622924804688,259.3800048828125,262.3999938964844,248.1999969482422,249.4499969482422,21087915
2011-07-25 00:00:00+00:00,248.6695556640625,267.45001220703125,268.0,258.6700134277344,258.94000244140625,12150640
2011-07-26 00:00:00+00:00,245.37808227539062,263.9100036621094,268.0,261.1199951171875,267.0,10951515
2011-07-27 00:00:00+00:00,241.83566284179688,260.1000061035156,264.9700012207031,258.75,264.3999938964844,7148625
2011-07-28 00:00:00+00:00,242.02157592773438,260.29998779296875,261.5899963378906,257.0,257.0,6765025
2011-07-29 00:00:00+00:00,248.7159881591797,267.5,268.3999938964844,258.4800109863281,260.0,9254860
2011-08-01 00:00:00+00:00,251.5983428955078,270.6000061035156,273.510009765625,269.29998779296875,269.79998779296875,6133050
2011-08-02 00:00:00+00:00,249.70155334472656,268.55999755859375,269.5899963378906,265.2200012207031,269.0,4850430
2011-08-03 00:00:00+00:00,241.95654296875,260.2300109863281,266.1400146484375,258.54998779296875,266.1400146484375,9169615
2011-08-04 00:00:00+00:00,239.12998962402344,257.19000244140625,262.55999755859375,256.20001220703125,260.7200012207031,7848375
2011-08-05 00:00:00+00:00,230.96652221679688,248.41000366210938,250.5,240.0,249.0,15628460
2011-08-08 00:00:00+00:00,229.7392120361328,247.08999633789062,253.16000366210938,240.11000061035156,241.0399932861328,8300890
2011-08-09 00:00:00+00:00,224.11402893066406,241.0399932861328,247.66000366210938,236.17999267578125,238.10000610351562,18090930
2011-08-10 00:00:00+00:00,232.4635009765625,250.02000427246094,250.74000549316406,245.05999755859375,248.39999389648438,9516980
2011-08-11 00:00:00+00:00,225.1647186279297,242.1699981689453,250.5,241.24000549316406,247.39999389648438,9349310
2011-08-12 00:00:00+00:00,224.86717224121094,241.85000610351562,246.14999389648438,238.63999938964844,245.89999389648438,7980730
2011-08-16 00:00:00+00:00,225.46226501464844,242.49000549316406,246.14999389648438,241.3300018310547,245.38999938964844,7184500
2011-08-17 00:00:00+00:00,217.5312042236328,233.9600067138672,245.3300018310547,233.42999267578125,241.4499969482422,10824105
2011-08-18 00:00:00+00:00,206.0949249267578,221.66000366210938,235.0,220.1999969482422,234.5399932861328,1961760
2011-08-19 00:00:00+00:00,198.8984375,213.9199981689453,220.0,208.1999969482422,219.6300048828125,15966050
2011-08-22 00:00:00+00:00,195.458251953125,210.22000122070312,215.60000610351562,205.24000549316406,215.02999877929688,12491505
2011-08-23 00:00:00+00:00,201.4925537109375,216.7100067138672,220.5800018310547,210.1999969482422,211.60000610351562,12693050
2011-08-24 00:00:00+00:00,195.19793701171875,209.94000244140625,222.8800048828125,207.1999969482422,215.7100067138672,12395595
2011-08-25 00:00:00+00:00,189.53558349609375,203.85000610351562,212.74000549316406,201.0399932861328,211.0,19345960
2011-08-26 00:00:00+00:00,186.01168823242188,200.05999755859375,206.3699951171875,198.36000061035156,205.19000244140625,10980215
2011-08-29 00:00:00+00:00,193.29185485839844,207.88999938964844,210.38999938964844,203.10000610351562,203.8000030517578,11080275
2011-08-30 00:00:00+00:00,199.48419189453125,214.5500030517578,216.0,210.99000549316406,212.0,9426925
2011-09-02 00:00:00+00:00,200.90676879882812,216.0800018310547,221.94000244140625,209.6199951171875,220.8000030517578,11090720
2011-09-05 00:00:00+00:00,207.23854064941406,222.88999938964844,224.9499969482422,211.60000610351562,214.72000122070312,13737055
2011-09-06 00:00:00+00:00,212.0734100341797,228.08999633789062,229.8000030517578,217.02000427246094,221.8000030517578,15091680
2011-09-07 00:00:00+00:00,212.63128662109375,228.69000244140625,231.8000030517578,227.7899932861328,228.3000030517578,10098150
2011-09-08 00:00:00+00:00,213.95155334472656,230.11000061035156,232.1699981689453,225.27999877929688,228.30999755859375,12449725
2011-09-09 00:00:00+00:00,205.1651611328125,220.66000366210938,230.77999877929688,219.25999450683594,229.44000244140625,11559455
2011-09-12 00:00:00+00:00,195.5419158935547,210.30999755859375,218.39999389648438,208.5,218.0,7030250
2011-09-13 00:00:00+00:00,195.225830078125,209.97000122070312,215.7100067138672,207.8000030517578,211.05999755859375,7750235
2011-09-14 00:00:00+00:00,202.45021057128906,217.74000549316406,218.9199981689453,208.64999389648438,211.0,10823220
2011-09-15 00:00:00+00:00,207.4709930419922,223.13999938964844,224.60000610351562,213.3300018310547,219.33999633789062,9527160
2011-09-16 00:00:00+00:00,210.7531280517578,226.6699981689453,228.19000244140625,221.13999938964844,226.1999969482422,16317510
2011-09-19 00:00:00+00:00,205.41616821289062,220.92999267578125,224.9600067138672,219.8000030517578,224.9600067138672,6504100
2011-09-20 00:00:00+00:00,212.71495056152344,228.77999877929688,229.97999572753906,219.8000030517578,220.25999450683594,7609115
2011-09-21 00:00:00+00:00,215.0766143798828,231.32000732421875,232.1999969482422,226.0500030517578,228.6199951171875,12873220
2011-09-22 00:00:00+00:00,206.8573455810547,222.47999572753906,227.17999267578125,221.39999389648438,226.1999969482422,9979475
2011-09-23 00:00:00+00:00,202.10617065429688,217.3699951171875,223.19000244140625,213.0800018310547,220.02000427246094,13703975
2011-09-26 00:00:00+00:00,196.3694305419922,211.1999969482422,216.8800048828125,207.66000366210938,216.67999267578125,13580105
2011-09-27 00:00:00+00:00,202.32003784179688,217.60000610351562,219.0,213.0,214.8000030517578,9597470
2011-09-28 00:00:00+00:00,199.47488403320312,214.5399932861328,219.1999969482422,213.08999633789062,218.1999969482422,10083715
2011-09-29 00:00:00+00:00,198.9263153076172,213.9499969482422,216.10000610351562,211.02000427246094,212.8000030517578,10926140
2011-09-30 00:00:00+00:00,189.470458984375,203.77999877929688,212.60000610351562,202.1199951171875,212.44000244140625,14635020
2011-10-03 00:00:00+00:00,183.81739807128906,197.6999969482422,201.0,196.0,200.60000610351562,9969910
2011-10-04 00:00:00+00:00,178.47119140625,191.9499969482422,199.27999877929688,190.1999969482422,196.8800048828125,16141740
2011-10-05 00:00:00+00:00,177.03001403808594,190.39999389648438,195.0,189.0399932861328,194.39999389648438,10903735
2011-10-07 00:00:00+00:00,191.59034729003906,206.05999755859375,207.6999969482422,195.42999267578125,195.42999267578125,12722505
2011-10-10 00:00:00+00:00,195.03985595703125,209.77000427246094,211.0,203.3699951171875,206.0,7355710
2011-10-11 00:00:00+00:00,195.7650604248047,210.5500030517578,216.1699981689453,209.0,212.0500030517578,9235720
2011-10-12 00:00:00+00:00,203.3148651123047,218.6699981689453,219.97999572753906,207.63999938964844,211.1999969482422,12414410
2011-10-13 00:00:00+00:00,202.05038452148438,217.30999755859375,221.60000610351562,216.0,220.0,15379755
2011-10-14 00:00:00+00:00,205.1744384765625,220.6699981689453,222.0,215.11000061035156,215.11000061035156,10864180
2011-10-17 00:00:00+00:00,208.61460876464844,224.3699951171875,226.55999755859375,221.64999389648438,222.3800048828125,9049145
2011-10-18 00:00:00+00:00,204.0959014892578,219.50999450683594,221.00999450683594,215.4499969482422,220.0,10259885
2011-10-19 00:00:00+00:00,210.64157104492188,226.5500030517578,227.0,220.94000244140625,221.0,5811550
2011-10-20 00:00:00+00:00,210.24169921875,226.1199951171875,227.1999969482422,220.02000427246094,223.1999969482422,7378920
2011-10-21 00:00:00+00:00,209.70245361328125,225.5399932861328,227.97999572753906,224.4600067138672,227.36000061035156,7096310
2011-10-24 00:00:00+00:00,217.2987823486328,233.7100067138672,237.82000732421875,230.6199951171875,231.6199951171875,14777600
2011-10-25 00:00:00+00:00,207.85223388671875,223.5500030517578,238.8000030517578,222.0,234.4499969482422,30541475
2011-10-28 00:00:00+00:00,213.9422607421875,230.10000610351562,236.55999755859375,229.11000061035156,232.1999969482422,20464180
2011-10-31 00:00:00+00:00,215.58795166015625,231.8699951171875,232.80999755859375,228.3000030517578,230.0,10248145
2011-11-01 00:00:00+00:00,211.23660278320312,227.19000244140625,231.25999450683594,226.02000427246094,230.0,5702165
2011-11-02 00:00:00+00:00,209.37704467773438,225.19000244140625,227.97000122070312,223.44000244140625,224.8000030517578,8370240
2011-11-03 00:00:00+00:00,207.4989013671875,223.1699981689453,226.0,220.4600067138672,223.97999572753906,8604835
2011-11-04 00:00:00+00:00,209.85122680664062,225.6999969482422,229.0,224.72999572753906,227.16000366210938,9257910
2011-11-08 00:00:00+00:00,212.0548095703125,228.07000732421875,230.77999877929688,225.86000061035156,227.8000030517578,7846160
2011-11-09 00:00:00+00:00,206.83876037597656,222.4600067138672,230.02000427246094,220.6999969482422,229.8000030517578,9010940
2011-11-11 00:00:00+00:00,196.5553741455078,211.39999389648438,222.52999877929688,210.39999389648438,220.60000610351562,14576455
2011-11-14 00:00:00+00:00,195.1606903076172,209.89999389648438,216.1999969482422,209.25999450683594,214.60000610351562,6361660
2011-11-15 00:00:00+00:00,187.51792907714844,201.67999267578125,210.1999969482422,199.63999938964844,208.8000030517578,10666425
2011-11-16 00:00:00+00:00,187.09950256347656,201.22999572753906,204.22000122070312,195.5800018310547,201.6999969482422,13430830
2011-11-17 00:00:00+00:00,183.26882934570312,197.11000061035156,201.89999389648438,196.2100067138672,200.8000030517578,11050500
2011-11-18 00:00:00+00:00,179.29869079589844,192.83999633789062,196.16000366210938,188.0,195.6199951171875,17458585
2011-11-21 00:00:00+00:00,176.10023498535156,189.39999389648438,194.24000549316406,188.6300048828125,192.0,9976120
2011-11-22 00:00:00+00:00,176.10023498535156,189.39999389648438,191.77999877929688,186.05999755859375,190.3000030517578,16670885
2011-11-23 00:00:00+00:00,174.25927734375,187.4199981689453,188.55999755859375,184.22000122070312,187.39999389648438,13105390
2011-11-24 00:00:00+00:00,178.00625610351562,191.4499969482422,192.94000244140625,187.1300048828125,188.0,15189375
2011-11-25 00:00:00+00:00,179.8658447265625,193.4499969482422,195.57000732421875,189.08999633789062,190.99000549316406,9059265
2011-11-28 00:00:00+00:00,184.356689453125,198.27999877929688,199.39999389648438,194.9199981689453,196.24000549316406,7765115
2011-11-29 00:00:00+00:00,181.4557647705078,195.16000366210938,200.33999633789062,193.0500030517578,198.60000610351562,9850415
2011-11-30 00:00:00+00:00,176.2211151123047,189.52999877929688,194.9600067138672,187.1999969482422,192.1999969482422,13014390
2011-12-01 00:00:00+00:00,180.86070251464844,194.52000427246094,199.74000549316406,192.6199951171875,197.02000427246094,13175810
2011-12-02 00:00:00+00:00,187.06234741210938,201.19000244140625,202.39999389648438,193.11000061035156,195.72999572753906,13119630
2011-12-05 00:00:00+00:00,191.9344024658203,206.42999267578125,207.2100067138672,198.52000427246094,201.0,12542560
2011-12-07 00:00:00+00:00,193.31044006347656,207.91000366210938,210.49000549316406,205.88999938964844,206.60000610351562,9369965
2011-12-08 00:00:00+00:00,186.58816528320312,200.67999267578125,208.38999938964844,199.0,207.0,11616210
2011-12-09 00:00:00+00:00,184.4496612548828,198.3800048828125,202.5800018310547,195.63999938964844,196.27000427246094,10877715
2011-12-12 00:00:00+00:00,180.45162963867188,194.0800018310547,201.60000610351562,193.4499969482422,201.0,7581910
2011-12-13 00:00:00+00:00,178.49908447265625,191.97999572753906,194.8000030517578,188.07000732421875,192.39999389648438,12728320
2011-12-14 00:00:00+00:00,178.35958862304688,191.8300018310547,196.1999969482422,190.11000061035156,191.8000030517578,12109370
2011-12-15 00:00:00+00:00,176.49073791503906,189.82000732421875,190.42999267578125,186.8000030517578,189.60000610351562,11343050
2011-12-16 00:00:00+00:00,168.11341857910156,180.80999755859375,192.8000030517578,179.0,191.0,20547090
2011-12-19 00:00:00+00:00,157.8858642578125,169.80999755859375,179.58999633789062,165.60000610351562,179.58999633789062,18571490
2011-12-20 00:00:00+00:00,152.53961181640625,164.05999755859375,171.5399932861328,161.77000427246094,171.5399932861328,19478995
2011-12-21 00:00:00+00:00,158.86212158203125,170.86000061035156,171.8000030517578,166.47000122070312,169.0399932861328,11989230
2011-12-22 00:00:00+00:00,162.4603729248047,174.72999572753906,175.66000366210938,168.0800018310547,168.4499969482422,15454380
2011-12-23 00:00:00+00:00,163.63189697265625,175.99000549316406,179.1999969482422,173.1300048828125,177.0,14661785
2011-12-26 00:00:00+00:00,162.15353393554688,174.39999389648438,178.1999969482422,173.39999389648438,176.0,8533050
2011-12-27 00:00:00+00:00,157.1792449951172,169.0500030517578,174.55999755859375,167.9600067138672,174.47999572753906,8711185
2011-12-28 00:00:00+00:00,154.82687377929688,166.52000427246094,168.1999969482422,164.02000427246094,168.1999969482422,9735825
2011-12-29 00:00:00+00:00,151.65635681152344,163.11000061035156,167.5800018310547,161.60000610351562,164.88999938964844,13925110
2011-12-30 00:00:00+00:00,150.27093505859375,161.6199951171875,165.49000549316406,160.66000366210938,163.1999969482422,10162725
2012-01-02 00:00:00+00:00,147.79776000976562,158.9600067138672,163.0,156.8000030517578,162.0,9727265
2012-01-03 00:00:00+00:00,155.7473602294922,167.50999450683594,168.3800048828125,160.72999572753906,161.02000427246094,10710050
2012-01-04 00:00:00+00:00,157.718505859375,169.6300048828125,171.1999969482422,166.3800048828125,168.9600067138672,16936750
2012-01-05 00:00:00+00:00,161.9025115966797,174.1300048828125,175.75999450683594,169.00999450683594,169.8000030517578,16901170
2012-01-06 00:00:00+00:00,158.71334838867188,170.6999969482422,173.1999969482422,167.25999450683594,172.55999755859375,12345325
2012-01-09 00:00:00+00:00,159.5873565673828,171.63999938964844,172.67999267578125,167.02000427246094,170.1999969482422,8763275
2012-01-10 00:00:00+00:00,166.384033203125,178.9499969482422,179.39999389648438,173.22000122070312,173.8000030517578,9827090
2012-01-11 00:00:00+00:00,173.61770629882812,186.72999572753906,189.49000549316406,178.6199951171875,179.60000610351562,15532065
2012-01-12 00:00:00+00:00,174.89154052734375,188.10000610351562,193.69000244140625,185.38999938964844,186.1999969482422,17759615
2012-01-13 00:00:00+00:00,174.7427520751953,187.94000244140625,191.19000244140625,185.7100067138672,189.77000427246094,12004280
2012-01-16 00:00:00+00:00,173.91525268554688,187.0500030517578,187.8000030517578,183.4199981689453,186.8000030517578,9907110
2012-01-17 00:00:00+00:00,178.93606567382812,192.4499969482422,195.97999572753906,188.60000610351562,188.60000610351562,13262725
2012-01-18 00:00:00+00:00,173.5433349609375,186.64999389648438,193.7899932861328,186.02000427246094,192.8000030517578,9206400
2012-01-19 00:00:00+00:00,177.59716796875,191.00999450683594,192.24000549316406,188.64999389648438,189.0,8891125
2012-01-20 00:00:00+00:00,187.63877868652344,201.80999755859375,204.0,191.08999633789062,192.4199981689453,24622520
2012-01-23 00:00:00+00:00,185.3887176513672,199.38999938964844,207.55999755859375,198.16000366210938,203.39999389648438,17972105
2012-01-24 00:00:00+00:00,192.01808166503906,206.52000427246094,209.1999969482422,196.80999755859375,199.39999389648438,35059620
2012-01-25 00:00:00+00:00,197.7919921875,212.72999572753906,215.17999267578125,204.11000061035156,207.75999450683594,22249770
2012-01-27 00:00:00+00:00,199.53997802734375,214.61000061035156,215.8800048828125,211.27000427246094,214.8000030517578,13897305
2012-01-30 00:00:00+00:00,190.31654357910156,204.69000244140625,213.9600067138672,203.4600067138672,213.9600067138672,10052175
2012-01-31 00:00:00+00:00,199.911865234375,215.00999450683594,217.60000610351562,206.19000244140625,207.0,11015795
2012-02-01 00:00:00+00:00,202.33863830566406,217.6199951171875,218.4600067138672,210.66000366210938,214.89999389648438,11137960
2012-02-02 00:00:00+00:00,200.0699462890625,215.17999267578125,221.74000549316406,212.7100067138672,218.8000030517578,14033335
2012-02-03 00:00:00+00:00,204.4306182861328,219.8699951171875,221.8699951171875,212.24000549316406,215.33999633789062,10598495
2012-02-06 00:00:00+00:00,206.42034912109375,222.00999450683594,223.67999267578125,219.58999633789062,222.8000030517578,14412175
2012-02-07 00:00:00+00:00,207.0804901123047,222.72000122070312,224.97999572753906,219.8000030517578,224.97999572753906,8583245
2012-02-08 00:00:00+00:00,209.6094970703125,225.44000244140625,228.22999572753906,220.52999877929688,223.60000610351562,14835090
2012-02-09 00:00:00+00:00,210.96694946289062,226.89999389648438,228.36000061035156,221.25,222.94000244140625,11535310
2012-02-10 00:00:00+00:00,207.9080047607422,223.61000061035156,228.77999877929688,220.3800048828125,225.1999969482422,8307250
2012-02-13 00:00:00+00:00,207.59185791015625,223.27000427246094,225.5500030517578,221.6999969482422,224.0,7383195
2012-02-14 00:00:00+00:00,210.06507873535156,225.92999267578125,226.60000610351562,222.25,223.60000610351562,6966125
2012-02-15 00:00:00+00:00,227.05213928222656,244.1999969482422,246.0,228.02000427246094,228.39999389648438,17640965
2012-02-16 00:00:00+00:00,227.66580200195312,244.86000061035156,247.0,239.0,241.02999877929688,12640000
2012-02-17 00:00:00+00:00,237.6888427734375,255.63999938964844,259.0,248.0,249.60000610351562,14647050
2012-02-21 00:00:00+00:00,239.43682861328125,257.5199890136719,261.69000244140625,253.6300048828125,253.8000030517578,10165915
2012-02-22 00:00:00+00:00,226.13165283203125,243.2100067138672,258.67999267578125,240.8000030517578,257.260009765625,15713830
2012-02-23 00:00:00+00:00,226.43850708007812,243.5399932861328,249.0,239.1999969482422,242.0,15500985
2012-02-24 00:00:00+00:00,220.06948852539062,236.69000244140625,249.30999755859375,235.22999572753906,243.55999755859375,15228050
2012-02-27 00:00:00+00:00,207.2478485107422,222.89999389648438,237.57000732421875,221.0,237.0,15257535
2012-02-28 00:00:00+00:00,217.67068481445312,234.11000061035156,237.60000610351562,224.02999877929688,225.89999389648438,15690705
2012-02-29 00:00:00+00:00,219.0095672607422,235.5500030517578,241.91000366210938,232.0500030517578,238.0,12705420
2012-03-01 00:00:00+00:00,214.3885498046875,230.5800018310547,235.0,226.47999572753906,235.0,7889280
2012-03-02 00:00:00+00:00,216.94544982910156,233.3300018310547,241.77999877929688,228.88999938964844,232.99000549316406,15092035
2012-03-05 00:00:00+00:00,213.84930419921875,230.0,233.8000030517578,228.5500030517578,233.0,6837555
2012-03-06 00:00:00+00:00,213.3843994140625,229.5,240.0,221.14999389648438,229.77999877929688,19573025
2012-03-07 00:00:00+00:00,216.6107177734375,232.97000122070312,233.99000549316406,226.14999389648438,228.0,11241830
2012-03-09 00:00:00+00:00,225.63888549804688,242.67999267578125,243.8000030517578,237.0,237.8000030517578,11864430
2012-03-12 00:00:00+00:00,227.79598999023438,245.0,251.52999877929688,242.6300048828125,250.0,9704070
2012-03-13 00:00:00+00:00,230.69688415527344,248.1199951171875,249.6999969482422,247.27000427246094,248.0,9112190
2012-03-14 00:00:00+00:00,236.9171142578125,254.80999755859375,256.739990234375,251.64999389648438,253.0,13528020
2012-03-15 00:00:00+00:00,231.03158569335938,248.47999572753906,255.1999969482422,246.72000122070312,255.0,9495920
2012-03-16 00:00:00+00:00,226.1595458984375,243.24000549316406,255.89999389648438,240.69000244140625,246.89999389648438,14114215
2012-03-19 00:00:00+00:00,222.9518280029297,239.7899932861328,247.60000610351562,237.7100067138672,245.58999633789062,9065365
2012-03-20 00:00:00+00:00,220.60877990722656,237.27000427246094,244.25,236.02000427246094,240.0,10887380
2012-03-21 00:00:00+00:00,228.49331665039062,245.75,248.58999633789062,236.6300048828125,237.0,11350050
2012-03-22 00:00:00+00:00,218.77713012695312,235.3000030517578,248.66000366210938,233.82000732421875,247.0500030517578,10643525
2012-03-23 00:00:00+00:00,219.30706787109375,235.8699951171875,240.5,230.44000244140625,237.75999450683594,13980440
2012-03-26 00:00:00+00:00,209.22828674316406,225.02999877929688,234.97999572753906,224.0,234.97999572753906,11354425
2012-03-27 00:00:00+00:00,212.26864624023438,228.3000030517578,232.1999969482422,223.41000366210938,230.8000030517578,14738350
2012-03-28 00:00:00+00:00,207.452392578125,223.1199951171875,227.57000732421875,221.64999389648438,226.0,9845400
2012-03-29 00:00:00+00:00,208.65182495117188,224.41000366210938,227.52000427246094,219.0399932861328,219.6300048828125,13693150
2012-03-30 00:00:00+00:00,213.1426544189453,229.24000549316406,230.39999389648438,226.0,226.5,12982690
2012-04-02 00:00:00+00:00,214.74188232421875,230.9600067138672,232.3000030517578,225.1999969482422,225.1999969482422,8658330
2012-04-03 00:00:00+00:00,218.64694213867188,235.16000366210938,237.0,231.8000030517578,232.1999969482422,9639870
2012-04-04 00:00:00+00:00,216.94544982910156,233.3300018310547,234.75999450683594,231.07000732421875,232.1999969482422,7480375
2012-04-09 00:00:00+00:00,213.0961456298828,229.19000244140625,231.60000610351562,228.24000549316406,231.50999450683594,5116705
2012-04-10 00:00:00+00:00,214.50942993164062,230.7100067138672,231.89999389648438,227.9600067138672,230.89999389648438,5640610
2012-04-11 00:00:00+00:00,215.22535705566406,231.47999572753906,233.9199981689453,226.80999755859375,227.60000610351562,8573780
2012-04-12 00:00:00+00:00,222.49623107910156,239.3000030517578,240.52000427246094,232.67999267578125,232.67999267578125,9649565
2012-04-13 00:00:00+00:00,216.108642578125,232.42999267578125,243.38999938964844,231.22000122070312,241.1999969482422,11418680
2012-04-16 00:00:00+00:00,222.5613250732422,239.3699951171875,240.0,231.6199951171875,231.9600067138672,6362420
2012-04-17 00:00:00+00:00,225.3134765625,242.3300018310547,245.0,232.2899932861328,241.8000030517578,15690000
2012-04-18 00:00:00+00:00,222.4590301513672,239.25999450683594,245.3000030517578,237.82000732421875,244.0,7589085
2012-04-19 00:00:00+00:00,222.31954956054688,239.11000061035156,241.8800048828125,236.75999450683594,239.4600067138672,5992735
2012-04-20 00:00:00+00:00,218.89794921875,235.42999267578125,240.97000122070312,232.6300048828125,237.99000549316406,6775160
2012-04-23 00:00:00+00:00,210.95767211914062,226.88999938964844,237.67999267578125,225.39999389648438,235.60000610351562,7525865
2012-04-24 00:00:00+00:00,207.13626098632812,222.77999877929688,228.41000366210938,217.8000030517578,228.3800048828125,12742675
2012-04-25 00:00:00+00:00,203.5751953125,218.9499969482422,225.0,216.25,222.8000030517578,14089155
2012-04-26 00:00:00+00:00,202.06898498535156,217.3300018310547,219.7899932861328,215.22999572753906,219.1999969482422,10928690
2012-04-27 00:00:00+00:00,205.29531860351562,220.8000030517578,223.19000244140625,217.8000030517578,217.94000244140625,12637520
2012-04-30 00:00:00+00:00,205.84388732910156,221.38999938964844,225.94000244140625,219.64999389648438,224.07000732421875,8864860
2012-05-02 00:00:00+00:00,205.1558380126953,220.64999389648438,225.52999877929688,219.0,221.44000244140625,9652495
2012-05-03 00:00:00+00:00,196.79713439941406,211.66000366210938,218.8000030517578,210.8000030517578,218.8000030517578,11584715
2012-05-04 00:00:00+00:00,187.7689666748047,201.9499969482422,210.0399932861328,199.74000549316406,209.8000030517578,18512390
2012-05-07 00:00:00+00:00,190.14920043945312,204.50999450683594,205.94000244140625,193.75,198.0,15244255
2012-05-08 00:00:00+00:00,182.87831115722656,196.69000244140625,205.97999572753906,194.39999389648438,205.10000610351562,12006490
2012-05-09 00:00:00+00:00,178.7315216064453,192.22999572753906,196.3800048828125,191.0,194.05999755859375,12258880
2012-05-10 00:00:00+00:00,182.46920776367188,196.25,198.94000244140625,192.5500030517578,192.5500030517578,12281805
2012-05-11 00:00:00+00:00,185.9930877685547,200.0399932861328,201.8000030517578,193.41000366210938,194.6300048828125,12398320
2012-05-14 00:00:00+00:00,185.5189208984375,199.52999877929688,202.72000122070312,195.0,200.8000030517578,9917940
2012-05-15 00:00:00+00:00,184.7657928466797,198.72000122070312,201.2899932861328,196.60000610351562,197.60000610351562,8632690
2012-05-16 00:00:00+00:00,180.6375274658203,194.27999877929688,196.38999938964844,192.02000427246094,194.02000427246094,9992800
2012-05-17 00:00:00+00:00,176.8998565673828,190.25999450683594,197.5800018310547,188.8800048828125,195.8800048828125,10432440
2012-05-18 00:00:00+00:00,176.54653930664062,189.8800048828125,191.0800018310547,184.39999389648438,186.7899932861328,15232940
2012-05-21 00:00:00+00:00,179.1219940185547,192.64999389648438,193.75999450683594,190.02999877929688,190.1999969482422,11548055
2012-05-22 00:00:00+00:00,179.54971313476562,193.11000061035156,196.60000610351562,191.72999572753906,195.8000030517578,9519610
2012-05-23 00:00:00+00:00,179.15921020507812,192.69000244140625,193.9199981689453,190.3000030517578,192.0,6635220
2012-05-24 00:00:00+00:00,185.54681396484375,199.55999755859375,199.9600067138672,192.5500030517578,194.10000610351562,10528230
2012-05-25 00:00:00+00:00,186.03030395507812,200.0800018310547,202.39999389648438,198.47999572753906,199.60000610351562,9048690
2012-05-28 00:00:00+00:00,191.42298889160156,205.8800048828125,206.39999389648438,200.8000030517578,200.8000030517578,8687640
2012-05-29 00:00:00+00:00,190.41885375976562,204.8000030517578,207.60000610351562,203.8800048828125,206.60000610351562,6617815
2012-05-30 00:00:00+00:00,186.10467529296875,200.16000366210938,203.36000061035156,199.25999450683594,203.36000061035156,4990380
2012-05-31 00:00:00+00:00,180.5538787841797,194.19000244140625,198.16000366210938,192.80999755859375,197.1199951171875,12291025
2012-06-01 00:00:00+00:00,179.36376953125,192.91000366210938,197.0,191.39999389648438,193.9600067138672,7956805
2012-06-04 00:00:00+00:00,183.72445678710938,197.60000610351562,199.0800018310547,188.82000732421875,191.10000610351562,7844875
2012-06-05 00:00:00+00:00,184.03128051757812,197.92999267578125,202.3800048828125,196.80999755859375,199.0800018310547,9648500
2012-06-06 00:00:00+00:00,189.74012756347656,204.07000732421875,205.60000610351562,199.60000610351562,199.8000030517578,9709670
2012-06-07 00:00:00+00:00,196.573974609375,211.4199981689453,212.39999389648438,203.7100067138672,206.22000122070312,13992220
2012-06-08 00:00:00+00:00,195.14212036132812,209.8800048828125,211.55999755859375,204.25999450683594,211.55999755859375,9826365
2012-06-11 00:00:00+00:00,192.80838012695312,207.3699951171875,214.39999389648438,206.2100067138672,212.02000427246094,9668225
2012-06-12 00:00:00+00:00,196.66697692871094,211.52000427246094,212.27999877929688,205.42999267578125,205.6199951171875,9496080
2012-06-13 00:00:00+00:00,194.2588348388672,208.92999267578125,212.60000610351562,208.0,212.0,12025830
2012-06-14 00:00:00+00:00,191.31280517578125,202.61000061035156,207.5,201.14999389648438,206.38999938964844,8652655
2012-06-15 00:00:00+00:00,194.99534606933594,206.50999450683594,207.6699981689453,202.0,204.1999969482422,8676880
2012-06-18 00:00:00+00:00,188.87664794921875,200.02999877929688,210.16000366210938,198.0,209.97999572753906,11568040
2012-06-19 00:00:00+00:00,189.1410369873047,200.30999755859375,200.97999572753906,196.57000732421875,199.0,9605275
2012-06-20 00:00:00+00:00,188.9899444580078,200.14999389648438,203.0,198.86000061035156,200.52000427246094,7306450
2012-06-21 00:00:00+00:00,193.6544952392578,205.08999633789062,205.77999877929688,198.0500030517578,198.2100067138672,8771305
2012-06-22 00:00:00+00:00,191.54885864257812,202.86000061035156,204.39999389648438,199.50999450683594,201.1999969482422,10058440
2012-06-25 00:00:00+00:00,191.17115783691406,202.4600067138672,206.85000610351562,201.3300018310547,204.0,10837585
2012-06-26 00:00:00+00:00,189.36766052246094,200.5500030517578,203.39999389648438,199.33999633789062,201.5,7324135
2012-06-27 00:00:00+00:00,189.0277557373047,200.19000244140625,203.17999267578125,199.6199951171875,201.83999633789062,7444060
2012-06-28 00:00:00+00:00,184.80697631835938,195.72000122070312,198.1999969482422,193.60000610351562,196.1999969482422,28294940
2012-06-29 00:00:00+00:00,191.82269287109375,203.14999389648438,203.6199951171875,197.4199981689453,198.94000244140625,16596540
2012-07-02 00:00:00+00:00,194.381591796875,205.86000061035156,207.75,203.14999389648438,204.25,10256415
2012-07-03 00:00:00+00:00,197.1671142578125,208.80999755859375,210.0,206.58999633789062,206.58999633789062,8699560
2012-07-04 00:00:00+00:00,196.66664123535156,208.27999877929688,210.36000061035156,207.0399932861328,210.3000030517578,8217360
2012-07-05 00:00:00+00:00,197.15765380859375,208.8000030517578,209.89999389648438,206.3000030517578,208.0,16200755
2012-07-06 00:00:00+00:00,195.9301300048828,207.5,209.5399932861328,205.60000610351562,209.5399932861328,7393060
2012-07-09 00:00:00+00:00,195.6185302734375,207.1699981689453,208.5,205.0,205.75999450683594,10751920
2012-07-10 00:00:00+00:00,203.06858825683594,215.05999755859375,215.8000030517578,207.25999450683594,207.39999389648438,15596340
2012-07-11 00:00:00+00:00,201.4445037841797,213.33999633789062,216.27999877929688,212.52000427246094,213.6199951171875,9514675
2012-07-12 00:00:00+00:00,197.8752899169922,209.55999755859375,211.97999572753906,208.60000610351562,211.97999572753906,10646670
2012-07-13 00:00:00+00:00,195.40135192871094,206.94000244140625,212.39999389648438,206.1199951171875,210.60000610351562,10086840
2012-07-16 00:00:00+00:00,197.59201049804688,209.25999450683594,211.60000610351562,206.25,206.25,9258130
2012-07-17 00:00:00+00:00,193.34291076660156,204.75999450683594,212.1999969482422,202.47000122070312,211.9199981689453,21296165
2012-07-18 00:00:00+00:00,196.07177734375,207.64999389648438,208.32000732421875,204.50999450683594,206.02000427246094,11002950
2012-07-19 00:00:00+00:00,199.62213134765625,211.41000366210938,213.30999755859375,209.0399932861328,210.16000366210938,9572900
2012-07-20 00:00:00+00:00,196.5533447265625,208.16000366210938,211.74000549316406,207.60000610351562,211.3800048828125,8901345
2012-07-23 00:00:00+00:00,194.05108642578125,205.50999450683594,207.39999389648438,204.6999969482422,206.0,5149235
2012-07-24 00:00:00+00:00,196.65721130371094,208.27000427246094,209.0,206.02000427246094,206.50999450683594,7008590
2012-07-25 00:00:00+00:00,194.26829528808594,205.74000549316406,208.10000610351562,203.22000122070312,207.97999572753906,5959570
2012-07-26 00:00:00+00:00,189.26382446289062,200.44000244140625,206.99000549316406,199.39999389648438,206.99000549316406,11539130
2012-07-27 00:00:00+00:00,188.31008911132812,199.42999267578125,207.52000427246094,198.33999633789062,205.36000061035156,12318195
2012-07-30 00:00:00+00:00,196.4683380126953,208.07000732421875,209.39999389648438,201.39999389648438,201.39999389648438,10874280
2012-07-31 00:00:00+00:00,197.1859893798828,208.8300018310547,211.36000061035156,204.39999389648438,209.0500030517578,11655040
2012-08-01 00:00:00+00:00,197.5353546142578,209.1999969482422,210.0,207.1999969482422,208.0500030517578,7583340
2012-08-02 00:00:00+00:00,199.89593505859375,211.6999969482422,212.22000122070312,208.39999389648438,209.02000427246094,7235835
2012-08-03 00:00:00+00:00,196.61000061035156,208.22000122070312,210.2100067138672,206.39999389648438,210.02999877929688,6171495
2012-08-06 00:00:00+00:00,200.8590850830078,212.72000122070312,214.61000061035156,210.9199981689453,211.0,8000505
2012-08-07 00:00:00+00:00,206.09014892578125,218.25999450683594,219.0,213.1999969482422,213.60000610351562,12126120
2012-08-08 00:00:00+00:00,207.1099395751953,219.33999633789062,221.94000244140625,218.1300048828125,220.0,11818400
2012-08-09 00:00:00+00:00,205.31590270996094,217.44000244140625,221.9600067138672,216.02000427246094,220.39999389648438,8039130
2012-08-10 00:00:00+00:00,202.0677032470703,214.0,218.17999267578125,208.1699981689453,217.60000610351562,10717570
2012-08-13 00:00:00+00:00,204.11672973632812,216.1699981689453,217.0,210.47999572753906,213.8000030517578,7664460
2012-08-14 00:00:00+00:00,209.09288024902344,221.44000244140625,222.0,215.10000610351562,215.60000610351562,8331825
2012-08-16 00:00:00+00:00,210.3675994873047,222.7899932861328,224.39999389648438,221.5399932861328,223.0,10236065
2012-08-17 00:00:00+00:00,209.65940856933594,222.0399932861328,224.32000732421875,220.47999572753906,223.0,8020800
2012-08-21 00:00:00+00:00,209.75381469726562,222.13999938964844,223.5399932861328,219.47999572753906,222.8000030517578,6542515
2012-08-22 00:00:00+00:00,209.2439422607422,221.60000610351562,223.97000122070312,220.02000427246094,221.2899932861328,5329760
2012-08-23 00:00:00+00:00,206.72280883789062,218.92999267578125,223.6999969482422,217.8000030517578,222.8000030517578,8007630
2012-08-24 00:00:00+00:00,203.096923828125,215.08999633789062,217.6300048828125,213.11000061035156,217.6199951171875,7820030
2012-08-27 00:00:00+00:00,196.23231506347656,207.82000732421875,216.0,207.0,216.0,11436240
2012-08-28 00:00:00+00:00,192.10595703125,203.4499969482422,208.39999389648438,201.4199981689453,208.39999389648438,15059105
2012-08-29 00:00:00+00:00,192.33258056640625,203.69000244140625,205.8000030517578,201.39999389648438,203.8000030517578,8429060
2012-08-30 00:00:00+00:00,191.35055541992188,202.64999389648438,205.42999267578125,200.80999755859375,204.0,13225880
2012-08-31 00:00:00+00:00,187.29977416992188,198.36000061035156,202.99000549316406,197.7100067138672,202.5800018310547,13678850
2012-09-03 00:00:00+00:00,184.61814880371094,195.52000427246094,201.66000366210938,194.88999938964844,199.6300048828125,13863565
2012-09-04 00:00:00+00:00,184.7503204345703,195.66000366210938,196.97999572753906,193.3699951171875,196.1999969482422,14720245
2012-09-05 00:00:00+00:00,175.6761474609375,186.0500030517578,193.6999969482422,185.4499969482422,193.39999389648438,26524400
2012-09-06 00:00:00+00:00,179.160400390625,189.74000549316406,191.3000030517578,185.6300048828125,186.39999389648438,17139790
2012-09-07 00:00:00+00:00,184.47645568847656,195.3699951171875,195.9600067138672,192.05999755859375,193.72000122070312,14688120
2012-09-10 00:00:00+00:00,179.9630126953125,190.58999633789062,196.8000030517578,190.02999877929688,196.0,8453870
2012-09-11 00:00:00+00:00,179.94412231445312,190.57000732421875,192.16000366210938,188.1999969482422,189.0,12816035
2012-09-12 00:00:00+00:00,180.5389862060547,191.1999969482422,193.3000030517578,188.41000366210938,192.0,10010140
2012-09-13 00:00:00+00:00,179.03765869140625,189.61000061035156,191.97999572753906,188.91000366210938,191.77999877929688,8826270
2012-09-14 00:00:00+00:00,190.71791076660156,201.97999572753906,202.60000610351562,194.1999969482422,195.0,23582675
2012-09-17 00:00:00+00:00,199.7071075439453,211.5,212.1999969482422,204.39999389648438,206.2899932861328,29419030
2012-09-18 00:00:00+00:00,202.70977783203125,214.67999267578125,217.08999633789062,209.4199981689453,210.94000244140625,12796780
2012-09-20 00:00:00+00:00,197.23318481445312,208.8800048828125,211.75999450683594,207.72999572753906,209.9499969482422,8981695
2012-09-21 00:00:00+00:00,212.38824462890625,224.92999267578125,225.94000244140625,209.7899932861328,209.7899932861328,27714890
2012-09-24 00:00:00+00:00,213.8990478515625,226.52999877929688,234.89999389648438,224.0500030517578,224.0500030517578,21446715
2012-09-25 00:00:00+00:00,208.10140991210938,220.38999938964844,232.16000366210938,217.61000061035156,228.8000030517578,28696185
2012-09-26 00:00:00+00:00,212.7943115234375,225.36000061035156,227.1999969482422,217.0500030517578,219.49000549316406,18623900
2012-09-27 00:00:00+00:00,213.17198181152344,225.75999450683594,228.6699981689453,224.02000427246094,226.8000030517578,11615645
2012-09-28 00:00:00+00:00,214.53167724609375,227.1999969482422,230.17999267578125,226.1300048828125,228.39999389648438,8744000
2012-10-01 00:00:00+00:00,213.53079223632812,226.13999938964844,227.66000366210938,224.22999572753906,227.1999969482422,6400770
2012-10-03 00:00:00+00:00,210.26373291015625,222.67999267578125,227.1699981689453,221.7100067138672,226.13999938964844,12445650
2012-10-04 00:00:00+00:00,215.43817138671875,228.16000366210938,230.3699951171875,224.60000610351562,224.60000610351562,12199740
2012-10-05 00:00:00+00:00,215.8441925048828,228.58999633789062,232.3800048828125,201.6999969482422,231.14999389648438,13287830
2012-10-08 00:00:00+00:00,213.5780487060547,226.19000244140625,229.60000610351562,224.1999969482422,229.60000610351562,11953470
2012-10-09 00:00:00+00:00,213.096435546875,225.67999267578125,230.39999389648438,224.4199981689453,229.1999969482422,8426490
2012-10-10 00:00:00+00:00,209.01731872558594,221.36000061035156,224.8000030517578,220.4199981689453,223.97999572753906,8194840
2012-10-11 00:00:00+00:00,214.0973663330078,226.74000549316406,228.0,216.77000427246094,222.0,12209350
2012-10-12 00:00:00+00:00,211.45347595214844,223.94000244140625,228.72999572753906,223.0399932861328,227.0,9692445
2012-10-15 00:00:00+00:00,211.34019470214844,223.82000732421875,225.1999969482422,221.72000122070312,225.0,9170700
2012-10-16 00:00:00+00:00,216.4012908935547,229.17999267578125,233.94000244140625,226.6999969482422,226.6999969482422,22505645
2012-10-17 00:00:00+00:00,217.92149353027344,230.7899932861328,231.89999389648438,225.0399932861328,231.0,13223790
2012-10-18 00:00:00+00:00,227.06178283691406,240.47000122070312,241.8000030517578,229.61000061035156,231.4499969482422,20695375
2012-10-19 00:00:00+00:00,227.0428924560547,240.4499969482422,242.16000366210938,237.1999969482422,240.0,13450145
2012-10-22 00:00:00+00:00,231.1031494140625,244.75,245.60000610351562,237.91000366210938,238.8000030517578,11375225
2012-10-23 00:00:00+00:00,230.81988525390625,244.4499969482422,245.77999877929688,242.6999969482422,243.8000030517578,6904275
2012-10-25 00:00:00+00:00,233.80368041992188,247.61000061035156,248.60000610351562,243.60000610351562,243.97999572753906,9288430
2012-10-29 00:00:00+00:00,230.72544860839844,244.35000610351562,247.94000244140625,242.5500030517578,246.39999389648438,5747140
2012-10-30 00:00:00+00:00,223.72860717773438,236.94000244140625,247.77999877929688,234.35000610351562,244.60000610351562,13696330
2012-10-31 00:00:00+00:00,223.33203125,236.52000427246094,237.3800048828125,233.11000061035156,236.88999938964844,8902660
2012-11-01 00:00:00+00:00,227.96826171875,241.42999267578125,241.9499969482422,235.39999389648438,236.60000610351562,6772515
2012-11-02 00:00:00+00:00,229.545166015625,243.10000610351562,245.60000610351562,242.5,245.5399932861328,7623680
2012-11-05 00:00:00+00:00,229.30911254882812,242.85000610351562,243.75,240.10000610351562,242.8800048828125,4700380
2012-11-06 00:00:00+00:00,230.4232940673828,244.02999877929688,244.88999938964844,241.07000732421875,242.39999389648438,5593160
2012-11-07 00:00:00+00:00,232.6706085205078,246.41000366210938,248.74000549316406,243.0,243.0,9230880
2012-11-08 00:00:00+00:00,230.8670654296875,244.5,245.97999572753906,242.2899932861328,243.1999969482422,6287305
2012-11-09 00:00:00+00:00,229.46958923339844,243.02000427246094,246.58999633789062,241.55999755859375,244.5,4906055
2012-11-12 00:00:00+00:00,231.613037109375,245.2899932861328,246.97999572753906,243.02000427246094,243.8000030517578,4857270
2012-11-15 00:00:00+00:00,232.70835876464844,246.4499969482422,248.0,242.1999969482422,242.8000030517578,9869410
2012-11-16 00:00:00+00:00,231.57525634765625,245.25,248.72999572753906,244.3800048828125,247.83999633789062,9909415
2012-11-19 00:00:00+00:00,229.31854248046875,242.86000061035156,246.0,240.55999755859375,245.3000030517578,6435810
2012-11-20 00:00:00+00:00,230.19667053222656,243.7899932861328,246.52999877929688,242.74000549316406,244.9199981689453,12283860
2012-11-21 00:00:00+00:00,233.4826202392578,247.27000427246094,248.16000366210938,243.69000244140625,244.0,5702200
2012-11-22 00:00:00+00:00,237.39181518554688,251.41000366210938,253.8000030517578,248.49000549316406,248.60000610351562,8264615
2012-11-23 00:00:00+00:00,237.33514404296875,251.35000610351562,252.5800018310547,249.0,252.5800018310547,4880425
2012-11-26 00:00:00+00:00,239.04421997070312,253.16000366210938,254.3300018310547,249.4199981689453,252.39999389648438,6760640
2012-11-27 00:00:00+00:00,243.623779296875,258.010009765625,258.79998779296875,253.69000244140625,254.39999389648438,8189415
2012-11-29 00:00:00+00:00,247.42910766601562,262.0400085449219,262.79998779296875,258.0,258.2200012207031,13236165
2012-11-30 00:00:00+00:00,249.26092529296875,263.9800109863281,264.9200134277344,260.0299987792969,262.79998779296875,8969560
2012-12-03 00:00:00+00:00,249.5819854736328,264.32000732421875,264.9800109863281,260.8999938964844,262.79998779296875,6817330
2012-12-04 00:00:00+00:00,249.6763916015625,264.4200134277344,265.67999267578125,261.8500061035156,264.32000732421875,4634285
2012-12-05 00:00:00+00:00,252.05580139160156,266.94000244140625,268.0,265.0400085449219,265.0400085449219,6240190
2012-12-06 00:00:00+00:00,257.6080017089844,272.82000732421875,275.79998779296875,266.20001220703125,268.5,7402840
2012-12-07 00:00:00+00:00,250.93223571777344,265.75,274.0,264.239990234375,273.6000061035156,10243690
2012-12-10 00:00:00+00:00,249.81800842285156,264.57000732421875,267.1600036621094,263.04998779296875,265.0199890136719,8133650
2012-12-11 00:00:00+00:00,250.29954528808594,265.0799865722656,267.9800109863281,262.0199890136719,265.6199951171875,8021425
2012-12-12 00:00:00+00:00,250.47901916503906,265.2699890136719,266.0799865722656,262.4100036621094,265.989990234375,6807245
2012-12-13 00:00:00+00:00,250.2901611328125,265.07000732421875,269.29998779296875,263.0199890136719,265.6000061035156,8675145
2012-12-14 00:00:00+00:00,255.4551239013672,270.5400085449219,271.3800048828125,264.8900146484375,265.6000061035156,5829215
2012-12-17 00:00:00+00:00,256.6542663574219,271.80999755859375,273.19000244140625,269.010009765625,270.20001220703125,8335590
2012-12-18 00:00:00+00:00,255.69114685058594,270.7900085449219,272.6600036621094,264.0400085449219,271.6199951171875,8858360
2012-12-19 00:00:00+00:00,252.09364318847656,266.9800109863281,272.4800109863281,265.6499938964844,272.0,8422430
2012-12-20 00:00:00+00:00,249.015380859375,263.7200012207031,267.989990234375,261.4200134277344,267.6000061035156,7300910
2012-12-21 00:00:00+00:00,249.51585388183594,264.25,268.32000732421875,261.3999938964844,262.0,8412495
2012-12-24 00:00:00+00:00,253.5572052001953,268.5299987792969,269.0,264.4100036621094,264.4100036621094,4552520
2012-12-26 00:00:00+00:00,255.3135223388672,270.3900146484375,271.8800048828125,268.3399963378906,268.989990234375,5017515
2012-12-27 00:00:00+00:00,257.645751953125,272.8599853515625,274.9700012207031,270.5899963378906,270.79998779296875,9467615
2012-12-28 00:00:00+00:00,256.748779296875,271.9100036621094,272.989990234375,269.6199951171875,272.79998779296875,6092510
2012-12-31 00:00:00+00:00,256.1822204589844,271.30999755859375,273.8999938964844,270.54998779296875,270.6000061035156,3290620
2013-01-01 00:00:00+00:00,257.3435974121094,272.5400085449219,274.29998779296875,272.1000061035156,273.94000244140625,3343610
2013-01-02 00:00:00+00:00,261.90435791015625,277.3699951171875,278.8800048828125,273.3299865722656,274.2300109863281,7168225
2013-01-03 00:00:00+00:00,262.4897155761719,277.989990234375,279.29998779296875,276.6499938964844,278.79998779296875,4750195
2013-01-04 00:00:00+00:00,260.41241455078125,275.7900085449219,277.3900146484375,274.0,276.489990234375,6262900
2013-01-07 00:00:00+00:00,259.2604064941406,274.57000732421875,277.5400085449219,273.1000061035156,277.0,5715850
2013-01-08 00:00:00+00:00,256.8903503417969,272.05999755859375,273.79998779296875,268.6099853515625,273.760009765625,6090610
2013-01-09 00:00:00+00:00,254.8791046142578,269.92999267578125,272.3900146484375,268.82000732421875,270.45001220703125,7885125
2013-01-10 00:00:00+00:00,258.3445129394531,273.6000061035156,275.3599853515625,269.1000061035156,271.79998779296875,6859365
2013-01-11 00:00:00+00:00,257.6080017089844,272.82000732421875,274.80999755859375,271.25,274.4200134277344,6571215
2013-01-14 00:00:00+00:00,261.7626647949219,277.2200012207031,278.17999267578125,272.30999755859375,273.4200134277344,6571910
2013-01-15 00:00:00+00:00,268.97662353515625,284.8599853515625,286.20001220703125,278.0,278.79998779296875,16987060
2013-01-16 00:00:00+00:00,266.17230224609375,281.8900146484375,286.0,280.6300048828125,286.0,11828785
2013-01-17 00:00:00+00:00,265.5963134765625,281.2799987792969,283.79998779296875,278.82000732421875,282.25,7200690
2013-01-18 00:00:00+00:00,262.13092041015625,277.6099853515625,283.1000061035156,276.0400085449219,282.0,7017900
2013-01-21 00:00:00+00:00,261.6399230957031,277.0899963378906,278.3399963378906,274.1499938964844,277.0299987792969,3664365
2013-01-22 00:00:00+00:00,263.1412658691406,278.67999267578125,281.1600036621094,276.0799865722656,277.0,5190575
2013-01-23 00:00:00+00:00,264.08551025390625,279.67999267578125,281.3999938964844,276.0899963378906,280.3999938964844,6408855
2013-01-24 00:00:00+00:00,263.68896484375,279.260009765625,281.79998779296875,277.30999755859375,280.239990234375,9840850
2013-01-25 00:00:00+00:00,261.7909851074219,277.25,280.3599853515625,275.9800109863281,278.6000061035156,8283305
2013-01-28 00:00:00+00:00,266.8332214355469,282.5899963378906,286.7799987792969,275.1700134277344,276.20001220703125,18608065
2013-01-29 00:00:00+00:00,278.6362609863281,295.0899963378906,300.7099914550781,283.20001220703125,283.260009765625,45463865
2013-01-30 00:00:00+00:00,283.508544921875,300.25,303.2099914550781,295.3599853515625,295.5,24852050
2013-01-31 00:00:00+00:00,284.2450866699219,301.0299987792969,302.0,297.989990234375,298.9800109863281,13102855
2013-02-01 00:00:00+00:00,285.0948486328125,301.92999267578125,303.0,297.32000732421875,300.2200012207031,7404405
2013-02-04 00:00:00+00:00,279.0611877441406,295.5400085449219,303.0,295.0,301.6000061035156,5841720
2013-02-05 00:00:00+00:00,275.5580139160156,291.8299865722656,297.70001220703125,290.6199951171875,294.05999755859375,8722175
2013-02-06 00:00:00+00:00,275.7373962402344,292.0199890136719,294.0,291.2300109863281,293.57000732421875,6597650
2013-02-07 00:00:00+00:00,275.8224182128906,292.1099853515625,296.3999938964844,291.20001220703125,291.4200134277344,8690950
2013-02-08 00:00:00+00:00,273.98114013671875,290.1600036621094,294.1700134277344,289.1099853515625,291.79998779296875,11111940
2013-02-11 00:00:00+00:00,282.1583251953125,298.82000732421875,299.79998779296875,290.6499938964844,290.6499938964844,26647505
2013-02-12 00:00:00+00:00,280.0526123046875,296.5899963378906,300.8800048828125,294.3999938964844,299.20001220703125,10861285
2013-02-13 00:00:00+00:00,279.0328674316406,295.510009765625,298.5299987792969,294.5899963378906,297.0199890136719,4442120
2013-02-14 00:00:00+00:00,270.48748779296875,286.4599914550781,296.8500061035156,285.0,296.25,13542895
2013-02-15 00:00:00+00:00,273.6978454589844,289.8599853515625,290.9700012207031,284.0199890136719,286.3999938964844,8538210
2013-02-18 00:00:00+00:00,270.4402160644531,286.4100036621094,289.79998779296875,285.0,289.79998779296875,5429680
2013-02-19 00:00:00+00:00,271.82830810546875,287.8800048828125,289.1499938964844,285.0,287.010009765625,3680465
2013-02-20 00:00:00+00:00,271.82830810546875,287.8800048828125,290.94000244140625,287.1099853515625,289.3800048828125,3343455
2013-02-21 00:00:00+00:00,265.29412841796875,280.9599914550781,286.9200134277344,279.79998779296875,284.4200134277344,8804450
2013-02-22 00:00:00+00:00,266.6349182128906,282.3800048828125,284.3999938964844,280.82000732421875,281.0400085449219,5496945
2013-02-25 00:00:00+00:00,264.6048278808594,280.2300109863281,283.2799987792969,278.5400085449219,281.4700012207031,6046380
2013-02-26 00:00:00+00:00,258.29730224609375,273.54998779296875,280.20001220703125,272.1000061035156,280.20001220703125,5333690
2013-02-27 00:00:00+00:00,264.3876953125,280.0,282.0,273.7200012207031,273.7200012207031,7968095
2013-02-28 00:00:00+00:00,253.8404541015625,268.8299865722656,283.3999938964844,266.7900085449219,282.1499938964844,13401880
2013-03-01 00:00:00+00:00,257.532470703125,272.739990234375,275.6000061035156,263.7699890136719,269.0,13593630
2013-03-04 00:00:00+00:00,258.51446533203125,273.7799987792969,276.6700134277344,269.4100036621094,271.69000244140625,7328045
2013-03-05 00:00:00+00:00,264.991943359375,280.6400146484375,281.75,274.94000244140625,275.0,7799155
2013-03-06 00:00:00+00:00,264.7936706542969,280.42999267578125,282.989990234375,278.0,282.1000061035156,8063055
2013-03-07 00:00:00+00:00,265.0108642578125,280.6600036621094,281.3399963378906,276.70001220703125,278.010009765625,5472035
2013-03-08 00:00:00+00:00,265.7096252441406,281.3999938964844,283.6000061035156,280.4800109863281,282.0,5903450
2013-03-11 00:00:00+00:00,264.6142578125,280.239990234375,285.5400085449219,278.3500061035156,282.20001220703125,8740050
2013-03-12 00:00:00+00:00,261.5077819824219,276.95001220703125,280.3800048828125,275.6000061035156,279.79998779296875,5098545
2013-03-13 00:00:00+00:00,254.3220672607422,269.3399963378906,275.6000061035156,267.2099914550781,275.0,8087885
2013-03-14 00:00:00+00:00,255.47396850585938,270.55999755859375,273.0,259.79998779296875,268.6000061035156,18084215
2013-03-15 00:00:00+00:00,253.02845764160156,267.9700012207031,272.79998779296875,263.3999938964844,269.239990234375,16501410
2013-03-18 00:00:00+00:00,250.242919921875,265.0199890136719,267.2799987792969,259.79998779296875,262.6000061035156,11670100
2013-03-19 00:00:00+00:00,249.56304931640625,264.29998779296875,267.3299865722656,256.2799987792969,265.20001220703125,11476595
2013-03-20 00:00:00+00:00,245.36117553710938,259.8500061035156,264.20001220703125,258.19000244140625,262.3999938964844,7643165
2013-03-21 00:00:00+00:00,247.71237182617188,262.3399963378906,267.79998779296875,256.3999938964844,260.25,8629120
2013-03-22 00:00:00+00:00,245.5122833251953,260.010009765625,265.4800109863281,258.5,262.6000061035156,6679940
2013-03-25 00:00:00+00:00,247.26853942871094,261.8699951171875,266.8900146484375,260.010009765625,263.6000061035156,7280340
2013-03-26 00:00:00+00:00,244.4075164794922,258.8399963378906,261.0,257.4200134277344,260.9800109863281,6651170
2013-03-28 00:00:00+00:00,245.635009765625,260.1400146484375,262.239990234375,255.41000366210938,259.6000061035156,6827560
2013-04-01 00:00:00+00:00,248.31668090820312,262.9800109863281,263.70001220703125,259.20001220703125,260.25,4906715
2013-04-02 00:00:00+00:00,245.7577667236328,260.2699890136719,264.0,258.6199951171875,263.9800109863281,5734520
2013-04-03 00:00:00+00:00,241.37648010253906,255.6300048828125,263.20001220703125,254.24000549316406,260.3800048828125,8463625
2013-04-04 00:00:00+00:00,234.8990020751953,248.77000427246094,254.0,248.02000427246094,253.1999969482422,6417705
2013-04-05 00:00:00+00:00,232.19845581054688,245.91000366210938,249.8699951171875,243.44000244140625,248.08999633789062,6484050
2013-04-08 00:00:00+00:00,227.22227478027344,240.63999938964844,247.60000610351562,239.60000610351562,245.3000030517578,4864420
2013-04-09 00:00:00+00:00,227.22227478027344,240.63999938964844,247.9600067138672,239.75999450683594,242.07000732421875,7490495
2013-04-10 00:00:00+00:00,234.0397491455078,247.86000061035156,248.57000732421875,240.0,242.9600067138672,10046765
2013-04-11 00:00:00+00:00,236.46641540527344,250.42999267578125,250.97999572753906,246.1999969482422,249.30999755859375,9714180
2013-04-12 00:00:00+00:00,238.7609405517578,252.86000061035156,255.39999389648438,246.89999389648438,248.0,7911225
2013-04-15 00:00:00+00:00,244.4075164794922,258.8399963378906,262.2699890136719,250.8000030517578,251.1999969482422,7689700
2013-04-16 00:00:00+00:00,257.4569396972656,272.6600036621094,273.79998779296875,256.54998779296875,257.29998779296875,11987860
2013-04-17 00:00:00+00:00,260.0819396972656,275.44000244140625,290.0,273.2300109863281,274.3599853515625,9186545
2013-04-18 00:00:00+00:00,269.9398193359375,285.8800048828125,287.3800048828125,271.0,273.94000244140625,11300880
2013-04-22 00:00:00+00:00,272.1587829589844,288.2300109863281,296.79998779296875,286.8399963378906,287.1000061035156,13252895
2013-04-23 00:00:00+00:00,272.8479919433594,288.9599914550781,291.0199890136719,282.6300048828125,289.0,7340650
2013-04-25 00:00:00+00:00,283.9145202636719,300.67999267578125,304.0,290.6000061035156,294.20001220703125,19391755
2013-04-26 00:00:00+00:00,280.6946716308594,297.2699890136719,299.9800109863281,293.4200134277344,298.0,10489965
2013-04-29 00:00:00+00:00,278.62677001953125,295.0799865722656,297.20001220703125,292.04998779296875,297.20001220703125,6561785
2013-04-30 00:00:00+00:00,281.8938903808594,298.5400085449219,300.20001220703125,291.6000061035156,297.3999938964844,9010945
2013-05-02 00:00:00+00:00,286.2940979003906,303.20001220703125,305.75,296.7900085449219,297.0199890136719,10775590
2013-05-03 00:00:00+00:00,278.51348876953125,294.9599914550781,302.6000061035156,293.3999938964844,302.6000061035156,9326475
2013-05-06 00:00:00+00:00,275.6713562011719,291.95001220703125,294.3699951171875,289.0,293.3999938964844,6739100
2013-05-07 00:00:00+00:00,284.0184326171875,300.7900085449219,301.3999938964844,291.82000732421875,292.3999938964844,7357170
2013-05-08 00:00:00+00:00,281.3273620605469,297.94000244140625,302.80999755859375,294.1499938964844,301.20001220703125,4865505
2013-05-09 00:00:00+00:00,274.6138000488281,290.8299865722656,297.6000061035156,289.5199890136719,297.6000061035156,15607600
2013-05-10 00:00:00+00:00,277.58819580078125,293.9800109863281,294.94000244140625,289.20001220703125,290.0,7711835
2013-05-13 00:00:00+00:00,274.2077331542969,290.3999938964844,299.6000061035156,289.2200012207031,293.0,10233900
2013-05-14 00:00:00+00:00,277.13494873046875,293.5,294.3800048828125,289.0199890136719,291.0,6341930
2013-05-15 00:00:00+00:00,284.9154357910156,301.739990234375,302.989990234375,293.6000061035156,293.6000061035156,8367595
2013-05-16 00:00:00+00:00,289.10791015625,306.17999267578125,308.0,300.2900085449219,300.4599914550781,5787370
2013-05-17 00:00:00+00:00,289.9294128417969,307.04998779296875,308.19000244140625,303.0,306.0,6127865
2013-05-20 00:00:00+00:00,288.8812561035156,305.94000244140625,309.9800109863281,304.9100036621094,307.739990234375,7109685
2013-05-21 00:00:00+00:00,287.15325927734375,304.1099853515625,309.0,303.0,305.04998779296875,4457135
2013-05-22 00:00:00+00:00,285.7180480957031,302.5899963378906,306.20001220703125,299.6199951171875,305.3999938964844,4430345
2013-05-23 00:00:00+00:00,274.8121032714844,291.0400085449219,300.57000732421875,289.4800109863281,297.0199890136719,17628985
2013-05-24 00:00:00+00:00,275.9451599121094,292.239990234375,296.3500061035156,287.1099853515625,293.3999938964844,11354170
2013-05-27 00:00:00+00:00,279.14617919921875,295.6300048828125,297.6000061035156,289.0,292.0,5079820
2013-05-28 00:00:00+00:00,277.3237609863281,293.70001220703125,296.739990234375,291.6099853515625,295.1000061035156,6338635
2013-05-29 00:00:00+00:00,275.6430358886719,291.9200134277344,293.79998779296875,288.70001220703125,293.79998779296875,4984010
2013-05-30 00:00:00+00:00,270.5629577636719,286.5400085449219,292.8800048828125,283.6300048828125,289.8599853515625,19729175
2013-05-31 00:00:00+00:00,270.156982421875,286.1099853515625,287.7300109863281,282.20001220703125,285.0,6939990
2013-06-03 00:00:00+00:00,270.2136535644531,286.1700134277344,287.6000061035156,282.0,284.79998779296875,5639100
2013-06-04 00:00:00+00:00,263.5284118652344,279.0899963378906,288.79998779296875,277.3999938964844,286.0,6481315
2013-06-05 00:00:00+00:00,261.0355529785156,276.45001220703125,279.8800048828125,272.4200134277344,278.0,10525180
2013-06-06 00:00:00+00:00,267.80584716796875,283.6199951171875,285.55999755859375,273.6499938964844,275.79998779296875,7218255
2013-06-07 00:00:00+00:00,260.2801818847656,275.6499938964844,284.3900146484375,273.82000732421875,282.79998779296875,16958990
2013-06-10 00:00:00+00:00,255.9366912841797,271.04998779296875,277.8699951171875,269.6400146484375,277.20001220703125,7101745
2013-06-11 00:00:00+00:00,249.78968811035156,264.5400085449219,269.0,262.57000732421875,269.0,10709250
2013-06-12 00:00:00+00:00,240.67774963378906,254.88999938964844,262.79998779296875,253.30999755859375,262.3999938964844,16756695
2013-06-13 00:00:00+00:00,239.96014404296875,254.1300048828125,258.44000244140625,251.47999572753906,254.0,9278645
2013-06-14 00:00:00+00:00,245.12510681152344,259.6000061035156,262.0799865722656,256.3599853515625,256.8399963378906,9145290
2013-06-17 00:00:00+00:00,248.53384399414062,263.2099914550781,264.2099914550781,253.80999755859375,260.4200134277344,9148855
2013-06-18 00:00:00+00:00,242.9722442626953,257.32000732421875,262.94000244140625,256.79998779296875,262.3500061035156,7215030
2013-06-19 00:00:00+00:00,242.6795654296875,257.010009765625,257.8999938964844,253.39999389648438,257.3900146484375,7633795
2013-06-20 00:00:00+00:00,234.13417053222656,247.9600067138672,253.1999969482422,246.39999389648438,252.8000030517578,9339930
2013-06-21 00:00:00+00:00,237.89222717285156,251.94000244140625,253.88999938964844,244.7899932861328,245.80999755859375,11567800
2013-06-24 00:00:00+00:00,234.7479248046875,248.61000061035156,251.75999450683594,246.8699951171875,249.86000061035156,8864770
2013-06-25 00:00:00+00:00,232.55728149414062,246.2899932861328,250.8000030517578,241.5800018310547,250.1999969482422,17111600
2013-06-26 00:00:00+00:00,235.75823974609375,249.67999267578125,252.83999633789062,247.22000122070312,247.22000122070312,13302520
2013-06-27 00:00:00+00:00,240.79104614257812,255.00999450683594,257.0,252.74000549316406,252.8000030517578,11566105
2013-06-28 00:00:00+00:00,250.26181030273438,265.0400085449219,266.3999938964844,257.5,258.3999938964844,7250955
2013-07-01 00:00:00+00:00,254.71861267089844,269.760009765625,270.7799987792969,264.010009765625,264.79998779296875,5323995
2013-07-02 00:00:00+00:00,247.10806274414062,261.70001220703125,270.9800109863281,260.92999267578125,268.4200134277344,5683025
2013-07-03 00:00:00+00:00,241.31983947753906,255.57000732421875,260.4100036621094,254.22000122070312,258.2900085449219,6367035
2013-07-04 00:00:00+00:00,238.8836669921875,252.99000549316406,258.6000061035156,251.82000732421875,256.4200134277344,9497150
2013-07-05 00:00:00+00:00,246.7574005126953,257.6099853515625,260.2799987792969,253.8000030517578,254.36000061035156,5785940
2013-07-08 00:00:00+00:00,239.95651245117188,250.50999450683594,255.8000030517578,249.1999969482422,255.8000030517578,10780235
2013-07-09 00:00:00+00:00,242.21707153320312,252.8699951171875,255.4600067138672,252.0,253.0,4614270
2013-07-10 00:00:00+00:00,240.76113891601562,251.35000610351562,256.29998779296875,249.97000122070312,253.8000030517578,5341890
2013-07-11 00:00:00+00:00,246.699951171875,257.54998779296875,259.9800109863281,255.4499969482422,256.20001220703125,4593290
2013-07-12 00:00:00+00:00,247.4279022216797,258.30999755859375,259.70001220703125,254.1999969482422,259.20001220703125,5287195
2013-07-15 00:00:00+00:00,250.75169372558594,261.7799987792969,262.989990234375,256.489990234375,258.3999938964844,5449990
2013-07-16 00:00:00+00:00,235.79934692382812,246.1699981689453,254.0,245.2100067138672,254.0,9493130
2013-07-17 00:00:00+00:00,228.682373046875,238.74000549316406,247.1999969482422,235.52999877929688,247.19000244140625,17944220
2013-07-18 00:00:00+00:00,237.2074432373047,247.63999938964844,249.52000427246094,231.6199951171875,241.35000610351562,28548405
2013-07-19 00:00:00+00:00,228.3375244140625,238.3800048828125,250.60000610351562,237.0,250.0,18642230
2013-07-22 00:00:00+00:00,229.90846252441406,240.02000427246094,242.16000366210938,235.69000244140625,238.8000030517578,6446280
2013-07-23 00:00:00+00:00,230.43527221679688,240.57000732421875,243.9600067138672,239.41000366210938,243.9600067138672,5451370
2013-07-24 00:00:00+00:00,215.5499267578125,225.02999877929688,234.57000732421875,224.0,234.57000732421875,14788645
2013-07-25 00:00:00+00:00,215.9522247314453,225.4499969482422,228.9600067138672,222.39999389648438,222.80999755859375,21479325
2013-07-26 00:00:00+00:00,212.16864013671875,221.5,229.3699951171875,218.8699951171875,228.3800048828125,12108980
2013-07-29 00:00:00+00:00,210.39659118652344,219.64999389648438,224.1699981689453,218.49000549316406,220.4199981689453,8592030
2013-07-30 00:00:00+00:00,209.39083862304688,218.60000610351562,226.52000427246094,217.39999389648438,220.02000427246094,14577145
2013-07-31 00:00:00+00:00,198.1933135986328,206.91000366210938,217.8000030517578,203.11000061035156,217.8000030517578,24999165
2013-08-01 00:00:00+00:00,208.011474609375,217.16000366210938,218.5800018310547,205.02000427246094,208.8000030517578,25717725
2013-08-02 00:00:00+00:00,211.34486389160156,220.63999938964844,222.5,216.0,218.41000366210938,15682345
2013-08-05 00:00:00+00:00,215.3966827392578,224.8699951171875,225.8000030517578,214.72999572753906,222.0,14983120
2013-08-06 00:00:00+00:00,208.78736877441406,217.97000122070312,222.0,216.0500030517578,221.4600067138672,13055665
2013-08-07 00:00:00+00:00,204.7451629638672,213.75,218.47999572753906,211.16000366210938,217.6199951171875,16176110
2013-08-08 00:00:00+00:00,207.97317504882812,217.1199951171875,217.9600067138672,211.4199981689453,214.8000030517578,10922345
2013-08-12 00:00:00+00:00,205.07081604003906,214.08999633789062,219.97999572753906,210.22999572753906,218.60000610351562,9866865
2013-08-13 00:00:00+00:00,218.921630859375,228.5500030517578,231.8000030517578,209.82000732421875,213.3800048828125,14227315
2013-08-14 00:00:00+00:00,220.23391723632812,229.9199981689453,232.5,224.3000030517578,229.50999450683594,12402745
2013-08-16 00:00:00+00:00,200.95196533203125,209.7899932861328,222.8000030517578,208.0,222.8000030517578,16207615
2013-08-19 00:00:00+00:00,189.2755126953125,197.60000610351562,208.0,195.61000061035156,208.0,11262170
2013-08-20 00:00:00+00:00,187.99192810058594,196.25999450683594,201.4499969482422,188.60000610351562,190.6699981689453,17173380
2013-08-21 00:00:00+00:00,187.3501739501953,195.58999633789062,213.55999755859375,191.74000549316406,207.60000610351562,17473350
2013-08-22 00:00:00+00:00,185.76011657714844,193.92999267578125,202.0,190.0,193.6300048828125,15688855
2013-08-23 00:00:00+00:00,188.0302734375,196.3000030517578,198.1699981689453,190.64999389648438,195.6999969482422,15303680
2013-08-26 00:00:00+00:00,178.94964599609375,186.82000732421875,198.8699951171875,185.8699951171875,198.0,19895135
2013-08-27 00:00:00+00:00,168.13525390625,175.52999877929688,183.99000549316406,174.1999969482422,183.99000549316406,16500450
2013-08-28 00:00:00+00:00,160.52976989746094,167.58999633789062,170.8000030517578,156.8000030517578,170.27000427246094,51153445
2013-08-29 00:00:00+00:00,162.98191833496094,170.14999389648438,173.5,163.1999969482422,172.0,34666870
2013-08-30 00:00:00+00:00,159.57186889648438,166.58999633789062,178.22000122070312,163.72999572753906,169.6199951171875,85220080
2013-09-02 00:00:00+00:00,165.57777404785156,172.86000061035156,174.6999969482422,166.92999267578125,169.13999938964844,22843345
2013-09-03 00:00:00+00:00,149.97402954101562,156.57000732421875,174.85000610351562,154.27000427246094,173.60000610351562,29590015
2013-09-04 00:00:00+00:00,153.546875,160.3000030517578,163.39999389648438,152.67999267578125,156.55999755859375,29505260
2013-09-05 00:00:00+00:00,177.68524169921875,185.5,186.99000549316406,170.72999572753906,176.3300018310547,73632590
2013-09-06 00:00:00+00:00,182.45545959472656,190.47999572753906,192.58999633789062,182.11000061035156,186.52000427246094,48465115
2013-09-10 00:00:00+00:00,191.24871826171875,199.66000366210938,205.13999938964844,195.39999389648438,196.1999969482422,40783530
2013-09-11 00:00:00+00:00,197.26416015625,205.94000244140625,208.57000732421875,194.0399932861328,196.8000030517578,31007555
2013-09-12 00:00:00+00:00,195.39630126953125,203.99000549316406,208.10000610351562,200.82000732421875,207.97000122070312,33403740
2013-09-13 00:00:00+00:00,202.99220275878906,211.9199981689453,214.60000610351562,200.0500030517578,200.0500030517578,29836370
2013-09-16 00:00:00+00:00,208.34674072265625,217.50999450683594,221.5399932861328,210.38999938964844,217.8000030517578,21660575
2013-09-17 00:00:00+00:00,201.8332061767578,210.7100067138672,215.7899932861328,208.63999938964844,214.39999389648438,18527690
2013-09-18 00:00:00+00:00,206.82373046875,215.9199981689453,217.1199951171875,209.5399932861328,212.10000610351562,13218535
2013-09-19 00:00:00+00:00,218.43313598632812,228.0399932861328,234.55999755859375,226.64999389648438,230.0,27187920
2013-09-20 00:00:00+00:00,211.18203735351562,220.47000122070312,232.74000549316406,210.4199981689453,232.39999389648438,30107545
2013-09-23 00:00:00+00:00,197.33119201660156,206.00999450683594,216.97999572753906,204.52999877929688,214.60000610351562,23254975
2013-09-24 00:00:00+00:00,196.4691162109375,205.11000061035156,210.60000610351562,202.6199951171875,204.0,17824475
2013-09-25 00:00:00+00:00,198.0974884033203,206.80999755859375,208.39999389648438,200.24000549316406,205.60000610351562,17426325
2013-09-26 00:00:00+00:00,197.5802764892578,206.27000427246094,209.89999389648438,203.88999938964844,207.0,18419130
2013-09-27 00:00:00+00:00,197.49404907226562,206.17999267578125,209.6999969482422,203.42999267578125,207.11000061035156,13399860
2013-09-30 00:00:00+00:00,193.07826232910156,201.57000732421875,203.97000122070312,199.02999877929688,203.80999755859375,18720980
2013-10-01 00:00:00+00:00,200.02281188964844,208.82000732421875,209.94000244140625,202.58999633789062,203.5800018310547,13985425
2013-10-03 00:00:00+00:00,211.63223266601562,220.94000244140625,224.60000610351562,210.02000427246094,210.02000427246094,28307155
2013-10-04 00:00:00+00:00,209.3046112060547,218.50999450683594,224.13999938964844,216.02000427246094,218.8000030517578,14738720
2013-10-07 00:00:00+00:00,205.33900451660156,214.3699951171875,217.77999877929688,208.8000030517578,217.39999389648438,19601900
2013-10-08 00:00:00+00:00,204.37155151367188,213.36000061035156,223.8000030517578,211.60000610351562,223.0,16814600
2013-10-09 00:00:00+00:00,206.76626586914062,215.86000061035156,216.9600067138672,209.2100067138672,211.0500030517578,17121925
2013-10-10 00:00:00+00:00,204.26620483398438,213.25,218.5800018310547,211.1999969482422,215.39999389648438,22450835
2013-10-11 00:00:00+00:00,210.664794921875,219.92999267578125,220.77999877929688,213.1999969482422,217.4499969482422,21485650
2013-10-14 00:00:00+00:00,212.47520446777344,221.82000732421875,226.38999938964844,218.44000244140625,219.0,16030130
2013-10-15 00:00:00+00:00,207.17813110351562,216.2899932861328,225.1999969482422,215.25,223.17999267578125,13563985
2013-10-17 00:00:00+00:00,210.03260803222656,219.27000427246094,221.6699981689453,213.44000244140625,216.1999969482422,33121345
2013-10-18 00:00:00+00:00,221.49830627441406,231.24000549316406,232.1999969482422,218.07000732421875,220.55999755859375,22848835
2013-10-21 00:00:00+00:00,225.26275634765625,235.1699981689453,237.17999267578125,231.8300018310547,232.02000427246094,14205925
2013-10-22 00:00:00+00:00,230.10958862304688,240.22999572753906,241.99000549316406,232.0,232.8000030517578,22853540
2013-10-23 00:00:00+00:00,231.82418823242188,242.02000427246094,244.60000610351562,236.63999938964844,240.8000030517578,19709625
2013-10-24 00:00:00+00:00,231.26861572265625,241.44000244140625,244.94000244140625,239.60000610351562,242.07000732421875,15138355
2013-10-25 00:00:00+00:00,228.11721801757812,238.14999389648438,241.16000366210938,236.16000366210938,240.44000244140625,8360810
2013-10-28 00:00:00+00:00,228.2609100341797,238.3000030517578,243.77999877929688,237.4199981689453,240.0,14810540
2013-10-29 00:00:00+00:00,239.5446319580078,250.0800018310547,252.3000030517578,235.27000427246094,237.1999969482422,21811705
2013-10-30 00:00:00+00:00,234.0847625732422,244.3800048828125,252.0,243.27999877929688,251.0,13582310
2013-10-31 00:00:00+00:00,234.2379913330078,244.5399932861328,245.9600067138672,240.60000610351562,244.1999969482422,15711585
2013-11-01 00:00:00+00:00,233.51002502441406,243.77999877929688,247.92999267578125,241.07000732421875,244.99000549316406,14258565
2013-11-05 00:00:00+00:00,235.06173706054688,245.39999389648438,251.47999572753906,239.1999969482422,241.0,17738400
2013-11-06 00:00:00+00:00,232.37977600097656,242.60000610351562,247.9600067138672,241.00999450683594,244.8000030517578,11912900
2013-11-07 00:00:00+00:00,224.39108276367188,234.25999450683594,245.9199981689453,233.1999969482422,243.22000122070312,12944240
2013-11-08 00:00:00+00:00,214.41004943847656,223.83999633789062,232.72000122070312,222.50999450683594,232.1999969482422,13636750
2013-11-11 00:00:00+00:00,206.35433959960938,215.42999267578125,221.72000122070312,214.55999755859375,221.0,16116270
2013-11-12 00:00:00+00:00,200.74124145507812,209.57000732421875,218.47999572753906,207.60000610351562,216.0,16885065
2013-11-13 00:00:00+00:00,197.4365692138672,206.1199951171875,210.5800018310547,202.11000061035156,206.60000610351562,39012215
2013-11-14 00:00:00+00:00,210.17628479003906,219.4199981689453,220.49000549316406,211.0,211.0,22185795
2013-11-18 00:00:00+00:00,218.36607360839844,227.97000122070312,228.4499969482422,223.27000427246094,223.89999389648438,14869295
2013-11-19 00:00:00+00:00,217.446533203125,227.00999450683594,229.9600067138672,225.6199951171875,229.39999389648438,15186525
2013-11-20 00:00:00+00:00,216.75686645507812,226.2899932861328,231.17999267578125,224.0,224.8000030517578,11536220
2013-11-21 00:00:00+00:00,208.1072540283203,217.25999450683594,223.60000610351562,215.74000549316406,223.5800018310547,16170540
2013-11-22 00:00:00+00:00,207.33139038085938,216.4499969482422,221.27000427246094,215.47999572753906,220.0,11465075
2013-11-25 00:00:00+00:00,213.69166564941406,223.08999633789062,225.0,218.02000427246094,218.39999389648438,10727185
2013-11-26 00:00:00+00:00,213.81617736816406,223.22000122070312,225.55999755859375,221.85000610351562,223.8000030517578,7324655
2013-11-27 00:00:00+00:00,214.72618103027344,224.1699981689453,226.14999389648438,220.6999969482422,222.0,8549025
2013-11-28 00:00:00+00:00,214.61123657226562,224.0500030517578,228.9600067138672,222.6999969482422,227.1199951171875,10909630
2013-11-29 00:00:00+00:00,221.45045471191406,231.19000244140625,231.97999572753906,224.3800048828125,224.39999389648438,9210385
2013-12-02 00:00:00+00:00,228.11721801757812,238.14999389648438,239.24000549316406,231.60000610351562,231.9600067138672,8985375
2013-12-03 00:00:00+00:00,228.67279052734375,238.72999572753906,240.0,235.2100067138672,237.16000366210938,8899090
2013-12-04 00:00:00+00:00,228.17469787597656,238.2100067138672,239.8000030517578,236.24000549316406,237.2100067138672,8248745
2013-12-05 00:00:00+00:00,237.83963012695312,248.3000030517578,249.99000549316406,245.57000732421875,246.60000610351562,10405365
2013-12-06 00:00:00+00:00,245.16734313964844,255.9499969482422,257.79998779296875,246.4499969482422,247.72000122070312,11096255
2013-12-09 00:00:00+00:00,249.71722412109375,260.70001220703125,268.5199890136719,259.42999267578125,268.0,10508465
2013-12-10 00:00:00+00:00,242.3128662109375,252.97000122070312,260.6000061035156,249.91000366210938,260.6000061035156,7427500
2013-12-11 00:00:00+00:00,243.91253662109375,254.63999938964844,256.760009765625,248.02999877929688,250.39999389648438,9152360
2013-12-12 00:00:00+00:00,239.02737426757812,249.5399932861328,253.86000061035156,248.83999633789062,253.1999969482422,6403500
2013-12-13 00:00:00+00:00,237.51394653320312,247.9600067138672,249.8000030517578,244.00999450683594,246.0,7975630
2013-12-16 00:00:00+00:00,241.65196228027344,252.27999877929688,254.3800048828125,245.94000244140625,246.41000366210938,8426820
2013-12-17 00:00:00+00:00,240.63661193847656,251.22000122070312,256.05999755859375,249.6699981689453,254.22999572753906,6818380
2013-12-18 00:00:00+00:00,245.76121520996094,256.57000732421875,261.0,249.60000610351562,250.02000427246094,10330635
2013-12-19 00:00:00+00:00,240.80902099609375,251.39999389648438,259.79998779296875,248.60000610351562,259.1600036621094,11220600
2013-12-20 00:00:00+00:00,244.80332946777344,255.57000732421875,256.79998779296875,249.9499969482422,250.0,7252380
2013-12-23 00:00:00+00:00,247.37042236328125,258.25,260.8999938964844,256.20001220703125,256.20001220703125,5821480
2013-12-24 00:00:00+00:00,245.78036499023438,256.5899963378906,259.6000061035156,255.6999969482422,259.20001220703125,5070345
2013-12-26 00:00:00+00:00,248.48158264160156,259.4100036621094,263.79998779296875,255.8300018310547,257.55999755859375,13471165
2013-12-27 00:00:00+00:00,247.9930877685547,258.8999938964844,262.8599853515625,258.05999755859375,262.0,6232180
2013-12-30 00:00:00+00:00,246.41256713867188,257.25,261.20001220703125,256.6099853515625,260.0,7064845
2013-12-31 00:00:00+00:00,248.9604949951172,259.9100036621094,260.54998779296875,255.27999877929688,258.3900146484375,6365405
2014-01-01 00:00:00+00:00,247.55245971679688,258.44000244140625,261.0,257.6400146484375,260.29998779296875,2849425
2014-01-02 00:00:00+00:00,243.7401123046875,254.4600067138672,265.0,252.6699981689453,258.3999938964844,12972060
2014-01-03 00:00:00+00:00,241.55615234375,252.17999267578125,253.89999389648438,249.1199951171875,251.60000610351562,12018740
2014-01-06 00:00:00+00:00,240.67489624023438,251.25999450683594,252.39999389648438,248.32000732421875,251.50999450683594,9181445
2014-01-07 00:00:00+00:00,236.45069885253906,246.85000610351562,253.16000366210938,243.10000610351562,251.5,15100310
2014-01-08 00:00:00+00:00,232.14028930664062,242.35000610351562,249.0,241.42999267578125,248.0,13901845
2014-01-09 00:00:00+00:00,226.98692321777344,236.97000122070312,242.11000061035156,235.24000549316406,241.0,25553735
2014-01-10 00:00:00+00:00,223.00216674804688,232.80999755859375,239.30999755859375,231.77999877929688,238.7899932861328,19877740
2014-01-13 00:00:00+00:00,226.99652099609375,236.97999572753906,240.0,233.0,233.0,8470360
2014-01-14 00:00:00+00:00,225.49264526367188,235.41000366210938,238.7100067138672,233.85000610351562,237.0,12100565
2014-01-15 00:00:00+00:00,225.73211669921875,235.66000366210938,237.60000610351562,233.27999877929688,237.0,14202760
2014-01-16 00:00:00+00:00,225.32022094726562,235.22999572753906,239.5,233.74000549316406,237.0,18979890
2014-01-17 00:00:00+00:00,220.87571716308594,230.58999633789062,237.60000610351562,229.0,235.60000610351562,18932820
2014-01-20 00:00:00+00:00,222.83934020996094,232.63999938964844,233.60000610351562,226.4600067138672,228.5399932861328,9875240
2014-01-21 00:00:00+00:00,227.6957550048828,237.7100067138672,238.44000244140625,231.6999969482422,232.97999572753906,10979910
2014-01-22 00:00:00+00:00,227.7532196044922,237.77000427246094,240.47999572753906,234.6199951171875,237.1999969482422,11839660
2014-01-23 00:00:00+00:00,232.9544677734375,243.1999969482422,244.0399932861328,236.27000427246094,236.64999389648438,15027160
2014-01-24 00:00:00+00:00,230.77052307128906,240.9199981689453,245.75999450683594,239.0,240.60000610351562,14064340
2014-01-27 00:00:00+00:00,222.43704223632812,232.22000122070312,236.72000122070312,231.0,235.1999969482422,10879550
2014-01-28 00:00:00+00:00,214.89857482910156,224.35000610351562,235.8000030517578,223.05999755859375,231.39999389648438,12651355
2014-01-29 00:00:00+00:00,218.44268798828125,228.0500030517578,229.99000549316406,224.24000549316406,226.05999755859375,10925525
2014-01-30 00:00:00+00:00,212.4176788330078,221.75999450683594,225.74000549316406,221.0,224.60000610351562,11477500
2014-01-31 00:00:00+00:00,215.1284637451172,224.58999633789062,225.39999389648438,222.07000732421875,222.63999938964844,5722790
2014-02-03 00:00:00+00:00,215.31045532226562,224.77999877929688,226.77999877929688,222.13999938964844,222.4199981689453,6931690
2014-02-04 00:00:00+00:00,214.90817260742188,224.36000061035156,225.47000122070312,220.1999969482422,221.35000610351562,8545405
2014-02-05 00:00:00+00:00,215.27212524414062,224.74000549316406,226.0,222.3000030517578,225.0,7306550
2014-02-06 00:00:00+00:00,211.29701232910156,220.58999633789062,227.1999969482422,219.7100067138672,225.02000427246094,10324800
2014-02-07 00:00:00+00:00,215.60740661621094,225.08999633789062,225.8800048828125,222.13999938964844,224.00999450683594,6262595
2014-02-10 00:00:00+00:00,214.36216735839844,223.7899932861328,227.8800048828125,222.41000366210938,226.38999938964844,4396885
2014-02-11 00:00:00+00:00,214.7453155517578,224.19000244140625,226.36000061035156,223.27999877929688,224.6699981689453,4572215
2014-02-12 00:00:00+00:00,214.4866943359375,223.9199981689453,226.60000610351562,222.8699951171875,226.0,7384095
2014-02-13 00:00:00+00:00,211.01918029785156,220.3000030517578,224.9600067138672,219.3000030517578,224.0399932861328,5899360
2014-02-14 00:00:00+00:00,211.31613159179688,220.61000061035156,222.1999969482422,216.52000427246094,221.8000030517578,8778435
2014-02-17 00:00:00+00:00,213.65333557128906,223.0500030517578,224.0,221.0,222.1999969482422,3941195
2014-02-18 00:00:00+00:00,223.26080322265625,233.0800018310547,235.3000030517578,221.7100067138672,223.0,10684885
2014-02-19 00:00:00+00:00,223.4044647216797,233.22999572753906,235.60000610351562,231.60000610351562,232.89999389648438,7007375
2014-02-20 00:00:00+00:00,221.814453125,231.57000732421875,234.3800048828125,229.2899932861328,230.8000030517578,9773920
2014-02-21 00:00:00+00:00,228.6153106689453,238.6699981689453,239.60000610351562,232.0,232.0,9309810
2014-02-24 00:00:00+00:00,237.2074432373047,247.63999938964844,248.97999572753906,236.58999633789062,237.0,12811810
2014-02-25 00:00:00+00:00,236.9296417236328,247.35000610351562,250.1999969482422,245.02999877929688,248.1999969482422,9506545
2014-02-26 00:00:00+00:00,237.4085693359375,247.85000610351562,249.39999389648438,245.63999938964844,246.39999389648438,9380195
2014-02-28 00:00:00+00:00,242.7343292236328,253.41000366210938,254.32000732421875,247.6199951171875,248.10000610351562,9366255
2014-03-03 00:00:00+00:00,240.52166748046875,251.10000610351562,257.1400146484375,249.52000427246094,252.0,9655975
2014-03-04 00:00:00+00:00,247.8110809326172,258.7099914550781,260.9800109863281,251.0,251.0,11947275
2014-03-05 00:00:00+00:00,250.51223754882812,261.5299987792969,262.8399963378906,258.80999755859375,260.0,13213960
2014-03-06 00:00:00+00:00,254.6981658935547,265.8999938964844,267.0,261.3999938964844,261.5799865722656,9941880
2014-03-07 00:00:00+00:00,269.5068664550781,281.3599853515625,284.7300109863281,265.8599853515625,266.79998779296875,23583950
2014-03-10 00:00:00+00:00,273.29046630859375,285.30999755859375,288.3599853515625,278.3999938964844,278.3999938964844,16911865
2014-03-11 00:00:00+00:00,271.5567321777344,283.5,290.6000061035156,282.010009765625,285.20001220703125,19830435
2014-03-12 00:00:00+00:00,267.8018798828125,279.5799865722656,284.9800109863281,278.4100036621094,283.5,10747045
2014-03-13 00:00:00+00:00,264.593017578125,276.2300109863281,285.0,275.010009765625,281.9800109863281,10533955
2014-03-14 00:00:00+00:00,259.564208984375,270.9800109863281,274.20001220703125,266.20001220703125,274.20001220703125,13711595
2014-03-18 00:00:00+00:00,258.4529724121094,269.82000732421875,276.6000061035156,268.5799865722656,273.0,9473510
2014-03-19 00:00:00+00:00,265.4358825683594,277.1099853515625,279.7900085449219,270.2699890136719,271.6000061035156,20189155
2014-03-20 00:00:00+00:00,260.0335388183594,271.4700012207031,276.67999267578125,269.1499938964844,272.29998779296875,12914880
2014-03-21 00:00:00+00:00,267.1025695800781,278.8500061035156,282.3900146484375,264.4200134277344,267.0,64854420
2014-03-24 00:00:00+00:00,270.2539978027344,282.1400146484375,285.0,278.8500061035156,280.3800048828125,15594445
2014-03-25 00:00:00+00:00,268.3765563964844,280.17999267578125,284.19000244140625,279.2300109863281,282.2799987792969,8412610
2014-03-26 00:00:00+00:00,273.9705810546875,286.0199890136719,287.5199890136719,281.1700134277344,282.30999755859375,13856980
2014-03-27 00:00:00+00:00,273.9418029785156,285.989990234375,293.7799987792969,283.20001220703125,286.0,21452140
2014-03-28 00:00:00+00:00,280.07220458984375,292.3900146484375,293.9800109863281,286.010009765625,286.9599914550781,10456480
2014-03-31 00:00:00+00:00,279.7944030761719,292.1000061035156,295.0,290.0199890136719,294.20001220703125,10543390
2014-04-01 00:00:00+00:00,281.3269958496094,293.70001220703125,295.7799987792969,290.7099914550781,294.0,11106200
2014-04-02 00:00:00+00:00,281.0683898925781,293.42999267578125,294.92999267578125,287.4800109863281,291.6000061035156,6919030
2014-04-03 00:00:00+00:00,274.88055419921875,286.9700012207031,293.7799987792969,285.6199951171875,293.7799987792969,5572305
2014-04-04 00:00:00+00:00,273.5970153808594,285.6300048828125,290.1000061035156,283.6000061035156,286.0,8209800
2014-04-07 00:00:00+00:00,272.4283752441406,284.4100036621094,287.9100036621094,282.0199890136719,285.5799865722656,5393885
2014-04-09 00:00:00+00:00,284.2868347167969,296.7900085449219,298.0,284.2300109863281,285.70001220703125,8360910
2014-04-10 00:00:00+00:00,288.0704345703125,300.739990234375,303.5199890136719,295.1499938964844,296.8900146484375,10369990
2014-04-11 00:00:00+00:00,286.5473937988281,299.1499938964844,301.3299865722656,296.0,297.0,5411945
2014-04-15 00:00:00+00:00,276.86334228515625,289.0400085449219,299.07000732421875,286.8599853515625,298.79998779296875,4690300
2014-04-16 00:00:00+00:00,274.324951171875,286.3900146484375,292.94000244140625,285.3999938964844,289.3999938964844,4174880
2014-04-17 00:00:00+00:00,280.5894470214844,292.92999267578125,294.5299987792969,287.3999938964844,287.3999938964844,6318240
2014-04-21 00:00:00+00:00,288.089599609375,300.760009765625,302.0,293.79998779296875,294.0,5660175
2014-04-22 00:00:00+00:00,287.3807067871094,300.0199890136719,302.3599853515625,297.6199951171875,301.20001220703125,4972865
2014-04-23 00:00:00+00:00,291.1547546386719,303.9599914550781,306.7699890136719,298.3999938964844,298.3999938964844,8169030
2014-04-24 00:00:00+00:00,291.1547546386719,303.9599914550781,303.9599914550781,303.9599914550781,303.9599914550781,0
2014-04-25 00:00:00+00:00,293.6260681152344,306.5400085449219,309.6000061035156,300.2300109863281,304.3999938964844,12287160
2014-04-28 00:00:00+00:00,293.0226135253906,305.9100036621094,310.9599914550781,305.0,310.0,8868885
2014-04-29 00:00:00+00:00,292.8022766113281,305.67999267578125,308.989990234375,301.5400085449219,307.20001220703125,5984595
2014-04-30 00:00:00+00:00,290.65667724609375,303.44000244140625,309.70001220703125,299.42999267578125,307.5799865722656,6673185
2014-05-02 00:00:00+00:00,293.1375732421875,306.0299987792969,307.739990234375,303.70001220703125,305.07000732421875,4528060
2014-05-05 00:00:00+00:00,297.2372131347656,310.30999755859375,312.9800109863281,304.29998779296875,307.19000244140625,7227275
2014-05-06 00:00:00+00:00,294.4402770996094,307.3900146484375,312.6499938964844,305.70001220703125,311.0,5337910
2014-05-07 00:00:00+00:00,294.5839538574219,307.5400085449219,311.20001220703125,303.3399963378906,306.739990234375,6034730
2014-05-08 00:00:00+00:00,297.6587219238281,310.75,311.8800048828125,306.6000061035156,308.3999938964844,6485510
2014-05-09 00:00:00+00:00,312.0746765136719,325.79998779296875,330.0,309.54998779296875,311.17999267578125,11327365
2014-05-12 00:00:00+00:00,315.43682861328125,329.30999755859375,338.3500061035156,327.82000732421875,330.6000061035156,9777475
2014-05-13 00:00:00+00:00,315.85833740234375,329.75,336.3999938964844,328.0,335.0,9343160
2014-05-14 00:00:00+00:00,313.511474609375,327.29998779296875,334.0,326.07000732421875,330.3999938964844,6712060
2014-05-15 00:00:00+00:00,318.7893981933594,332.80999755859375,334.9800109863281,327.80999755859375,328.0,7888990
2014-05-16 00:00:00+00:00,336.21307373046875,351.0,369.80999755859375,336.79998779296875,350.0,19275385
2014-05-19 00:00:00+00:00,356.2517395019531,371.9200134277344,379.8800048828125,355.3999938964844,355.3999938964844,11546880
2014-05-20 00:00:00+00:00,355.7441101074219,371.3900146484375,378.55999755859375,368.2099914550781,374.0,6207320
2014-05-21 00:00:00+00:00,347.7362365722656,363.0299987792969,373.44000244140625,362.010009765625,371.6000061035156,5343765
2014-05-22 00:00:00+00:00,352.81298828125,368.3299865722656,371.6000061035156,361.0199890136719,365.79998779296875,4446910
2014-05-23 00:00:00+00:00,357.1904602050781,372.8999938964844,374.69000244140625,368.0,369.25,5853140
2014-05-26 00:00:00+00:00,358.8092346191406,374.5899963378906,385.760009765625,369.6000061035156,375.3999938964844,8715260
2014-05-27 00:00:00+00:00,354.23065185546875,369.80999755859375,374.4599914550781,366.010009765625,371.82000732421875,4665425
2014-05-28 00:00:00+00:00,356.3092346191406,371.9800109863281,375.0,365.04998779296875,369.80999755859375,5950100
2014-05-29 00:00:00+00:00,357.42041015625,373.1400146484375,378.67999267578125,370.1000061035156,371.79998779296875,10555410
2014-05-30 00:00:00+00:00,351.75933837890625,367.2300109863281,373.79998779296875,364.79998779296875,373.79998779296875,3890590
2014-06-02 00:00:00+00:00,364.1542053222656,380.1700134277344,381.3999938964844,364.510009765625,366.45001220703125,5954760
2014-06-03 00:00:00+00:00,363.92431640625,379.92999267578125,384.9800109863281,377.6000061035156,381.9800109863281,6000185
2014-06-04 00:00:00+00:00,368.7232360839844,384.94000244140625,386.6000061035156,376.2200012207031,378.3999938964844,4109700
2014-06-05 00:00:00+00:00,372.870849609375,389.2699890136719,390.0,383.3999938964844,385.0,5422885
2014-06-06 00:00:00+00:00,378.0912780761719,394.7200012207031,396.70001220703125,389.0199890136719,391.0799865722656,4047810
2014-06-09 00:00:00+00:00,376.8747253417969,393.45001220703125,397.9200134277344,392.17999267578125,397.0,3942460
2014-06-10 00:00:00+00:00,370.2174987792969,386.5,393.8699951171875,385.05999755859375,393.6000061035156,4218745
2014-06-11 00:00:00+00:00,371.8076171875,388.1600036621094,393.70001220703125,385.6000061035156,387.2099914550781,4870360
2014-06-12 00:00:00+00:00,368.31365966796875,380.54998779296875,385.6000061035156,378.489990234375,384.79998779296875,4192650
2014-06-13 00:00:00+00:00,351.90869140625,363.6000061035156,381.5799865722656,362.1400146484375,379.79998779296875,6276850
2014-06-16 00:00:00+00:00,343.21746826171875,354.6199951171875,364.3999938964844,350.0,362.3999938964844,6851985
2014-06-17 00:00:00+00:00,356.0898132324219,367.9200134277344,369.6000061035156,352.1099853515625,354.0,7990990
2014-06-18 00:00:00+00:00,357.81256103515625,369.70001220703125,375.17999267578125,364.6099853515625,369.0,9690125
2014-06-19 00:00:00+00:00,356.515625,368.3599853515625,373.3999938964844,365.260009765625,370.4200134277344,5141745
2014-06-20 00:00:00+00:00,361.2677307128906,373.2699890136719,376.739990234375,365.6000061035156,366.0,5838570
2014-06-23 00:00:00+00:00,364.4809875488281,376.5899963378906,377.989990234375,371.010009765625,372.3999938964844,5348310
2014-06-24 00:00:00+00:00,372.6205749511719,385.0,386.0,376.20001220703125,376.20001220703125,5401370
2014-06-25 00:00:00+00:00,370.23968505859375,382.5400085449219,386.79998779296875,381.0,386.79998779296875,4149915
2014-06-26 00:00:00+00:00,373.1239013671875,385.5199890136719,387.79998779296875,381.5400085449219,383.04998779296875,5944135
2014-06-27 00:00:00+00:00,369.5622253417969,381.8399963378906,387.3399963378906,380.0400085449219,385.69000244140625,4505300
2014-06-30 00:00:00+00:00,371.43011474609375,383.7699890136719,390.0,382.20001220703125,386.3999938964844,4887415
2014-07-01 00:00:00+00:00,371.66241455078125,384.010009765625,387.0799865722656,383.2799987792969,385.6000061035156,4136855
2014-07-02 00:00:00+00:00,372.97869873046875,385.3699951171875,388.29998779296875,384.6499938964844,388.0,3797820
2014-07-03 00:00:00+00:00,372.756103515625,385.1400146484375,389.5400085449219,382.5799865722656,387.3999938964844,4618140
2014-07-04 00:00:00+00:00,374.7304382324219,387.17999267578125,389.6000061035156,383.44000244140625,385.0,4327275
2014-07-07 00:00:00+00:00,372.2334289550781,384.6000061035156,388.42999267578125,383.010009765625,387.5,3179705
2014-07-08 00:00:00+00:00,365.5069580078125,377.6499938964844,385.3999938964844,370.3999938964844,384.760009765625,4531395
2014-07-09 00:00:00+00:00,362.6711120605469,374.7200012207031,382.3800048828125,372.8599853515625,375.9800109863281,5950625
2014-07-10 00:00:00+00:00,360.4354248046875,372.4100036621094,387.7200012207031,365.010009765625,375.0199890136719,8857260
2014-07-11 00:00:00+00:00,351.6473388671875,363.3299865722656,375.0400085449219,361.5199890136719,372.0199890136719,5105850
2014-07-14 00:00:00+00:00,357.44476318359375,369.32000732421875,372.1700134277344,361.4599914550781,363.55999755859375,3296985
2014-07-15 00:00:00+00:00,367.56842041015625,379.7799987792969,380.69000244140625,370.3999938964844,370.9700012207031,3557585
2014-07-16 00:00:00+00:00,380.1310729980469,392.760009765625,395.0,381.2099914550781,386.4800109863281,6120160
2014-07-17 00:00:00+00:00,378.2728271484375,390.8399963378906,394.20001220703125,389.239990234375,394.0,3613160
2014-07-18 00:00:00+00:00,386.32525634765625,399.1600036621094,401.9700012207031,386.5,389.0,6500310
2014-07-21 00:00:00+00:00,391.6581115722656,404.6700134277344,407.6000061035156,400.5199890136719,402.79998779296875,5750940
2014-07-22 00:00:00+00:00,390.2934265136719,403.260009765625,407.1300048828125,400.44000244140625,406.8800048828125,5523135
2014-07-23 00:00:00+00:00,387.1479797363281,400.010009765625,408.6099853515625,396.79998779296875,403.760009765625,8698735
2014-07-24 00:00:00+00:00,386.49945068359375,399.3399963378906,402.17999267578125,396.5,400.0,4828895
2014-07-25 00:00:00+00:00,384.3798828125,397.1499938964844,401.79998779296875,394.2699890136719,399.79998779296875,4277980
2014-07-28 00:00:00+00:00,382.6378173828125,395.3500061035156,407.3500061035156,393.6000061035156,403.45001220703125,5838272
2014-07-30 00:00:00+00:00,388.78363037109375,401.70001220703125,403.70001220703125,392.1499938964844,399.8999938964844,3945078
2014-07-31 00:00:00+00:00,379.0567321777344,391.6499938964844,403.3500061035156,390.04998779296875,402.0,5899359
2014-08-01 00:00:00+00:00,374.5562744140625,387.0,397.0,384.8999938964844,388.0,4556225
2014-08-04 00:00:00+00:00,378.2825012207031,390.8500061035156,394.25,387.20001220703125,391.70001220703125,3189855
2014-08-05 00:00:00+00:00,380.31494140625,392.95001220703125,395.5,386.8500061035156,392.5,4565734
2014-08-06 00:00:00+00:00,370.87847900390625,383.20001220703125,392.04998779296875,382.20001220703125,392.0,3328178
2014-08-07 00:00:00+00:00,368.84600830078125,381.1000061035156,386.54998779296875,380.04998779296875,380.04998779296875,3629281
2014-08-08 00:00:00+00:00,359.07073974609375,371.0,377.29998779296875,369.04998779296875,375.0,4082447
2014-08-11 00:00:00+00:00,364.6358642578125,376.75,377.8999938964844,372.6000061035156,374.0,2245416
2014-08-12 00:00:00+00:00,369.5718688964844,381.8500061035156,383.1499938964844,374.54998779296875,377.0,2849902
2014-08-13 00:00:00+00:00,361.8774719238281,373.8999938964844,380.6499938964844,372.0,378.1499938964844,2422893
2014-08-14 00:00:00+00:00,365.652099609375,377.79998779296875,379.45001220703125,371.0,373.5,2695108
2014-08-18 00:00:00+00:00,382.0086975097656,394.70001220703125,396.5,375.8500061035156,377.79998779296875,5628495
2014-08-19 00:00:00+00:00,385.0574035644531,397.8500061035156,401.8999938964844,395.25,397.29998779296875,4398164
2014-08-20 00:00:00+00:00,381.5247497558594,394.20001220703125,398.8999938964844,392.3500061035156,398.3999938964844,2593423
2014-08-21 00:00:00+00:00,385.8316650390625,398.6499938964844,402.1499938964844,393.1000061035156,394.79998779296875,4041960
2014-08-22 00:00:00+00:00,389.8482360839844,402.79998779296875,405.0,400.0,400.0,3805460
2014-08-25 00:00:00+00:00,385.9284973144531,398.75,407.3500061035156,397.70001220703125,402.5,3188868
2014-08-26 00:00:00+00:00,384.8153991699219,397.6000061035156,400.25,390.0,391.0,2960035
2014-08-27 00:00:00+00:00,385.9284973144531,398.75,402.54998779296875,396.6499938964844,399.04998779296875,2117053
2014-08-28 00:00:00+00:00,384.4767150878906,397.25,401.8999938964844,392.1499938964844,399.5,3524112
2014-09-01 00:00:00+00:00,392.36468505859375,405.3999938964844,406.8999938964844,397.5,398.95001220703125,3827810
2014-09-02 00:00:00+00:00,396.0908203125,409.25,411.79998779296875,406.29998779296875,407.0,3827990
2014-09-03 00:00:00+00:00,400.39776611328125,413.70001220703125,414.8999938964844,408.1000061035156,411.0,3913893
2014-09-04 00:00:00+00:00,403.01092529296875,416.3999938964844,417.3500061035156,409.0,411.3999938964844,3577070
2014-09-05 00:00:00+00:00,402.5754089355469,415.95001220703125,419.25,413.70001220703125,416.0,3236260
2014-09-08 00:00:00+00:00,407.2210693359375,420.75,423.45001220703125,414.75,417.6499938964844,2644489
2014-09-09 00:00:00+00:00,405.23699951171875,418.70001220703125,422.0,415.75,420.70001220703125,2014481
2014-09-10 00:00:00+00:00,403.1077575683594,416.5,419.0,414.54998779296875,419.0,1554785
2014-09-11 00:00:00+00:00,405.0434265136719,418.5,423.79998779296875,416.1499938964844,418.3999938964844,2920679
2014-09-12 00:00:00+00:00,403.54327392578125,416.95001220703125,419.75,414.1499938964844,418.0,2314502
2014-09-15 00:00:00+00:00,398.4136962890625,411.6499938964844,414.8999938964844,409.70001220703125,414.8999938964844,1665845
2014-09-16 00:00:00+00:00,386.31561279296875,399.1499938964844,414.0,397.3500061035156,411.0,3811175
2014-09-17 00:00:00+00:00,385.1541748046875,397.95001220703125,402.70001220703125,395.6499938964844,401.0,2328500
2014-09-18 00:00:00+00:00,392.2678527832031,405.29998779296875,406.3999938964844,393.79998779296875,395.6000061035156,3458236
2014-09-19 00:00:00+00:00,394.54229736328125,407.6499938964844,410.8999938964844,398.20001220703125,407.70001220703125,4701389
2014-09-22 00:00:00+00:00,395.0746154785156,408.20001220703125,412.0,402.04998779296875,403.79998779296875,2407552
2014-09-23 00:00:00+00:00,386.2672424316406,399.1000061035156,409.6499938964844,398.1000061035156,407.0,2235528
2014-09-24 00:00:00+00:00,384.2347412109375,397.0,400.8999938964844,393.1499938964844,399.0,3007551
2014-09-25 00:00:00+00:00,365.7005310058594,377.8500061035156,395.3500061035156,375.25,394.5,6647739
2014-09-26 00:00:00+00:00,377.0242919921875,389.54998779296875,391.79998779296875,370.25,375.0,6000406
2014-09-29 00:00:00+00:00,373.6368103027344,386.04998779296875,391.70001220703125,384.5,391.70001220703125,3209235
2014-09-30 00:00:00+00:00,365.5553283691406,377.70001220703125,385.6499938964844,376.45001220703125,385.0,4660370
2014-10-01 00:00:00+00:00,367.73297119140625,379.95001220703125,381.5,374.0,375.6000061035156,3024329
2014-10-07 00:00:00+00:00,361.587158203125,373.6000061035156,384.95001220703125,372.29998779296875,377.5,3348273
2014-10-08 00:00:00+00:00,366.8135070800781,379.0,380.25,372.3500061035156,372.75,3182969
2014-10-09 00:00:00+00:00,374.9434509277344,387.3999938964844,389.79998779296875,381.0,381.0,3069354
2014-10-10 00:00:00+00:00,367.0071105957031,379.20001220703125,384.25,377.54998779296875,384.0,2560762
2014-10-13 00:00:00+00:00,374.45947265625,386.8999938964844,389.0,373.0,375.95001220703125,2666892
2014-10-14 00:00:00+00:00,384.3315124511719,397.1000061035156,400.70001220703125,387.54998779296875,389.20001220703125,4935617
2014-10-15 00:00:00+00:00,384.3315124511719,397.1000061035156,397.1000061035156,397.1000061035156,397.1000061035156,0
2014-10-16 00:00:00+00:00,380.992431640625,393.6499938964844,402.45001220703125,390.25,395.0,4382823
2014-10-17 00:00:00+00:00,388.68682861328125,401.6000061035156,405.0,394.54998779296875,395.8999938964844,4816107
2014-10-20 00:00:00+00:00,404.414306640625,417.8500061035156,419.3999938964844,410.0,413.8500061035156,6484171
2014-10-21 00:00:00+00:00,409.4471130371094,423.04998779296875,424.79998779296875,418.0,419.0,3970498
2014-10-22 00:00:00+00:00,410.8020935058594,424.45001220703125,427.8999938964844,419.75,427.0,2526798
2014-10-27 00:00:00+00:00,413.0765380859375,426.79998779296875,428.95001220703125,420.3500061035156,424.6000061035156,2876993
2014-10-28 00:00:00+00:00,410.5601501464844,424.20001220703125,430.6000061035156,422.6000061035156,427.20001220703125,1995946
2014-10-29 00:00:00+00:00,411.8667297363281,425.54998779296875,429.0,422.5,426.95001220703125,1931522
2014-10-30 00:00:00+00:00,416.3672180175781,430.20001220703125,431.29998779296875,422.0,425.0,4258888
2014-10-31 00:00:00+00:00,425.2713928222656,439.3999938964844,440.3999938964844,431.75,432.0,3941516
2014-11-03 00:00:00+00:00,430.93328857421875,445.25,447.0,437.3999938964844,442.0,3817449
2014-11-05 00:00:00+00:00,443.2249450683594,457.95001220703125,460.75,443.6499938964844,445.25,4713467
2014-11-07 00:00:00+00:00,453.9679870605469,469.04998779296875,472.3999938964844,460.3500061035156,461.8999938964844,6220448
2014-11-10 00:00:00+00:00,445.6929626464844,460.5,475.3999938964844,458.6499938964844,471.0,4280640
2014-11-11 00:00:00+00:00,451.693603515625,466.70001220703125,468.70001220703125,461.0,461.0,3472821
2014-11-12 00:00:00+00:00,465.678955078125,481.1499938964844,482.70001220703125,466.3500061035156,469.0,5416022
2014-11-13 00:00:00+00:00,458.37176513671875,473.6000061035156,485.8999938964844,470.04998779296875,483.95001220703125,5237971
2014-11-14 00:00:00+00:00,461.5655517578125,476.8999938964844,479.75,470.54998779296875,475.0,2753729
2014-11-17 00:00:00+00:00,460.5977478027344,475.8999938964844,477.8999938964844,471.0,477.8999938964844,2141989
2014-11-18 00:00:00+00:00,458.75885009765625,474.0,479.8999938964844,471.20001220703125,475.8500061035156,2773087
2014-11-19 00:00:00+00:00,455.0810546875,470.20001220703125,475.8999938964844,467.0,475.8999938964844,2667750
2014-11-20 00:00:00+00:00,451.64520263671875,466.6499938964844,471.70001220703125,462.8999938964844,471.0,2510781
2014-11-21 00:00:00+00:00,461.614013671875,476.95001220703125,482.5,466.1000061035156,467.5,4741296
2014-11-24 00:00:00+00:00,462.775390625,478.1499938964844,482.54998779296875,475.29998779296875,479.0,3562884
2014-11-25 00:00:00+00:00,455.6133728027344,470.75,479.8999938964844,466.6499938964844,479.0,3474162
2014-11-26 00:00:00+00:00,455.17779541015625,470.29998779296875,473.75,464.0,470.8999938964844,3726653
2014-11-27 00:00:00+00:00,454.3067321777344,469.3999938964844,472.5,462.6499938964844,470.25,7283496
2014-11-28 00:00:00+00:00,465.7273254394531,481.20001220703125,485.79998779296875,471.04998779296875,471.79998779296875,5227699
2014-12-01 00:00:00+00:00,473.4217224121094,489.1499938964844,493.20001220703125,481.1499938964844,484.3999938964844,4634567
2014-12-02 00:00:00+00:00,477.1479187011719,493.0,494.79998779296875,484.5,489.0,4191689
2014-12-03 00:00:00+00:00,483.0033874511719,499.04998779296875,500.70001220703125,490.6499938964844,494.0,3424250
2014-12-04 00:00:00+00:00,483.8744812011719,499.95001220703125,502.70001220703125,491.20001220703125,501.3999938964844,2709507
2014-12-05 00:00:00+00:00,482.51947021484375,498.54998779296875,506.3999938964844,496.5,502.0,2798293
2014-12-08 00:00:00+00:00,480.6321716308594,496.6000061035156,503.0,495.5,499.95001220703125,2150646
2014-12-09 00:00:00+00:00,473.0829772949219,488.79998779296875,496.0,487.0,495.95001220703125,2722580
2014-12-10 00:00:00+00:00,473.51849365234375,489.25,496.1499938964844,486.5,488.54998779296875,3317262
2014-12-11 00:00:00+00:00,474.7283020019531,490.5,494.70001220703125,480.1000061035156,488.79998779296875,3583840
2014-12-12 00:00:00+00:00,467.8565979003906,483.3999938964844,493.54998779296875,481.54998779296875,491.20001220703125,2915819
2014-12-15 00:00:00+00:00,461.42041015625,476.75,487.3999938964844,475.29998779296875,480.0,2929634
2014-12-16 00:00:00+00:00,456.8231506347656,472.0,476.5,465.25,475.0,5702983
2014-12-17 00:00:00+00:00,459.58154296875,474.8500061035156,480.5,464.20001220703125,468.3500061035156,5852857
2014-12-18 00:00:00+00:00,472.26031494140625,487.95001220703125,490.0,480.0,483.0,3782348
2014-12-19 00:00:00+00:00,474.486328125,490.25,496.8999938964844,488.29998779296875,496.8999938964844,3189647
2014-12-22 00:00:00+00:00,482.27752685546875,498.29998779296875,500.75,486.5,491.3999938964844,2813921
2014-12-23 00:00:00+00:00,477.92218017578125,493.79998779296875,506.0,492.54998779296875,501.0,3753789
2014-12-24 00:00:00+00:00,478.4060974121094,494.29998779296875,497.70001220703125,491.20001220703125,494.0,3181539
2014-12-26 00:00:00+00:00,478.55126953125,494.45001220703125,500.0,488.0,495.75,2133879
2014-12-29 00:00:00+00:00,478.21258544921875,494.1000061035156,499.6000061035156,491.20001220703125,495.0,2230958
2014-12-30 00:00:00+00:00,482.76141357421875,498.79998779296875,499.95001220703125,490.0,495.04998779296875,1996949
2014-12-31 00:00:00+00:00,486.24566650390625,502.3999938964844,505.0,499.0,500.04998779296875,2356002
2015-01-01 00:00:00+00:00,486.8747863769531,503.04998779296875,504.0,499.04998779296875,502.6499938964844,1351985
2015-01-02 00:00:00+00:00,497.7630615234375,514.2999877929688,516.9000244140625,501.70001220703125,503.20001220703125,3852825
2015-01-05 00:00:00+00:00,500.9085388183594,517.5499877929688,520.4000244140625,515.0999755859375,516.9000244140625,2561430
2015-01-06 00:00:00+00:00,483.0033874511719,499.04998779296875,513.5499877929688,496.75,513.5499877929688,5284530
2015-01-07 00:00:00+00:00,482.6162414550781,498.6499938964844,505.3500061035156,494.5,498.79998779296875,4245189
2015-01-08 00:00:00+00:00,485.8101501464844,501.95001220703125,507.0,494.6499938964844,506.0,5637844
2015-01-09 00:00:00+00:00,479.0352783203125,494.95001220703125,505.8999938964844,487.0,504.8999938964844,5078463
2015-01-12 00:00:00+00:00,485.4230041503906,501.54998779296875,503.79998779296875,492.1499938964844,495.0,2290147
2015-01-13 00:00:00+00:00,488.2781982421875,504.5,511.70001220703125,500.29998779296875,504.0,4069260
2015-01-14 00:00:00+00:00,483.5357360839844,499.6000061035156,505.75,494.20001220703125,504.5,2973231
2015-01-15 00:00:00+00:00,497.5210266113281,514.0499877929688,523.9500122070312,511.1000061035156,523.4500122070312,6670800
2015-01-16 00:00:00+00:00,498.24700927734375,514.7999877929688,521.5,512.5999755859375,516.5999755859375,6920742
2015-01-19 00:00:00+00:00,511.9419250488281,528.9500122070312,531.7999877929688,516.8499755859375,519.4500122070312,6113156
2015-01-20 00:00:00+00:00,533.6701049804688,551.4000244140625,554.7000122070312,531.0999755859375,532.5499877929688,6934581
2015-01-21 00:00:00+00:00,529.653564453125,547.25,556.7999877929688,545.5499877929688,553.0,4459351
2015-01-22 00:00:00+00:00,546.5907592773438,564.75,567.1500244140625,547.7999877929688,549.7000122070312,5546866
2015-01-23 00:00:00+00:00,546.9779663085938,565.1500244140625,577.4000244140625,560.2999877929688,571.0,4975114
2015-01-27 00:00:00+00:00,573.0614624023438,592.0999755859375,597.7999877929688,567.0,570.9000244140625,5376830
2015-01-28 00:00:00+00:00,571.6096801757812,590.5999755859375,599.7999877929688,583.4500122070312,590.0,6370073
2015-01-29 00:00:00+00:00,580.2235717773438,599.5,602.0,582.0999755859375,588.9500122070312,5424486
2015-01-30 00:00:00+00:00,569.18994140625,588.0999755859375,604.0499877929688,583.7000122070312,602.75,4497194
2015-02-02 00:00:00+00:00,597.451171875,617.2999877929688,621.0,584.4000244140625,586.0,6307718
2015-02-03 00:00:00+00:00,567.7383422851562,586.5999755859375,625.5999755859375,584.5,623.0,9290016
2015-02-04 00:00:00+00:00,540.6385498046875,558.5999755859375,592.0,553.25,591.0,10773056
2015-02-05 00:00:00+00:00,547.7039184570312,565.9000244140625,578.5,558.5999755859375,562.4000244140625,6865785
2015-02-06 00:00:00+00:00,545.0422973632812,563.1500244140625,571.5,545.75,568.0,7706020
2015-02-09 00:00:00+00:00,535.7993774414062,553.5999755859375,569.5999755859375,550.0,555.0,4334546
2015-02-10 00:00:00+00:00,536.2832641601562,554.0999755859375,569.7999877929688,540.5,546.9000244140625,9809275
2015-02-11 00:00:00+00:00,550.9461669921875,569.25,572.6500244140625,555.5,559.3499755859375,6200994
2015-02-12 00:00:00+00:00,560.1408081054688,578.75,581.5,564.0,573.0,5849894
2015-02-13 00:00:00+00:00,562.4151000976562,581.0999755859375,588.75,576.5,582.1500244140625,4633409
2015-02-16 00:00:00+00:00,551.9624633789062,570.2999877929688,584.0,566.0999755859375,583.0,4284303
2015-02-18 00:00:00+00:00,551.1881713867188,569.5,574.0,564.0,572.0,4695905
2015-02-19 00:00:00+00:00,547.07470703125,565.25,575.5999755859375,553.25,574.0,5349212
2015-02-20 00:00:00+00:00,543.4453125,561.5,570.7999877929688,554.0,566.4500122070312,6025707
2015-02-23 00:00:00+00:00,531.3956298828125,549.0499877929688,567.0,546.0499877929688,563.5,6089272
2015-02-24 00:00:00+00:00,534.0572509765625,551.7999877929688,555.7000122070312,542.0,549.9000244140625,6155111
2015-02-25 00:00:00+00:00,535.21875,553.0,558.5999755859375,550.0999755859375,554.2000122070312,4185156
2015-02-26 00:00:00+00:00,534.5411376953125,552.2999877929688,557.6500244140625,543.7999877929688,552.6500244140625,5579001
2015-02-27 00:00:00+00:00,548.9136962890625,567.1500244140625,570.3499755859375,550.3499755859375,555.5999755859375,5791546
2015-03-02 00:00:00+00:00,626.7284545898438,647.5499877929688,650.0,628.7000122070312,630.0,13205219
2015-03-03 00:00:00+00:00,611.0977783203125,631.4000244140625,649.0,628.5499877929688,649.0,6817671
2015-03-04 00:00:00+00:00,593.0474853515625,612.75,654.9000244140625,608.1500244140625,650.9000244140625,10097232
2015-03-05 00:00:00+00:00,596.9671630859375,616.7999877929688,622.0,603.5,613.0,6914112
2015-03-09 00:00:00+00:00,572.5774536132812,591.5999755859375,610.0,589.1500244140625,610.0,6043383
2015-03-10 00:00:00+00:00,566.6253662109375,585.4500122070312,594.7999877929688,580.0,591.9000244140625,5791801
2015-03-11 00:00:00+00:00,565.07666015625,583.8499755859375,592.7000122070312,580.0,585.25,5816344
2015-03-12 00:00:00+00:00,565.3186645507812,584.0999755859375,593.5,582.7000122070312,587.5,4512080
2015-03-13 00:00:00+00:00,551.6720581054688,570.0,590.9500122070312,564.0999755859375,589.5,6749149
2015-03-16 00:00:00+00:00,550.3170166015625,568.5999755859375,573.7999877929688,559.0999755859375,569.5,6445254
2015-03-17 00:00:00+00:00,561.447265625,580.0999755859375,585.7999877929688,567.0499877929688,574.9000244140625,5627580
2015-03-18 00:00:00+00:00,562.5603637695312,581.25,585.7999877929688,575.75,584.25,5847672
2015-03-19 00:00:00+00:00,545.429443359375,563.5499877929688,595.5499877929688,558.5,588.0,7705218
2015-03-20 00:00:00+00:00,538.3641967773438,556.25,564.0,551.7000122070312,563.0,8160665
2015-03-23 00:00:00+00:00,537.347900390625,555.2000122070312,562.0,552.6500244140625,559.9000244140625,4191424
2015-03-24 00:00:00+00:00,540.1062622070312,558.0499877929688,566.0,551.25,553.9500122070312,6309451
2015-03-25 00:00:00+00:00,544.122802734375,562.2000122070312,567.1500244140625,553.9000244140625,559.8499755859375,5578540
2015-03-26 00:00:00+00:00,526.79833984375,544.2999877929688,561.4500122070312,537.5,560.0,9233047
2015-03-27 00:00:00+00:00,528.8309326171875,546.4000244140625,551.25,526.0999755859375,548.0,10655577
2015-03-30 00:00:00+00:00,545.429443359375,563.5499877929688,565.4500122070312,549.3499755859375,552.5,6631597
2015-03-31 00:00:00+00:00,542.1871337890625,560.2000122070312,573.5,557.25,567.9000244140625,5970862
2015-04-01 00:00:00+00:00,551.3333129882812,569.6500244140625,572.0,555.25,557.7000122070312,3753262
2015-04-06 00:00:00+00:00,550.7526245117188,569.0499877929688,571.9500122070312,562.0999755859375,571.9500122070312,4305263
2015-04-07 00:00:00+00:00,539.9126586914062,557.8499755859375,573.0,555.0,571.0,6754389
2015-04-08 00:00:00+00:00,538.025390625,555.9000244140625,564.0,551.0999755859375,561.7999877929688,5750765
2015-04-09 00:00:00+00:00,553.7529296875,572.1500244140625,577.0,555.0999755859375,560.0,9653162
2015-04-10 00:00:00+00:00,549.7847290039062,568.0499877929688,574.7999877929688,565.4000244140625,573.4000244140625,4938698
2015-04-13 00:00:00+00:00,547.8007202148438,566.0,571.6500244140625,562.0,570.0,4596222
2015-04-15 00:00:00+00:00,532.5086669921875,550.2000122070312,573.5,541.3499755859375,566.9000244140625,8869483
2015-04-16 00:00:00+00:00,533.0892944335938,550.7999877929688,556.4000244140625,543.0499877929688,552.0,7288785
2015-04-17 00:00:00+00:00,516.539306640625,533.7000122070312,550.3499755859375,531.7999877929688,550.0,6618167
2015-04-20 00:00:00+00:00,501.5860290527344,518.25,538.25,507.0,534.0999755859375,7836613
2015-04-21 00:00:00+00:00,506.3768615722656,523.2000122070312,532.7000122070312,516.5499877929688,518.25,7204472
2015-04-22 00:00:00+00:00,522.7334594726562,540.0999755859375,545.0,520.2999877929688,526.9500122070312,6947536
2015-04-23 00:00:00+00:00,520.8945922851562,538.2000122070312,548.7000122070312,535.5499877929688,543.25,5464184
2015-04-24 00:00:00+00:00,510.2965393066406,527.25,538.25,519.9000244140625,538.0,6533254
2015-04-27 00:00:00+00:00,507.3447265625,524.2000122070312,540.75,522.3499755859375,529.4000244140625,7839080
2015-04-28 00:00:00+00:00,517.79736328125,535.0,539.4500122070312,519.0999755859375,523.9000244140625,6322607
2015-04-29 00:00:00+00:00,534.2023315429688,551.9500122070312,559.9000244140625,535.25,535.9000244140625,9301407
2015-04-30 00:00:00+00:00,549.5429077148438,567.7999877929688,582.4000244140625,559.0,563.2999877929688,15658642
2015-05-04 00:00:00+00:00,550.0750732421875,568.3499755859375,576.0,562.7999877929688,571.4000244140625,4309985
2015-05-05 00:00:00+00:00,547.655517578125,565.8499755859375,574.25,562.5,569.0,5385676
2015-05-06 00:00:00+00:00,525.83056640625,543.2999877929688,565.9000244140625,541.2000122070312,564.0499877929688,7698992
2015-05-07 00:00:00+00:00,510.39337158203125,527.3499755859375,544.7999877929688,523.2999877929688,539.6500244140625,5848608
2015-05-08 00:00:00+00:00,523.410888671875,540.7999877929688,548.0,533.5,535.75,10010992
2015-05-11 00:00:00+00:00,533.3796997070312,551.0999755859375,552.0,543.0999755859375,545.5,6700085
2015-05-12 00:00:00+00:00,515.2326049804688,532.3499755859375,553.9000244140625,529.9000244140625,553.0,4943428
2015-05-13 00:00:00+00:00,540.5418701171875,558.5,564.2000122070312,535.2000122070312,538.0,7971625
2015-05-14 00:00:00+00:00,537.9769897460938,555.8499755859375,558.7999877929688,547.5,557.4000244140625,4929250
2015-05-15 00:00:00+00:00,543.9776000976562,562.0499877929688,567.2999877929688,557.0,558.5,5825462
2015-05-18 00:00:00+00:00,549.25244140625,567.5,569.8499755859375,558.6500244140625,563.2999877929688,3944770
2015-05-19 00:00:00+00:00,543.39697265625,561.4500122070312,570.9000244140625,558.5999755859375,566.0,6047850
2015-05-20 00:00:00+00:00,540.2998657226562,558.25,566.8499755859375,556.5,562.75,4763209
2015-05-21 00:00:00+00:00,552.1075439453125,570.4500122070312,572.0,560.0,560.0,6157883
2015-05-22 00:00:00+00:00,550.3654174804688,568.6500244140625,576.6500244140625,563.75,571.2999877929688,4265332
2015-05-25 00:00:00+00:00,544.0260009765625,562.0999755859375,569.75,560.2000122070312,568.0999755859375,3426379
2015-05-26 00:00:00+00:00,546.1068725585938,564.25,566.7999877929688,558.2000122070312,563.0,2475418
2015-05-27 00:00:00+00:00,559.22119140625,577.7999877929688,579.5,561.25,562.0,4120709
2015-05-28 00:00:00+00:00,556.1724853515625,574.6500244140625,585.7999877929688,570.4000244140625,578.9500122070312,8272414
2015-05-29 00:00:00+00:00,566.576904296875,585.4000244140625,587.2999877929688,574.7000122070312,575.5,3421723
2015-06-01 00:00:00+00:00,559.850341796875,578.4500122070312,588.9000244140625,577.0999755859375,586.9000244140625,3142413
2015-06-02 00:00:00+00:00,535.3154907226562,553.0999755859375,582.4000244140625,548.4000244140625,582.0,6978299
2015-06-03 00:00:00+00:00,533.1861572265625,550.9000244140625,554.0,538.5499877929688,553.25,5114150
2015-06-04 00:00:00+00:00,538.50927734375,556.4000244140625,560.0,546.0,560.0,7432416
2015-06-05 00:00:00+00:00,530.7666015625,548.4000244140625,557.25,546.0499877929688,556.0,7028734
2015-06-08 00:00:00+00:00,535.7993774414062,553.5999755859375,557.5,544.0,547.0,6286247
2015-06-09 00:00:00+00:00,540.7353515625,558.7000122070312,564.0,550.4500122070312,552.0499877929688,5252618
2015-06-10 00:00:00+00:00,546.3489379882812,564.5,567.7000122070312,558.8499755859375,558.9000244140625,7919473
2015-06-11 00:00:00+00:00,529.169677734375,546.75,570.2000122070312,545.0499877929688,567.9000244140625,7608358
2015-06-12 00:00:00+00:00,533.7184448242188,551.4500122070312,552.5,540.7999877929688,547.0,5518696
2015-06-15 00:00:00+00:00,532.3635864257812,550.0499877929688,555.0,545.3499755859375,553.9000244140625,5896234
2015-06-16 00:00:00+00:00,533.42822265625,551.1500244140625,553.9500122070312,540.0499877929688,550.0,6283177
2015-06-17 00:00:00+00:00,531.5892333984375,549.25,557.4000244140625,547.5999755859375,553.0999755859375,4522392
2015-06-18 00:00:00+00:00,532.3635864257812,550.0499877929688,554.7999877929688,547.4000244140625,551.7000122070312,5579425
2015-06-19 00:00:00+00:00,533.8152465820312,551.5499877929688,555.4000244140625,548.25,554.0,6783585
2015-06-22 00:00:00+00:00,553.7529296875,572.1500244140625,575.9000244140625,556.5499877929688,556.5499877929688,7325101
2015-06-23 00:00:00+00:00,552.9302368164062,571.2999877929688,579.5,566.2999877929688,575.5999755859375,6608481
2015-06-24 00:00:00+00:00,553.1238403320312,571.5,577.4000244140625,567.2000122070312,572.0,5427984
2015-06-25 00:00:00+00:00,551.720458984375,570.0499877929688,577.9000244140625,567.0499877929688,568.0999755859375,5953158
2015-06-26 00:00:00+00:00,547.3167114257812,565.5,569.7000122070312,560.0,568.0999755859375,4432487
2015-06-29 00:00:00+00:00,544.6068725585938,562.7000122070312,567.2999877929688,546.0,554.0,5390158
2015-06-30 00:00:00+00:00,540.977294921875,558.9500122070312,566.0,553.0,561.0499877929688,5479844
2015-07-01 00:00:00+00:00,560.0439453125,578.6500244140625,580.5,556.8499755859375,558.7999877929688,7663185
2015-07-02 00:00:00+00:00,565.2218627929688,584.0,586.6500244140625,576.0999755859375,580.0999755859375,9886455
2015-07-03 00:00:00+00:00,567.109130859375,585.9500122070312,588.5,581.0,581.8499755859375,4422432
2015-07-06 00:00:00+00:00,565.4154663085938,584.2000122070312,585.7999877929688,573.5,575.5,4973984
2015-07-07 00:00:00+00:00,567.35107421875,586.2000122070312,590.75,581.3499755859375,585.2999877929688,4969526
2015-07-08 00:00:00+00:00,558.108154296875,576.6500244140625,585.0,574.9000244140625,578.0,6414143
2015-07-09 00:00:00+00:00,557.7667236328125,571.7000122070312,577.4000244140625,566.4000244140625,575.8499755859375,3602432
2015-07-10 00:00:00+00:00,564.0107421875,578.0999755859375,583.0,570.7999877929688,574.2000122070312,6853759
2015-07-13 00:00:00+00:00,567.7669067382812,581.9500122070312,583.4500122070312,570.1500244140625,578.0999755859375,5161182
2015-07-14 00:00:00+00:00,569.66943359375,583.9000244140625,587.6500244140625,578.9000244140625,582.5999755859375,4566647
2015-07-15 00:00:00+00:00,569.7670288085938,584.0,589.4500122070312,581.5,584.5499877929688,3307716
2015-07-16 00:00:00+00:00,593.8162231445312,608.6500244140625,613.4500122070312,587.0,587.4000244140625,14142842
2015-07-17 00:00:00+00:00,587.4258422851562,602.0999755859375,609.9000244140625,598.5,604.5,5847889
2015-07-20 00:00:00+00:00,585.279541015625,599.9000244140625,603.4000244140625,590.2999877929688,600.0,4688323
2015-07-21 00:00:00+00:00,570.401123046875,584.6500244140625,601.0,582.75,596.5999755859375,4375934
2015-07-22 00:00:00+00:00,575.474365234375,589.8499755859375,593.5,579.0,582.8499755859375,5900119
2015-07-23 00:00:00+00:00,569.5230712890625,583.75,598.5499877929688,581.4000244140625,590.0,5569255
2015-07-24 00:00:00+00:00,566.3035278320312,580.4500122070312,593.75,575.0999755859375,587.6500244140625,13673495
2015-07-27 00:00:00+00:00,542.2542724609375,555.7999877929688,579.4500122070312,553.75,577.5,9829067
2015-07-28 00:00:00+00:00,547.5714111328125,561.25,564.0,550.4500122070312,558.5999755859375,8129213
2015-07-29 00:00:00+00:00,553.3765258789062,567.2000122070312,568.1500244140625,562.0,563.2999877929688,4635380
2015-07-30 00:00:00+00:00,551.9130249023438,565.7000122070312,575.75,563.0999755859375,571.4000244140625,6484751
2015-07-31 00:00:00+00:00,559.5228881835938,573.5,579.2999877929688,567.0,567.7000122070312,6283549
2015-08-03 00:00:00+00:00,562.6449584960938,576.7000122070312,582.7000122070312,573.4000244140625,576.0,4355574
2015-08-04 00:00:00+00:00,565.9620361328125,580.0999755859375,584.4500122070312,571.6500244140625,578.9000244140625,5903968
2015-08-05 00:00:00+00:00,566.2547607421875,580.4000244140625,589.5,576.5,582.0,3419273
2015-08-06 00:00:00+00:00,570.4987182617188,584.75,586.5,578.9500122070312,580.0,3125993
2015-08-07 00:00:00+00:00,566.1571655273438,580.2999877929688,584.9000244140625,576.0,584.9000244140625,2298504
2015-08-10 00:00:00+00:00,561.8643798828125,575.9000244140625,584.7000122070312,570.75,582.75,2402572
2015-08-11 00:00:00+00:00,557.3277587890625,571.25,580.8499755859375,566.3499755859375,577.7000122070312,3168648
2015-08-12 00:00:00+00:00,544.2543334960938,557.8499755859375,569.7999877929688,556.0,569.4000244140625,4787034
2015-08-13 00:00:00+00:00,553.7178955078125,567.5499877929688,571.4500122070312,560.0,563.5,5982710
2015-08-14 00:00:00+00:00,556.1082153320312,570.0,574.25,554.8499755859375,565.1500244140625,7528941
2015-08-17 00:00:00+00:00,547.7177124023438,561.4000244140625,571.75,560.0499877929688,569.75,4466163
2015-08-18 00:00:00+00:00,547.6689453125,561.3499755859375,567.25,555.5,567.0,2952439
2015-08-19 00:00:00+00:00,540.4982299804688,554.0,561.75,552.7999877929688,560.9000244140625,4135059
2015-08-20 00:00:00+00:00,520.400146484375,533.4000244140625,553.0,529.5,550.0,8909772
2015-08-21 00:00:00+00:00,512.49755859375,525.2999877929688,528.9000244140625,514.2999877929688,527.0,10454764
2015-08-24 00:00:00+00:00,470.3016357421875,482.04998779296875,506.70001220703125,475.1000061035156,506.70001220703125,17627734
2015-08-25 00:00:00+00:00,490.69232177734375,502.95001220703125,506.25,483.5,489.0,14248966
2015-08-26 00:00:00+00:00,483.5214538574219,495.6000061035156,501.8999938964844,488.6499938964844,499.5,6910566
2015-08-27 00:00:00+00:00,496.8387756347656,509.25,512.0,496.45001220703125,505.70001220703125,11302689
2015-08-28 00:00:00+00:00,495.7655944824219,508.1499938964844,528.9000244140625,502.25,516.0,10015309
2015-08-31 00:00:00+00:00,495.37530517578125,507.75,517.9000244140625,502.0,506.70001220703125,6111825
2015-09-01 00:00:00+00:00,468.399169921875,480.1000061035156,501.0,477.1499938964844,500.0,8843551
2015-09-02 00:00:00+00:00,455.2282409667969,466.6000061035156,488.0,464.6000061035156,483.04998779296875,11537443
2015-09-03 00:00:00+00:00,475.0334777832031,486.8999938964844,489.5,468.75,471.0,8651466
2015-09-04 00:00:00+00:00,456.5940856933594,468.0,483.3999938964844,462.5,483.1000061035156,8969600
2015-09-07 00:00:00+00:00,438.886474609375,449.8500061035156,472.20001220703125,446.75,469.6499938964844,9743637
2015-09-08 00:00:00+00:00,462.3503112792969,473.8999938964844,475.6000061035156,450.0,452.25,12602488
2015-09-09 00:00:00+00:00,474.3993225097656,486.25,495.0,475.1000061035156,484.20001220703125,11672474
2015-09-10 00:00:00+00:00,470.8382568359375,482.6000061035156,487.0,472.1000061035156,477.79998779296875,8384392
2015-09-11 00:00:00+00:00,469.52117919921875,481.25,493.70001220703125,474.6000061035156,488.0,7212180
2015-09-14 00:00:00+00:00,484.1068115234375,496.20001220703125,498.0,479.25,480.0,5537347
2015-09-15 00:00:00+00:00,470.1552734375,481.8999938964844,498.5,480.8500061035156,497.1000061035156,9567400
2015-09-16 00:00:00+00:00,482.2043762207031,494.25,497.0,486.0,487.45001220703125,7293528
2015-09-18 00:00:00+00:00,504.83892822265625,517.4500122070312,520.4000244140625,500.0,500.0,18814281
2015-09-21 00:00:00+00:00,515.1317749023438,528.0,530.0,508.75,510.54998779296875,7516002
2015-09-22 00:00:00+00:00,497.2778015136719,509.70001220703125,534.7000122070312,505.20001220703125,531.0,7358434
2015-09-23 00:00:00+00:00,499.2290344238281,511.70001220703125,514.8499755859375,497.1000061035156,498.75,7602683
2015-09-24 00:00:00+00:00,501.42425537109375,513.9500122070312,518.2000122070312,506.20001220703125,510.0,6911468
2015-09-28 00:00:00+00:00,494.3508605957031,506.70001220703125,522.0,505.0,514.5,6526803
2015-09-29 00:00:00+00:00,492.20452880859375,504.5,513.5,485.0,499.8999938964844,19935063
2015-09-30 00:00:00+00:00,483.5702209472656,495.6499938964844,510.0,491.5,508.79998779296875,12199436
2015-10-01 00:00:00+00:00,484.1556091308594,496.25,503.45001220703125,490.8999938964844,500.0,8137042
2015-10-05 00:00:00+00:00,500.7413024902344,513.25,514.9000244140625,501.54998779296875,504.5,9558125
2015-10-06 00:00:00+00:00,494.0581970214844,506.3999938964844,518.5499877929688,505.0,517.3499755859375,8226452
2015-10-07 00:00:00+00:00,484.692138671875,496.79998779296875,509.79998779296875,495.0,503.25,11251639
2015-10-08 00:00:00+00:00,479.5213317871094,491.5,500.45001220703125,484.20001220703125,500.0,9941551
2015-10-09 00:00:00+00:00,478.49700927734375,490.45001220703125,499.25,486.75,495.0,10368020
2015-10-12 00:00:00+00:00,475.1798400878906,487.04998779296875,497.79998779296875,485.1000061035156,497.79998779296875,5566595
2015-10-13 00:00:00+00:00,478.9360046386719,490.8999938964844,492.1000061035156,485.0,487.0,7268043
2015-10-14 00:00:00+00:00,483.42388916015625,495.5,496.79998779296875,488.04998779296875,489.70001220703125,5645540
2015-10-15 00:00:00+00:00,486.54583740234375,498.70001220703125,502.0,495.54998779296875,497.0,5251039
2015-10-16 00:00:00+00:00,492.6923522949219,505.0,507.5,491.3999938964844,494.5,5875167
2015-10-19 00:00:00+00:00,494.3021240234375,506.6499938964844,508.79998779296875,501.1499938964844,502.0,4242869
2015-10-20 00:00:00+00:00,496.985107421875,509.3999938964844,513.2999877929688,504.6000061035156,504.6000061035156,5729459
2015-10-21 00:00:00+00:00,499.27783203125,511.75,514.75,505.0,509.29998779296875,6245542
2015-10-23 00:00:00+00:00,512.8390502929688,525.6500244140625,527.5,515.25,515.25,11628906
2015-10-26 00:00:00+00:00,508.3511047363281,521.0499877929688,532.7000122070312,519.2000122070312,528.8499755859375,8015119
2015-10-27 00:00:00+00:00,509.08294677734375,521.7999877929688,528.5,515.6500244140625,517.25,13011580
2015-10-28 00:00:00+00:00,471.13092041015625,482.8999938964844,495.70001220703125,476.54998779296875,495.70001220703125,33157058
2015-10-29 00:00:00+00:00,457.52093505859375,468.95001220703125,486.3999938964844,467.04998779296875,485.0,22054683
2015-10-30 00:00:00+00:00,463.8137512207031,475.3999938964844,478.3999938964844,465.0,472.0,16103533
2015-11-02 00:00:00+00:00,466.5942687988281,478.25,479.8500061035156,473.1000061035156,477.79998779296875,10316509
2015-11-03 00:00:00+00:00,463.0820617675781,474.6499938964844,483.5,473.3500061035156,481.0,9337442
2015-11-04 00:00:00+00:00,460.984375,472.5,480.1000061035156,470.6000061035156,480.0,6319148
2015-11-05 00:00:00+00:00,452.4964599609375,463.79998779296875,472.0,462.0,472.0,8078032
2015-11-06 00:00:00+00:00,453.8135681152344,465.1499938964844,467.5,459.5,462.0,9185858
2015-11-09 00:00:00+00:00,453.6184387207031,464.95001220703125,467.0,445.8999938964844,453.0,9643857
2015-11-10 00:00:00+00:00,456.9355773925781,468.3500061035156,473.5,462.25,463.0,7040567
2015-11-13 00:00:00+00:00,473.1310119628906,484.95001220703125,487.20001220703125,472.29998779296875,475.3999938964844,10014779
2015-11-16 00:00:00+00:00,469.71630859375,481.45001220703125,485.0,477.0,484.0,6488927
2015-11-17 00:00:00+00:00,464.00885009765625,475.6000061035156,485.0,473.04998779296875,484.75,5944197
2015-11-18 00:00:00+00:00,452.2525329589844,463.54998779296875,476.70001220703125,462.20001220703125,474.70001220703125,6081331
2015-11-19 00:00:00+00:00,451.76470947265625,463.04998779296875,468.0,460.1000061035156,468.0,8717250
2015-11-20 00:00:00+00:00,448.6427001953125,459.8500061035156,465.3500061035156,458.25,462.95001220703125,11446890
2015-11-23 00:00:00+00:00,451.4232482910156,462.70001220703125,464.25,458.70001220703125,461.0,7774882
2015-11-24 00:00:00+00:00,452.5452575683594,463.8500061035156,466.95001220703125,462.70001220703125,462.8500061035156,5388027
2015-11-26 00:00:00+00:00,453.95989990234375,465.29998779296875,468.54998779296875,464.5,465.1000061035156,26648537
2015-11-27 00:00:00+00:00,459.5210266113281,471.0,475.3999938964844,466.1000061035156,467.0,10288912
2015-11-30 00:00:00+00:00,457.2282409667969,468.6499938964844,474.3999938964844,468.1000061035156,469.25,8926273
2015-12-01 00:00:00+00:00,450.3500671386719,461.6000061035156,471.3500061035156,458.1499938964844,471.0,11177827
2015-12-02 00:00:00+00:00,448.30120849609375,459.5,463.3999938964844,457.25,462.25,7152991
2015-12-03 00:00:00+00:00,451.2281494140625,462.5,465.3500061035156,458.6499938964844,460.0,8154164
2015-12-04 00:00:00+00:00,449.2768859863281,460.5,462.79998779296875,456.1000061035156,459.8999938964844,7000002
2015-12-07 00:00:00+00:00,451.032958984375,462.29998779296875,465.54998779296875,460.29998779296875,462.95001220703125,6335649
2015-12-08 00:00:00+00:00,447.6182861328125,458.79998779296875,462.95001220703125,457.5,460.0,7003729
2015-12-09 00:00:00+00:00,439.6181945800781,450.6000061035156,461.1000061035156,448.0,457.04998779296875,8745990
2015-12-10 00:00:00+00:00,438.9840393066406,449.95001220703125,454.6000061035156,445.1000061035156,452.0,10192522
2015-12-11 00:00:00+00:00,429.9106750488281,440.6499938964844,450.79998779296875,436.54998779296875,449.95001220703125,15589823
2015-12-14 00:00:00+00:00,420.8373107910156,431.3500061035156,441.45001220703125,429.5,432.0,10389129
2015-12-15 00:00:00+00:00,425.4715270996094,436.1000061035156,436.8999938964844,429.6499938964844,432.0,11058615
2015-12-16 00:00:00+00:00,427.4715881347656,438.1499938964844,441.8999938964844,434.0,437.0,8881531
2015-12-17 00:00:00+00:00,424.9349365234375,435.54998779296875,443.6499938964844,431.45001220703125,442.0,11529678
2015-12-18 00:00:00+00:00,422.008056640625,432.54998779296875,440.79998779296875,431.1000061035156,434.29998779296875,10297545
2015-12-21 00:00:00+00:00,431.5692443847656,442.3500061035156,443.20001220703125,432.1499938964844,432.54998779296875,5061836
2015-12-22 00:00:00+00:00,435.8132019042969,446.70001220703125,450.6499938964844,441.6000061035156,442.8999938964844,8722574
2015-12-23 00:00:00+00:00,440.9840393066406,452.0,452.70001220703125,448.20001220703125,450.0,4493436
2015-12-24 00:00:00+00:00,439.7644958496094,450.75,455.25,448.45001220703125,452.79998779296875,3633255
2015-12-28 00:00:00+00:00,444.2524108886719,455.3500061035156,456.6000061035156,448.3999938964844,450.0,5914945
2015-12-29 00:00:00+00:00,447.17926025390625,458.3500061035156,459.8999938964844,451.20001220703125,455.3999938964844,5987050
2015-12-30 00:00:00+00:00,444.0085144042969,455.1000061035156,460.0,453.6000061035156,458.0,3766369
2015-12-31 00:00:00+00:00,438.15472412109375,449.1000061035156,456.0,448.20001220703125,456.0,6329611
2016-01-01 00:00:00+00:00,438.9352111816406,449.8999938964844,452.8999938964844,445.54998779296875,449.75,3345654
2016-01-04 00:00:00+00:00,427.71551513671875,438.3999938964844,448.8999938964844,436.1499938964844,448.8999938964844,5862854
2016-01-05 00:00:00+00:00,425.81304931640625,436.45001220703125,439.8999938964844,433.6000061035156,439.8999938964844,5579449
2016-01-06 00:00:00+00:00,420.20318603515625,430.70001220703125,439.29998779296875,430.0,439.29998779296875,5756267
2016-01-07 00:00:00+00:00,399.27587890625,409.25,425.1499938964844,407.0,425.0,13787371
2016-01-08 00:00:00+00:00,403.6174621582031,413.70001220703125,418.75,410.0,413.5,11307470
2016-01-11 00:00:00+00:00,407.0321960449219,417.20001220703125,423.3999938964844,407.3999938964844,410.0,10352347
2016-01-12 00:00:00+00:00,396.2027282714844,406.1000061035156,420.6499938964844,401.0,419.79998779296875,13070476
2016-01-13 00:00:00+00:00,396.7881164550781,406.70001220703125,411.45001220703125,392.45001220703125,410.0,15873927
2016-01-14 00:00:00+00:00,381.0804443359375,390.6000061035156,402.0,388.75,394.79998779296875,11776737
2016-01-15 00:00:00+00:00,365.1288757324219,374.25,395.8500061035156,369.0,392.45001220703125,13178892
2016-01-18 00:00:00+00:00,364.10455322265625,373.20001220703125,383.3500061035156,366.75,372.25,14117119
2016-01-19 00:00:00+00:00,383.4219970703125,393.0,396.0,376.0,376.0,14215698
2016-01-20 00:00:00+00:00,378.153564453125,387.6000061035156,393.3999938964844,374.6499938964844,385.6000061035156,15605644
2016-01-21 00:00:00+00:00,399.1783142089844,409.1499938964844,412.45001220703125,397.70001220703125,400.0,28200956
2016-01-22 00:00:00+00:00,413.81280517578125,424.1499938964844,427.6499938964844,414.6000061035156,419.3999938964844,15009103
2016-01-25 00:00:00+00:00,410.5932312011719,420.8500061035156,429.75,415.20001220703125,429.75,10252421
2016-01-27 00:00:00+00:00,405.2760314941406,415.3999938964844,426.5,411.6000061035156,424.1000061035156,8648945
2016-01-28 00:00:00+00:00,395.7636413574219,405.6499938964844,416.8999938964844,402.3999938964844,416.0,9370465
2016-01-29 00:00:00+00:00,398.4466247558594,408.3999938964844,409.79998779296875,393.25,396.0,13667701
2016-02-01 00:00:00+00:00,389.56842041015625,399.29998779296875,410.3500061035156,394.5,410.0,10700914
2016-02-02 00:00:00+00:00,381.37310791015625,390.8999938964844,404.45001220703125,388.6000061035156,399.0,12131028
2016-02-03 00:00:00+00:00,371.2753601074219,380.54998779296875,390.0,379.1499938964844,387.0,10077279
2016-02-04 00:00:00+00:00,373.42181396484375,382.75,386.6000061035156,373.3500061035156,385.75,11472602
2016-02-05 00:00:00+00:00,389.81231689453125,399.54998779296875,405.0,384.25,384.70001220703125,11677917
2016-02-08 00:00:00+00:00,398.5929260253906,408.54998779296875,417.95001220703125,401.0,401.0,11996680
2016-02-09 00:00:00+00:00,390.1537780761719,399.8999938964844,405.8999938964844,396.0,401.0,6550274
2016-02-10 00:00:00+00:00,384.00738525390625,393.6000061035156,398.0,385.3500061035156,397.8999938964844,10922352
2016-02-11 00:00:00+00:00,368.007080078125,377.20001220703125,396.75,373.29998779296875,392.8999938964844,8076824
2016-02-12 00:00:00+00:00,381.56829833984375,391.1000061035156,395.95001220703125,379.1000061035156,389.3999938964844,28434501
2016-02-15 00:00:00+00:00,407.4712219238281,417.6499938964844,420.0,395.6499938964844,395.6499938964844,13964589
2016-02-16 00:00:00+00:00,395.9100036621094,405.79998779296875,422.5,405.0,420.79998779296875,12445006
2016-02-17 00:00:00+00:00,393.27581787109375,403.1000061035156,406.8999938964844,394.75,406.8999938964844,10197761
2016-02-18 00:00:00+00:00,388.3488464355469,398.04998779296875,412.1000061035156,391.6000061035156,410.20001220703125,12069460
2016-02-19 00:00:00+00:00,382.9341125488281,392.5,396.8999938964844,390.0,395.6000061035156,12915275
2016-02-22 00:00:00+00:00,387.47076416015625,397.1499938964844,398.75,391.04998779296875,395.0,10284642
2016-02-23 00:00:00+00:00,375.76324462890625,385.1499938964844,397.8999938964844,383.25,397.8999938964844,9955791
2016-02-24 00:00:00+00:00,377.2266845703125,386.6499938964844,391.0,377.25,385.0,11983475
2016-02-25 00:00:00+00:00,368.982666015625,378.20001220703125,387.79998779296875,377.45001220703125,386.1000061035156,9491615
2016-02-26 00:00:00+00:00,376.93402099609375,386.3500061035156,390.29998779296875,382.1499938964844,385.0,9588881
2016-02-29 00:00:00+00:00,366.5923767089844,375.75,391.6499938964844,374.0,387.0,82022905
2016-03-01 00:00:00+00:00,382.44635009765625,392.0,393.20001220703125,380.1000061035156,380.1000061035156,12822550
2016-03-02 00:00:00+00:00,397.32464599609375,407.25,411.79998779296875,400.0,400.0,15332044
2016-03-03 00:00:00+00:00,406.9833679199219,417.1499938964844,419.0,407.1000061035156,411.3500061035156,14677533
2016-03-04 00:00:00+00:00,405.91021728515625,416.04998779296875,418.1499938964844,409.25,418.1499938964844,8992492
2016-03-08 00:00:00+00:00,401.7149658203125,411.75,423.04998779296875,408.79998779296875,415.6000061035156,6921273
2016-03-09 00:00:00+00:00,406.69073486328125,416.8500061035156,418.20001220703125,407.5,409.0,8437253
2016-03-10 00:00:00+00:00,402.9345397949219,413.0,420.0,410.6000061035156,417.5,5631550
2016-03-11 00:00:00+00:00,402.7394104003906,412.79998779296875,421.95001220703125,408.25,413.8500061035156,8348484
2016-03-14 00:00:00+00:00,405.3248291015625,415.45001220703125,422.25,413.1000061035156,417.6000061035156,6963673
2016-03-15 00:00:00+00:00,408.6419982910156,418.8500061035156,421.75,416.1000061035156,417.5,8188560
2016-03-16 00:00:00+00:00,414.2518615722656,424.6000061035156,426.3500061035156,411.0,419.0,8290044
2016-03-17 00:00:00+00:00,417.71527099609375,428.1499938964844,435.0,425.5,430.0,11080947
2016-03-18 00:00:00+00:00,425.4715270996094,436.1000061035156,437.6000061035156,429.1000061035156,429.95001220703125,6675930
2016-03-21 00:00:00+00:00,433.66680908203125,444.5,445.5,437.8999938964844,439.0,8910574
2016-03-22 00:00:00+00:00,430.4960632324219,441.25,447.6000061035156,434.29998779296875,447.0,8004834
2016-03-23 00:00:00+00:00,426.83740234375,437.5,441.25,435.1000061035156,439.25,5018310
2016-03-28 00:00:00+00:00,412.5932312011719,422.8999938964844,438.6000061035156,419.79998779296875,437.8500061035156,9200929
2016-03-29 00:00:00+00:00,418.983642578125,429.45001220703125,432.8999938964844,422.3999938964844,423.8999938964844,6674980
2016-03-30 00:00:00+00:00,433.42291259765625,444.25,445.70001220703125,432.1000061035156,433.29998779296875,9551121
2016-03-31 00:00:00+00:00,433.3253173828125,444.1499938964844,449.0,438.20001220703125,443.70001220703125,12671936
2016-04-01 00:00:00+00:00,438.9352111816406,449.8999938964844,452.0,440.04998779296875,440.8999938964844,8827751
2016-04-04 00:00:00+00:00,433.91070556640625,444.75,451.54998779296875,442.1000061035156,451.5,5347581
2016-04-05 00:00:00+00:00,422.05682373046875,432.6000061035156,449.5,431.0,443.3999938964844,12100258
2016-04-06 00:00:00+00:00,414.30059814453125,424.6499938964844,436.29998779296875,423.1000061035156,433.29998779296875,7457831
2016-04-07 00:00:00+00:00,416.25189208984375,426.6499938964844,431.79998779296875,424.8999938964844,427.75,5374072
2016-04-08 00:00:00+00:00,411.324951171875,421.6000061035156,427.3500061035156,420.04998779296875,426.70001220703125,6881318
2016-04-11 00:00:00+00:00,419.3251037597656,429.79998779296875,431.8999938964844,417.5,423.8999938964844,6221772
2016-04-12 00:00:00+00:00,423.4715270996094,434.04998779296875,436.45001220703125,429.3999938964844,430.5,5586212
2016-04-13 00:00:00+00:00,429.7643127441406,440.5,445.29998779296875,438.1000061035156,440.04998779296875,9091282
2016-04-18 00:00:00+00:00,434.3985290527344,445.25,446.04998779296875,437.3999938964844,444.95001220703125,6674315
2016-04-20 00:00:00+00:00,447.9109802246094,459.1000061035156,460.6499938964844,444.3500061035156,446.1000061035156,10775664
2016-04-21 00:00:00+00:00,456.5452880859375,467.95001220703125,472.75,463.0,463.79998779296875,11717618
2016-04-22 00:00:00+00:00,464.2528076171875,475.8500061035156,478.5,462.1000061035156,465.6000061035156,7323373
2016-04-25 00:00:00+00:00,458.4477233886719,469.8999938964844,477.3500061035156,465.0,474.0,7474910
2016-04-26 00:00:00+00:00,468.49676513671875,480.20001220703125,484.8999938964844,463.6499938964844,470.1000061035156,12685893
2016-04-27 00:00:00+00:00,454.1549987792969,465.5,473.5,458.04998779296875,461.29998779296875,29544825
2016-04-28 00:00:00+00:00,456.6428527832031,468.04998779296875,471.8500061035156,461.54998779296875,463.0,16457436
2016-04-29 00:00:00+00:00,460.8868408203125,472.3999938964844,477.45001220703125,465.04998779296875,466.75,10883473
2016-05-02 00:00:00+00:00,460.3014831542969,471.79998779296875,479.0,468.45001220703125,474.3500061035156,9439328
2016-05-03 00:00:00+00:00,459.0819396972656,470.54998779296875,475.0,466.29998779296875,473.8999938964844,8097969
2016-05-04 00:00:00+00:00,451.17938232421875,462.45001220703125,470.0,460.25,466.0,8777977
2016-05-05 00:00:00+00:00,449.8135070800781,461.04998779296875,467.29998779296875,458.45001220703125,463.0,8736141
2016-05-06 00:00:00+00:00,450.2037353515625,461.45001220703125,464.04998779296875,459.0,461.0,4804806
2016-05-09 00:00:00+00:00,465.47235107421875,477.1000061035156,478.0,461.6499938964844,465.79998779296875,10228014
2016-05-10 00:00:00+00:00,476.0578918457031,487.95001220703125,489.0,478.1499938964844,479.0,12131886
2016-05-11 00:00:00+00:00,486.05810546875,498.20001220703125,499.3500061035156,480.25,482.6000061035156,21878712
2016-05-12 00:00:00+00:00,480.54571533203125,492.54998779296875,506.8999938964844,490.6000061035156,498.6000061035156,13528266
2016-05-13 00:00:00+00:00,478.69207763671875,490.6499938964844,496.20001220703125,486.5,493.70001220703125,7426191
2016-05-16 00:00:00+00:00,474.5944519042969,486.45001220703125,493.6499938964844,477.25,492.0,5809867
2016-05-17 00:00:00+00:00,491.08251953125,503.3500061035156,505.5,490.29998779296875,490.70001220703125,8982435
2016-05-18 00:00:00+00:00,488.88739013671875,501.1000061035156,503.0,495.25,498.5,8241793
2016-05-19 00:00:00+00:00,478.54571533203125,490.5,501.75,489.0,501.75,5989236
2016-05-20 00:00:00+00:00,478.6433410644531,490.6000061035156,495.70001220703125,488.1000061035156,493.95001220703125,5012902
2016-05-23 00:00:00+00:00,474.6432189941406,486.5,495.3999938964844,485.0,495.3999938964844,4700955
2016-05-24 00:00:00+00:00,477.0335388183594,488.95001220703125,490.95001220703125,482.0,483.25,4838908
2016-05-25 00:00:00+00:00,489.91180419921875,502.1499938964844,503.0,493.3500061035156,494.0,7144175
2016-05-26 00:00:00+00:00,506.3511047363281,519.0,523.0,500.25,502.5,11207975
2016-05-27 00:00:00+00:00,499.9120178222656,512.4000244140625,525.0,509.0,520.25,7699491
2016-05-30 00:00:00+00:00,501.1802978515625,513.7000122070312,522.0499877929688,512.5,513.9500122070312,4892196
2016-05-31 00:00:00+00:00,502.64373779296875,515.2000122070312,518.7000122070312,510.70001220703125,515.0,5706744
2016-06-01 00:00:00+00:00,499.47296142578125,511.95001220703125,529.4500122070312,510.0,524.8499755859375,9559476
2016-06-02 00:00:00+00:00,511.57073974609375,524.3499755859375,525.0,506.75,510.5,7013241
2016-06-03 00:00:00+00:00,529.4248046875,542.6500244140625,544.9500122070312,527.0,527.1500244140625,13581215
2016-06-06 00:00:00+00:00,519.863525390625,532.8499755859375,545.0,530.2999877929688,542.0999755859375,9416306
2016-06-07 00:00:00+00:00,521.375732421875,534.4000244140625,539.0999755859375,526.75,539.0999755859375,11455340
2016-06-08 00:00:00+00:00,525.8637084960938,539.0,541.4500122070312,530.7999877929688,536.4000244140625,6988719
2016-06-09 00:00:00+00:00,529.3759155273438,542.5999755859375,545.9000244140625,537.0999755859375,542.9500122070312,7019405
2016-06-10 00:00:00+00:00,527.8636474609375,541.0499877929688,549.1500244140625,538.2999877929688,540.0,6382258
2016-06-13 00:00:00+00:00,518.205078125,531.1500244140625,534.5999755859375,524.0,529.7999877929688,6788154
2016-06-14 00:00:00+00:00,516.7416381835938,529.6500244140625,535.7999877929688,525.5,535.7999877929688,8234417
2016-06-15 00:00:00+00:00,515.9122314453125,528.7999877929688,533.4000244140625,522.6500244140625,531.9000244140625,7836638
2016-06-16 00:00:00+00:00,510.692626953125,523.4500122070312,528.2999877929688,516.0,528.0,5375177
2016-06-17 00:00:00+00:00,514.0586547851562,526.9000244140625,533.9000244140625,524.7000122070312,526.9000244140625,7201452
2016-06-20 00:00:00+00:00,509.7170715332031,522.4500122070312,523.9000244140625,514.0,515.0,11335041
2016-06-21 00:00:00+00:00,504.7901306152344,517.4000244140625,524.5,515.4500122070312,524.5,5301794
2016-06-22 00:00:00+00:00,503.6193542480469,516.2000122070312,521.0,513.5999755859375,517.9000244140625,5374493
2016-06-23 00:00:00+00:00,513.57080078125,526.4000244140625,528.0,514.7999877929688,518.0,5874012
2016-06-24 00:00:00+00:00,498.05828857421875,510.5,511.6000061035156,492.79998779296875,502.0,9745784
2016-06-27 00:00:00+00:00,501.9120788574219,514.4500122070312,517.5999755859375,507.1499938964844,507.3999938964844,4612787
2016-06-28 00:00:00+00:00,501.4729919433594,514.0,520.5,512.75,515.0,4479273
2016-06-29 00:00:00+00:00,505.22918701171875,517.8499755859375,518.9500122070312,514.25,518.5,4721178
2016-06-30 00:00:00+00:00,520.4976806640625,533.5,535.25,521.0,522.0,10912401
2016-07-01 00:00:00+00:00,529.668701171875,542.9000244140625,545.7000122070312,535.5,535.7999877929688,6701034
2016-07-04 00:00:00+00:00,530.5955200195312,543.8499755859375,546.9500122070312,539.5,545.5,5173772
2016-07-05 00:00:00+00:00,526.546630859375,539.7000122070312,546.25,535.25,541.2000122070312,5219466
2016-07-07 00:00:00+00:00,533.9815063476562,542.25,545.9000244140625,535.2999877929688,539.2000122070312,4650991
2016-07-08 00:00:00+00:00,538.1174926757812,546.4500122070312,548.5,540.0,541.0,6016471
2016-07-11 00:00:00+00:00,536.0988159179688,544.4000244140625,553.0,541.5499877929688,551.6500244140625,6082359
2016-07-12 00:00:00+00:00,552.4456176757812,561.0,562.0999755859375,549.1500244140625,550.0,6541827
2016-07-13 00:00:00+00:00,548.3588256835938,556.8499755859375,563.7000122070312,551.0999755859375,563.7000122070312,6365885
2016-07-14 00:00:00+00:00,551.70703125,560.25,561.7000122070312,553.5999755859375,555.75,4020476
2016-07-15 00:00:00+00:00,556.4337768554688,565.0499877929688,570.4500122070312,556.0,556.1500244140625,6247207
2016-07-18 00:00:00+00:00,562.2931518554688,571.0,576.7999877929688,569.0,570.0,6641864
2016-07-19 00:00:00+00:00,556.8277587890625,565.4500122070312,573.8499755859375,563.8499755859375,570.7000122070312,5547223
2016-07-20 00:00:00+00:00,549.737548828125,558.25,567.8499755859375,555.8499755859375,563.2999877929688,5258296
2016-07-21 00:00:00+00:00,529.8455810546875,538.0499877929688,557.9000244140625,535.5499877929688,557.9000244140625,9416152
2016-07-22 00:00:00+00:00,529.5009155273438,537.7000122070312,545.2999877929688,532.9000244140625,537.9500122070312,8134377
2016-07-25 00:00:00+00:00,529.8948364257812,538.0999755859375,540.0,518.5,518.5,15701682
2016-07-26 00:00:00+00:00,545.3553466796875,553.7999877929688,559.2000122070312,535.4500122070312,539.7000122070312,11437473
2016-07-27 00:00:00+00:00,540.4808959960938,548.8499755859375,558.0999755859375,543.4500122070312,553.8499755859375,7787071
2016-07-28 00:00:00+00:00,535.5570678710938,543.8499755859375,553.3499755859375,538.0499877929688,548.0999755859375,12174235
2016-07-29 00:00:00+00:00,537.8221435546875,546.1500244140625,551.7999877929688,542.5,542.5,4861274
2016-08-01 00:00:00+00:00,542.1549682617188,550.5499877929688,557.7000122070312,546.25,546.25,7026398
2016-08-02 00:00:00+00:00,541.2687377929688,549.6500244140625,555.5999755859375,547.0999755859375,552.0,5749264
2016-08-03 00:00:00+00:00,540.9732666015625,549.3499755859375,552.9500122070312,540.8499755859375,549.6500244140625,6489800
2016-08-04 00:00:00+00:00,539.1514892578125,547.5,556.0,544.6500244140625,551.9000244140625,5769753
2016-08-05 00:00:00+00:00,558.600341796875,567.25,569.0,550.5499877929688,552.4000244140625,8030392
2016-08-08 00:00:00+00:00,562.44091796875,571.1500244140625,572.4000244140625,565.25,568.4500122070312,7360104
2016-08-09 00:00:00+00:00,565.3458251953125,574.0999755859375,576.0,566.7000122070312,570.5,7958291
2016-08-10 00:00:00+00:00,559.2404174804688,567.9000244140625,575.2999877929688,563.0,574.0499877929688,6611328
2016-08-11 00:00:00+00:00,561.062255859375,569.75,574.9000244140625,564.25,564.25,5098948
2016-08-12 00:00:00+00:00,581.9882202148438,591.0,593.2000122070312,569.7999877929688,569.8499755859375,13209690
2016-08-16 00:00:00+00:00,574.405517578125,583.2999877929688,593.9500122070312,580.0,593.9500122070312,11126973
2016-08-17 00:00:00+00:00,580.5110473632812,589.5,598.0,585.2000122070312,588.2000122070312,9879769
2016-08-18 00:00:00+00:00,584.1054077148438,593.1500244140625,597.2999877929688,590.7999877929688,591.0999755859375,12089285
2016-08-19 00:00:00+00:00,579.5755615234375,588.5499877929688,597.5999755859375,586.0999755859375,595.4000244140625,9209878
2016-08-22 00:00:00+00:00,571.4020385742188,580.25,589.9500122070312,579.4000244140625,589.9000244140625,9499230
2016-08-23 00:00:00+00:00,573.6177368164062,582.5,585.0,580.0999755859375,581.25,6963978
2016-08-24 00:00:00+00:00,574.5040893554688,583.4000244140625,584.8499755859375,578.6500244140625,584.8499755859375,5835501
2016-08-25 00:00:00+00:00,577.60595703125,586.5499877929688,594.0,585.0,586.7999877929688,17177795
2016-08-26 00:00:00+00:00,577.4583740234375,586.4000244140625,589.0,580.2999877929688,586.5,7531289
2016-08-29 00:00:00+00:00,580.1663818359375,589.1500244140625,597.0,586.0,586.4000244140625,12461059
2016-08-30 00:00:00+00:00,582.1359252929688,591.1500244140625,599.25,588.5499877929688,592.0,11834475
2016-08-31 00:00:00+00:00,587.7489624023438,596.8499755859375,603.8499755859375,580.7000122070312,591.5,120541914
2016-09-01 00:00:00+00:00,587.552001953125,596.6500244140625,603.0,592.0,597.0499877929688,10204784
2016-09-02 00:00:00+00:00,590.0631713867188,599.2000122070312,602.0,594.25,597.7000122070312,7279782
2016-09-06 00:00:00+00:00,626.2034912109375,635.9000244140625,637.7999877929688,602.5,602.5,15252302
2016-09-07 00:00:00+00:00,615.5681762695312,625.0999755859375,638.2999877929688,622.5,637.75,11869960
2016-09-08 00:00:00+00:00,619.7534790039062,629.3499755859375,634.0,619.75,626.0,8039571
2016-09-09 00:00:00+00:00,603.7511596679688,613.0999755859375,624.7000122070312,611.7000122070312,615.0999755859375,9795054
2016-09-12 00:00:00+00:00,583.0713500976562,592.0999755859375,601.8499755859375,588.4000244140625,597.7999877929688,8471237
2016-09-14 00:00:00+00:00,592.62353515625,601.7999877929688,604.6500244140625,590.4500122070312,593.0,5915220
2016-09-15 00:00:00+00:00,579.7724609375,588.75,603.0,583.2999877929688,601.0499877929688,7145326
2016-09-16 00:00:00+00:00,593.0173950195312,602.2000122070312,612.4000244140625,592.25,592.25,19309804
2016-09-19 00:00:00+00:00,585.2870483398438,594.3499755859375,606.0,592.8499755859375,603.0,5311980
2016-09-20 00:00:00+00:00,583.908447265625,592.9500122070312,599.0,589.1500244140625,598.7999877929688,4538973
2016-09-21 00:00:00+00:00,589.7677001953125,598.9000244140625,600.3499755859375,594.5,596.5,5480087
2016-09-22 00:00:00+00:00,582.7759399414062,591.7999877929688,612.0,590.0,610.0,10205715
2016-09-23 00:00:00+00:00,548.9496459960938,557.4500122070312,596.0999755859375,555.7000122070312,595.5999755859375,30222177
2016-09-26 00:00:00+00:00,539.0530395507812,547.4000244140625,560.0,545.2999877929688,559.0999755859375,14880674
2016-09-27 00:00:00+00:00,532.7505493164062,541.0,554.25,538.7000122070312,551.0,9085199
2016-09-28 00:00:00+00:00,540.7271118164062,549.0999755859375,550.6500244140625,540.5,543.1500244140625,10240083
2016-09-29 00:00:00+00:00,531.0765380859375,539.2999877929688,554.8499755859375,523.4500122070312,554.4500122070312,16581655
2016-09-30 00:00:00+00:00,533.09521484375,541.3499755859375,547.1500244140625,530.5999755859375,535.0,5781645
2016-10-03 00:00:00+00:00,542.4996948242188,550.9000244140625,552.2999877929688,542.9000244140625,542.9500122070312,5276340
2016-10-04 00:00:00+00:00,538.26513671875,546.5999755859375,553.3499755859375,541.0,553.0,5690321
2016-10-05 00:00:00+00:00,527.5314331054688,535.7000122070312,550.6500244140625,533.25,550.0,8222912
2016-10-06 00:00:00+00:00,522.7059936523438,530.7999877929688,535.0,524.0499877929688,531.7000122070312,10646794
2016-10-07 00:00:00+00:00,525.7095947265625,533.8499755859375,539.4000244140625,530.0,530.0,7702773
2016-10-10 00:00:00+00:00,523.4446411132812,531.5499877929688,538.75,530.2999877929688,538.0,3261598
2016-10-13 00:00:00+00:00,510.8890380859375,518.7999877929688,529.9000244140625,513.2000122070312,529.0,10008090
2016-10-14 00:00:00+00:00,512.7109375,520.6500244140625,525.0,516.7999877929688,521.0,4314775
2016-10-17 00:00:00+00:00,511.0860290527344,519.0,533.7999877929688,517.0999755859375,524.1500244140625,7930102
2016-10-18 00:00:00+00:00,524.3309936523438,532.4500122070312,534.0499877929688,518.4000244140625,523.9000244140625,13532992
2016-10-19 00:00:00+00:00,527.3836059570312,535.5499877929688,542.0,529.0999755859375,535.6500244140625,10754624
2016-10-20 00:00:00+00:00,531.8150634765625,540.0499877929688,544.8499755859375,536.0,537.0999755859375,6969699
2016-10-21 00:00:00+00:00,518.0776977539062,526.0999755859375,539.2000122070312,524.2000122070312,538.7000122070312,6526349
2016-10-24 00:00:00+00:00,513.59716796875,521.5499877929688,530.0,517.5499877929688,529.4500122070312,10660533
2016-10-25 00:00:00+00:00,521.031982421875,529.0999755859375,531.5,520.0999755859375,520.9000244140625,7356952
2016-10-26 00:00:00+00:00,480.1156311035156,487.54998779296875,502.0,484.5,499.0,38780250
2016-10-27 00:00:00+00:00,478.2445983886719,485.6499938964844,489.6000061035156,477.29998779296875,485.0,17198496
2016-10-28 00:00:00+00:00,479.47552490234375,486.8999938964844,494.0,484.54998779296875,486.8999938964844,12688495
2016-11-01 00:00:00+00:00,468.5447692871094,475.79998779296875,488.04998779296875,474.45001220703125,488.04998779296875,10425548
2016-11-02 00:00:00+00:00,469.5295104980469,476.79998779296875,480.5,468.1000061035156,469.79998779296875,9885845
2016-11-03 00:00:00+00:00,468.59405517578125,475.8500061035156,479.79998779296875,473.6499938964844,475.5,6631504
2016-11-04 00:00:00+00:00,471.4005432128906,478.70001220703125,485.70001220703125,474.20001220703125,474.3999938964844,10868004
2016-11-07 00:00:00+00:00,477.9984130859375,485.3999938964844,489.45001220703125,482.04998779296875,484.75,6990315
2016-11-08 00:00:00+00:00,483.3652648925781,490.8500061035156,492.45001220703125,483.25,487.04998779296875,7460548
2016-11-09 00:00:00+00:00,480.1156311035156,487.54998779296875,493.95001220703125,458.95001220703125,459.0,12824970
2016-11-10 00:00:00+00:00,499.2198181152344,506.95001220703125,513.5999755859375,494.0,494.0,11433458
2016-11-11 00:00:00+00:00,491.14483642578125,498.75,512.7000122070312,495.0,505.0,7085764
2016-11-15 00:00:00+00:00,471.9913635253906,479.29998779296875,503.0,476.75,498.0,11822835
2016-11-16 00:00:00+00:00,465.4920654296875,472.70001220703125,487.3500061035156,470.1000061035156,486.8500061035156,10704594
2016-11-17 00:00:00+00:00,466.8706970214844,474.1000061035156,484.3999938964844,471.3500061035156,474.3500061035156,10250008
2016-11-18 00:00:00+00:00,466.23065185546875,473.45001220703125,478.8999938964844,472.0,478.0,4572569
2016-11-21 00:00:00+00:00,458.59881591796875,465.70001220703125,476.5,463.04998779296875,475.8999938964844,6217176
2016-11-22 00:00:00+00:00,463.57177734375,470.75,475.5,458.04998779296875,468.04998779296875,7313923
2016-11-23 00:00:00+00:00,473.173095703125,480.5,482.54998779296875,469.1499938964844,475.0,6477616
2016-11-24 00:00:00+00:00,461.0606689453125,468.20001220703125,479.70001220703125,466.04998779296875,479.70001220703125,8199524
2016-11-25 00:00:00+00:00,464.01495361328125,471.20001220703125,473.0,465.29998779296875,472.25,4674455
2016-11-28 00:00:00+00:00,465.68896484375,472.8999938964844,477.6000061035156,461.1499938964844,464.0,8268812
2016-11-29 00:00:00+00:00,457.5647888183594,464.6499938964844,475.6000061035156,463.0,473.0,7612624
2016-11-30 00:00:00+00:00,462.6855163574219,469.8500061035156,471.0,462.04998779296875,465.0,13575386
2016-12-01 00:00:00+00:00,458.94342041015625,466.04998779296875,474.45001220703125,464.29998779296875,474.0,7451748
2016-12-02 00:00:00+00:00,452.9365234375,459.95001220703125,466.8999938964844,458.0,466.8999938964844,6381901
2016-12-05 00:00:00+00:00,453.7242736816406,460.75,464.70001220703125,455.79998779296875,457.70001220703125,4995436
2016-12-06 00:00:00+00:00,448.9974670410156,455.95001220703125,463.20001220703125,454.3500061035156,461.79998779296875,5465618
2016-12-07 00:00:00+00:00,440.28240966796875,447.1000061035156,457.8500061035156,441.25,457.8500061035156,7558363
2016-12-08 00:00:00+00:00,442.4981384277344,449.3500061035156,452.8500061035156,447.3999938964844,449.8999938964844,7629221
2016-12-09 00:00:00+00:00,449.4405822753906,456.3999938964844,458.0,445.54998779296875,451.70001220703125,7780448
2016-12-12 00:00:00+00:00,438.3128967285156,445.1000061035156,452.0,444.1000061035156,445.0,6849079
2016-12-13 00:00:00+00:00,446.043212890625,452.95001220703125,454.45001220703125,442.29998779296875,445.79998779296875,8404874
2016-12-14 00:00:00+00:00,460.0759582519531,467.20001220703125,469.79998779296875,454.0,454.6499938964844,12775149
2016-12-15 00:00:00+00:00,470.8096618652344,478.1000061035156,479.3999938964844,459.1000061035156,459.1000061035156,18021627
2016-12-16 00:00:00+00:00,465.59051513671875,472.79998779296875,480.70001220703125,468.70001220703125,479.5,20477361
2016-12-19 00:00:00+00:00,460.4698181152344,467.6000061035156,472.75,466.45001220703125,469.5,3735250
2016-12-20 00:00:00+00:00,454.6105651855469,461.6499938964844,469.70001220703125,460.45001220703125,469.0,4836019
2016-12-21 00:00:00+00:00,450.72076416015625,457.70001220703125,465.79998779296875,455.1000061035156,463.54998779296875,4454408
2016-12-22 00:00:00+00:00,440.72552490234375,447.54998779296875,455.79998779296875,445.04998779296875,455.79998779296875,6540181
2016-12-23 00:00:00+00:00,431.4196472167969,438.1000061035156,449.3500061035156,436.0,448.0,9018273
2016-12-26 00:00:00+00:00,425.4126892089844,432.0,435.8500061035156,427.0,435.1000061035156,4494204
2016-12-27 00:00:00+00:00,430.9765319824219,437.6499938964844,438.8999938964844,431.1000061035156,431.1000061035156,4694669
2016-12-28 00:00:00+00:00,433.3398742675781,440.04998779296875,448.25,438.0,439.70001220703125,5072550
2016-12-29 00:00:00+00:00,437.47589111328125,444.25,445.8999938964844,437.70001220703125,442.0,6082573
2016-12-30 00:00:00+00:00,443.0889587402344,449.95001220703125,452.20001220703125,445.04998779296875,445.5,4616817
2017-01-02 00:00:00+00:00,440.9224853515625,447.75,452.0,441.25,451.3999938964844,3054394
2017-01-03 00:00:00+00:00,448.30816650390625,455.25,457.79998779296875,443.5,449.6000061035156,4621782
2017-01-04 00:00:00+00:00,446.1909484863281,453.1000061035156,460.0,451.95001220703125,455.0,3703873
2017-01-05 00:00:00+00:00,451.0654296875,458.04998779296875,463.8999938964844,453.25,454.6000061035156,5829373
2017-01-06 00:00:00+00:00,448.2589111328125,455.20001220703125,461.79998779296875,454.04998779296875,459.70001220703125,4431212
2017-01-09 00:00:00+00:00,445.8462219238281,452.75,459.3500061035156,451.54998779296875,456.8999938964844,2690456
2017-01-10 00:00:00+00:00,440.52862548828125,447.3500061035156,456.04998779296875,424.3999938964844,455.5,9436151
2017-01-11 00:00:00+00:00,446.68328857421875,453.6000061035156,457.54998779296875,448.20001220703125,451.8500061035156,5678047
2017-01-12 00:00:00+00:00,448.2589111328125,455.20001220703125,461.3999938964844,452.6000061035156,454.20001220703125,5106342
2017-01-13 00:00:00+00:00,465.59051513671875,472.79998779296875,475.20001220703125,455.20001220703125,457.0,12693510
2017-01-16 00:00:00+00:00,469.9726867675781,477.25,480.5,468.29998779296875,472.5,7430300
2017-01-17 00:00:00+00:00,479.7709655761719,487.20001220703125,488.20001220703125,476.95001220703125,477.29998779296875,11331156
2017-01-18 00:00:00+00:00,481.0511169433594,488.5,491.70001220703125,483.25,487.1499938964844,8789347
2017-01-19 00:00:00+00:00,476.42279052734375,483.79998779296875,487.8999938964844,479.29998779296875,486.70001220703125,7688347
2017-01-20 00:00:00+00:00,443.8767395019531,450.75,461.3999938964844,448.0,458.0,30189779
2017-01-23 00:00:00+00:00,438.2144470214844,445.0,448.95001220703125,441.1000061035156,445.25,16502895
2017-01-24 00:00:00+00:00,444.369140625,451.25,452.54998779296875,445.29998779296875,447.79998779296875,7103963
2017-01-25 00:00:00+00:00,456.48150634765625,463.54998779296875,465.1000061035156,452.0,452.0,14328065
2017-01-27 00:00:00+00:00,465.6398010253906,472.8500061035156,478.8500061035156,465.25,465.25,8821164
2017-01-30 00:00:00+00:00,464.7042541503906,471.8999938964844,476.6000061035156,470.8500061035156,472.0,4525720
2017-01-31 00:00:00+00:00,458.89422607421875,466.0,472.0,464.29998779296875,472.0,10629001
2017-02-01 00:00:00+00:00,468.3970947265625,475.6499938964844,479.8999938964844,460.0,467.75,8340303
2017-02-02 00:00:00+00:00,475.19183349609375,482.54998779296875,486.0,473.3500061035156,476.25,7557596
2017-02-03 00:00:00+00:00,483.21759033203125,490.70001220703125,492.5,480.1499938964844,483.70001220703125,7134563
2017-02-06 00:00:00+00:00,490.7016906738281,498.29998779296875,500.20001220703125,492.0,494.75,8575116
2017-02-07 00:00:00+00:00,485.8763732910156,493.3999938964844,499.70001220703125,490.6000061035156,498.3999938964844,5242366
2017-02-08 00:00:00+00:00,480.16485595703125,487.6000061035156,492.70001220703125,481.8500061035156,492.3999938964844,9694192
2017-02-09 00:00:00+00:00,477.8507080078125,485.25,494.54998779296875,482.95001220703125,491.0,7938519
2017-02-10 00:00:00+00:00,481.4450378417969,488.8999938964844,492.5,486.20001220703125,489.75,10345868
2017-02-13 00:00:00+00:00,482.82366943359375,490.29998779296875,493.8500061035156,486.75,492.70001220703125,6626404
2017-02-14 00:00:00+00:00,479.47552490234375,486.8999938964844,491.45001220703125,482.1000061035156,490.29998779296875,4089031
2017-02-15 00:00:00+00:00,480.7557067871094,488.20001220703125,493.45001220703125,483.79998779296875,488.0,6242589
2017-02-16 00:00:00+00:00,485.6302185058594,493.1499938964844,494.3500061035156,486.54998779296875,487.70001220703125,5218900
2017-02-17 00:00:00+00:00,481.6419982910156,489.1000061035156,504.0,487.3999938964844,501.0,12983330
2017-02-20 00:00:00+00:00,473.7147216796875,481.04998779296875,490.6499938964844,479.6499938964844,489.3999938964844,5840632
2017-02-21 00:00:00+00:00,496.6594543457031,504.3500061035156,509.04998779296875,481.20001220703125,481.8999938964844,16440027
2017-02-22 00:00:00+00:00,517.2899169921875,525.2999877929688,528.0499877929688,507.79998779296875,508.5,20167381
2017-02-23 00:00:00+00:00,520.0965576171875,528.1500244140625,530.0,518.0499877929688,525.0,10360480
2017-02-27 00:00:00+00:00,501.1893005371094,508.95001220703125,527.9000244140625,507.29998779296875,527.9000244140625,7372140
2017-02-28 00:00:00+00:00,498.92437744140625,506.6499938964844,512.5,504.6000061035156,509.3999938964844,5799421
2017-03-01 00:00:00+00:00,505.57147216796875,513.4000244140625,522.0,510.1499938964844,511.0,7624002
2017-03-02 00:00:00+00:00,498.57965087890625,506.29998779296875,519.7999877929688,503.70001220703125,515.0999755859375,7112655
2017-03-03 00:00:00+00:00,505.0790710449219,512.9000244140625,515.0,506.25,507.25,3965255
2017-03-06 00:00:00+00:00,510.7413330078125,518.6500244140625,520.7999877929688,512.2999877929688,514.7000122070312,6994407
2017-03-07 00:00:00+00:00,503.9958190917969,511.79998779296875,519.9000244140625,509.25,519.0,6043543
2017-03-08 00:00:00+00:00,502.3710021972656,510.1499938964844,512.7999877929688,500.25,504.6000061035156,8850848
2017-03-09 00:00:00+00:00,508.5257568359375,516.4000244140625,519.5499877929688,506.5,509.6000061035156,8560015
2017-03-10 00:00:00+00:00,508.0332946777344,515.9000244140625,520.0,513.0,519.2000122070312,5494130
2017-03-14 00:00:00+00:00,503.10955810546875,510.8999938964844,525.6500244140625,509.54998779296875,524.9000244140625,7975713
2017-03-15 00:00:00+00:00,503.8973693847656,511.70001220703125,515.7999877929688,509.04998779296875,514.7000122070312,6248549
2017-03-16 00:00:00+00:00,505.81768798828125,513.6500244140625,516.7999877929688,511.29998779296875,513.0,5362177
2017-03-17 00:00:00+00:00,509.26422119140625,517.1500244140625,519.0,511.70001220703125,515.2999877929688,20296836
2017-03-20 00:00:00+00:00,495.182373046875,502.8500061035156,518.25,501.29998779296875,518.0,4932998
2017-03-21 00:00:00+00:00,480.85418701171875,488.29998779296875,500.0,486.04998779296875,498.75,11017752
2017-03-22 00:00:00+00:00,478.0476379394531,485.45001220703125,502.3999938964844,484.0,485.0,12685275
2017-03-23 00:00:00+00:00,480.804931640625,488.25,492.0,483.0,487.54998779296875,6942275
2017-03-24 00:00:00+00:00,481.88818359375,489.3500061035156,495.70001220703125,484.8500061035156,491.0,5501203
2017-03-27 00:00:00+00:00,479.7217102050781,487.1499938964844,493.25,483.54998779296875,488.3999938964844,5384510
2017-03-28 00:00:00+00:00,495.1330871582031,502.79998779296875,505.0,490.04998779296875,492.29998779296875,11194711
2017-03-29 00:00:00+00:00,496.5117492675781,504.20001220703125,513.0,500.1000061035156,506.0,12677454
2017-03-30 00:00:00+00:00,491.63720703125,499.25,504.0,495.0,498.95001220703125,8454772
2017-03-31 00:00:00+00:00,483.3160095214844,490.79998779296875,503.70001220703125,488.79998779296875,499.70001220703125,6985211
2017-04-03 00:00:00+00:00,492.9666442871094,500.6000061035156,503.70001220703125,491.3500061035156,495.70001220703125,5755303
2017-04-05 00:00:00+00:00,500.5491943359375,508.29998779296875,510.54998779296875,498.8500061035156,503.8500061035156,6595144
2017-04-06 00:00:00+00:00,500.9430847167969,508.70001220703125,517.6500244140625,505.1499938964844,507.70001220703125,9928098
2017-04-07 00:00:00+00:00,496.5117492675781,504.20001220703125,514.9000244140625,502.5,507.0,5019268
2017-04-10 00:00:00+00:00,502.9618835449219,510.75,513.0,503.3500061035156,504.6499938964844,5986936
2017-04-11 00:00:00+00:00,507.1963195800781,515.0499877929688,516.5999755859375,508.1000061035156,509.6000061035156,7406691
2017-04-12 00:00:00+00:00,498.2842712402344,506.0,520.4000244140625,503.25,515.2999877929688,6161411
2017-04-13 00:00:00+00:00,499.8106384277344,507.54998779296875,511.3500061035156,502.8999938964844,506.6000061035156,6216374
2017-04-17 00:00:00+00:00,494.68994140625,502.3500061035156,509.04998779296875,501.25,505.54998779296875,4070932
2017-04-18 00:00:00+00:00,492.0311279296875,499.6499938964844,508.95001220703125,498.0,505.0,5450454
2017-04-19 00:00:00+00:00,491.8834228515625,499.5,501.45001220703125,488.25,498.25,7447021
2017-04-20 00:00:00+00:00,480.55877685546875,488.0,504.3999938964844,487.0,496.1499938964844,8153829
2017-04-21 00:00:00+00:00,478.83544921875,486.25,497.0,483.29998779296875,492.0,10301245
2017-04-24 00:00:00+00:00,491.0463562011719,498.6499938964844,503.6000061035156,481.0,487.95001220703125,14182302
2017-04-25 00:00:00+00:00,508.5257568359375,516.4000244140625,520.1500244140625,495.1000061035156,501.0,13778124
2017-04-26 00:00:00+00:00,509.26422119140625,517.1500244140625,525.0,508.04998779296875,519.5,11516903
2017-04-27 00:00:00+00:00,498.8750915527344,506.6000061035156,524.0,503.25,524.0,22108735
2017-04-28 00:00:00+00:00,501.8786315917969,509.6499938964844,515.2999877929688,504.5,508.29998779296875,9287281
2017-05-02 00:00:00+00:00,497.84112548828125,505.54998779296875,513.0999755859375,501.6000061035156,509.5,7539462
2017-05-03 00:00:00+00:00,493.21282958984375,500.8500061035156,507.3500061035156,500.0,506.8999938964844,7220815
2017-05-04 00:00:00+00:00,510.9383239746094,518.8499755859375,521.7999877929688,502.0,504.95001220703125,15719994
2017-05-05 00:00:00+00:00,496.8071594238281,504.5,522.4000244140625,502.5,522.0,9440005
2017-05-08 00:00:00+00:00,503.405029296875,511.20001220703125,513.7000122070312,503.29998779296875,509.0,6834456
2017-05-09 00:00:00+00:00,510.2982482910156,518.2000122070312,521.25,510.54998779296875,513.0,7872272
2017-05-10 00:00:00+00:00,518.3239135742188,526.3499755859375,527.5499877929688,515.7000122070312,519.0,8812464
2017-05-11 00:00:00+00:00,509.01812744140625,516.9000244140625,534.5999755859375,513.4500122070312,525.2000122070312,8962710
2017-05-12 00:00:00+00:00,495.3300476074219,503.0,516.8499755859375,499.20001220703125,516.7000122070312,9934430
2017-05-15 00:00:00+00:00,492.4742431640625,500.1000061035156,508.5,498.3999938964844,505.0,8806756
2017-05-16 00:00:00+00:00,493.8529052734375,501.5,504.5,493.5,502.1000061035156,8610492
2017-05-17 00:00:00+00:00,495.1330871582031,502.79998779296875,506.75,498.5,501.3500061035156,6443135
2017-05-18 00:00:00+00:00,484.49774169921875,492.0,499.1000061035156,490.25,498.0,9227022
2017-05-19 00:00:00+00:00,494.0498352050781,501.70001220703125,503.8500061035156,494.20001220703125,495.75,7611430
2017-05-22 00:00:00+00:00,494.64068603515625,502.29998779296875,507.45001220703125,499.5,504.0,4970982
2017-05-23 00:00:00+00:00,492.9666442871094,500.6000061035156,506.1000061035156,495.20001220703125,502.25,7549551
2017-05-24 00:00:00+00:00,491.6864318847656,499.29998779296875,505.0,495.0,503.0,7271148
2017-05-25 00:00:00+00:00,499.7121887207031,507.45001220703125,509.8999938964844,495.8500061035156,502.0,9157557
2017-05-26 00:00:00+00:00,503.65118408203125,511.45001220703125,513.0,505.0,508.0,5995136
2017-05-29 00:00:00+00:00,499.5152282714844,507.25,515.0,502.20001220703125,511.8999938964844,5441466
2017-05-30 00:00:00+00:00,506.5561828613281,514.4000244140625,516.9500122070312,503.6499938964844,505.0,4725430
2017-05-31 00:00:00+00:00,506.2115173339844,514.0499877929688,516.0,509.5,514.0,7263061
2017-06-01 00:00:00+00:00,501.5339050292969,509.29998779296875,515.9500122070312,505.5,512.1500244140625,8105813
2017-06-02 00:00:00+00:00,500.3030090332031,508.04998779296875,513.5,506.3500061035156,513.5,4474040
2017-06-05 00:00:00+00:00,505.81768798828125,513.6500244140625,516.75,507.0,507.3500061035156,3858825
2017-06-06 00:00:00+00:00,502.4202575683594,510.20001220703125,514.4000244140625,505.54998779296875,514.0,3866339
2017-06-07 00:00:00+00:00,506.3592834472656,514.2000122070312,515.4500122070312,508.1000061035156,510.0,3389166
2017-06-08 00:00:00+00:00,507.8856201171875,515.75,521.7999877929688,511.3500061035156,514.0,5980728
2017-06-09 00:00:00+00:00,505.81768798828125,513.6500244140625,516.3499755859375,509.3999938964844,515.0,3242063
2017-06-12 00:00:00+00:00,499.7613830566406,507.5,513.0999755859375,506.0,512.4500122070312,2360518
2017-06-13 00:00:00+00:00,498.7274169921875,506.45001220703125,512.2999877929688,505.5,509.0,2181945
2017-06-14 00:00:00+00:00,501.73089599609375,509.5,510.8999938964844,501.54998779296875,509.0,4648343
2017-06-15 00:00:00+00:00,499.8598937988281,507.6000061035156,509.29998779296875,504.0,508.8500061035156,3425367
2017-06-16 00:00:00+00:00,502.6664733886719,510.45001220703125,514.2999877929688,507.5,507.6499938964844,4999502
2017-06-19 00:00:00+00:00,512.2185668945312,520.1500244140625,525.3499755859375,509.29998779296875,511.0,6844723
2017-06-20 00:00:00+00:00,504.04510498046875,511.8500061035156,521.7000122070312,510.5,520.2000122070312,4388846
2017-06-21 00:00:00+00:00,500.0075988769531,507.75,512.5,506.75,511.04998779296875,4346995
2017-06-22 00:00:00+00:00,500.2537841796875,508.0,514.4500122070312,506.6499938964844,508.8999938964844,3463745
2017-06-23 00:00:00+00:00,496.9548645019531,504.6499938964844,510.45001220703125,503.6499938964844,509.6000061035156,3548884
2017-06-27 00:00:00+00:00,485.3348388671875,492.8500061035156,506.70001220703125,484.45001220703125,506.0,9842829
2017-06-28 00:00:00+00:00,484.49774169921875,492.0,500.3500061035156,490.04998779296875,493.79998779296875,12691859
2017-06-29 00:00:00+00:00,504.2912292480469,512.0999755859375,514.4000244140625,497.70001220703125,498.0,11855524
2017-06-30 00:00:00+00:00,509.4611511230469,517.3499755859375,520.0,508.1000061035156,510.6000061035156,7600005
2017-07-03 00:00:00+00:00,509.36273193359375,517.25,521.7999877929688,515.0,517.0999755859375,3701949
2017-07-04 00:00:00+00:00,500.6476745605469,508.3999938964844,517.5499877929688,506.54998779296875,516.7999877929688,4086213
2017-07-05 00:00:00+00:00,506.0638427734375,513.9000244140625,515.4000244140625,507.75,507.75,3154406
2017-07-06 00:00:00+00:00,506.66046142578125,509.5,512.8499755859375,508.1499938964844,511.0,3514758
2017-07-07 00:00:00+00:00,500.3458557128906,503.1499938964844,508.95001220703125,501.25,508.25,3509920
2017-07-10 00:00:00+00:00,507.10797119140625,509.95001220703125,513.1500244140625,506.70001220703125,509.1000061035156,1238680
2017-07-11 00:00:00+00:00,503.9754943847656,506.79998779296875,512.4000244140625,505.79998779296875,512.0,3928279
2017-07-12 00:00:00+00:00,503.9258117675781,506.75,509.8999938964844,504.20001220703125,508.8999938964844,5504892
2017-07-13 00:00:00+00:00,509.0470886230469,511.8999938964844,516.8499755859375,508.0,508.0,22231839
2017-07-14 00:00:00+00:00,510.0912780761719,512.9500122070312,514.5,507.70001220703125,514.0,3160157
2017-07-17 00:00:00+00:00,507.6548767089844,510.5,514.0,508.5,513.0999755859375,3169635
2017-07-18 00:00:00+00:00,513.671142578125,516.5499877929688,522.7000122070312,508.3500061035156,509.0,7864083
2017-07-19 00:00:00+00:00,517.3008422851562,520.2000122070312,521.9500122070312,516.0499877929688,518.0,8119092
2017-07-20 00:00:00+00:00,536.990478515625,540.0,544.2000122070312,520.7000122070312,520.7999877929688,16391849
2017-07-21 00:00:00+00:00,537.7859497070312,540.7999877929688,542.4000244140625,532.25,540.0,5567645
2017-07-24 00:00:00+00:00,531.8195190429688,534.7999877929688,546.4000244140625,531.4000244140625,541.0,4779353
2017-07-25 00:00:00+00:00,541.912841796875,544.9500122070312,547.5,529.9500122070312,533.5,8181916
2017-07-26 00:00:00+00:00,525.902587890625,528.8499755859375,543.9500122070312,525.4000244140625,538.9000244140625,12085057
2017-07-27 00:00:00+00:00,521.7260131835938,524.6500244140625,534.9500122070312,522.0,532.4000244140625,12290852
2017-07-28 00:00:00+00:00,512.2291870117188,515.0999755859375,529.6500244140625,512.0,523.7999877929688,8268116
2017-07-31 00:00:00+00:00,516.9029541015625,519.7999877929688,521.2000122070312,509.3999938964844,517.4000244140625,7245884
2017-08-01 00:00:00+00:00,513.671142578125,516.5499877929688,521.75,514.75,518.2000122070312,4562630
2017-08-02 00:00:00+00:00,514.019287109375,516.9000244140625,524.0499877929688,512.5999755859375,518.75,4079631
2017-08-03 00:00:00+00:00,503.1799621582031,506.0,516.3499755859375,504.79998779296875,516.0,4140945
2017-08-04 00:00:00+00:00,505.2682800292969,508.1000061035156,510.79998779296875,504.6000061035156,506.0,4972811
2017-08-07 00:00:00+00:00,502.9810791015625,505.79998779296875,511.79998779296875,504.1000061035156,509.0,5293884
2017-08-08 00:00:00+00:00,496.6664733886719,499.45001220703125,510.95001220703125,496.04998779296875,507.70001220703125,8898560
2017-08-09 00:00:00+00:00,484.2361755371094,486.95001220703125,498.6499938964844,485.45001220703125,494.45001220703125,7169705
2017-08-10 00:00:00+00:00,482.7942199707031,485.5,494.1499938964844,483.54998779296875,485.1000061035156,10095387
2017-08-11 00:00:00+00:00,486.9708251953125,489.70001220703125,493.3500061035156,480.0,482.8999938964844,9261420
2017-08-14 00:00:00+00:00,489.0093688964844,491.75,497.45001220703125,489.75,491.0,3983656
2017-08-16 00:00:00+00:00,496.7162170410156,499.5,501.54998779296875,488.0,492.95001220703125,5958229
2017-08-17 00:00:00+00:00,494.3792724609375,497.1499938964844,503.45001220703125,495.0,500.20001220703125,3948664
2017-08-18 00:00:00+00:00,487.6668701171875,490.3999938964844,495.95001220703125,489.8500061035156,495.29998779296875,4166976
2017-08-21 00:00:00+00:00,492.0423889160156,494.79998779296875,503.3999938964844,491.79998779296875,492.1000061035156,17884400
2017-08-22 00:00:00+00:00,496.4178771972656,499.20001220703125,507.0,496.0,496.0,6654272
2017-08-23 00:00:00+00:00,499.8486022949219,502.6499938964844,505.79998779296875,500.1499938964844,505.0,3288488
2017-08-24 00:00:00+00:00,504.0252380371094,506.8500061035156,510.5,502.04998779296875,503.0,7157375
2017-08-28 00:00:00+00:00,507.7543640136719,510.6000061035156,512.9000244140625,506.20001220703125,507.5,3724389
2017-08-29 00:00:00+00:00,500.7933349609375,503.6000061035156,509.45001220703125,501.0,509.3999938964844,3266295
2017-08-30 00:00:00+00:00,501.0916748046875,503.8999938964844,509.5,502.29998779296875,506.20001220703125,3972126
2017-08-31 00:00:00+00:00,497.56146240234375,500.3500061035156,505.3999938964844,498.54998779296875,504.0,4491876
2017-09-01 00:00:00+00:00,504.7213439941406,507.54998779296875,509.79998779296875,498.5,502.0,4569367
2017-09-04 00:00:00+00:00,498.9536437988281,501.75,509.0,499.70001220703125,506.6000061035156,3744616
2017-09-05 00:00:00+00:00,500.59442138671875,503.3999938964844,506.6499938964844,501.5,502.25,3216819
2017-09-06 00:00:00+00:00,490.1033020019531,492.8500061035156,502.0,491.5,502.0,4947660
2017-09-07 00:00:00+00:00,493.83233642578125,496.6000061035156,499.0,494.0,494.0,4564617
2017-09-08 00:00:00+00:00,491.2468566894531,494.0,498.5,491.8500061035156,498.0,3662579
2017-09-11 00:00:00+00:00,491.14739990234375,493.8999938964844,497.3999938964844,492.6499938964844,495.3500061035156,3590293
2017-09-12 00:00:00+00:00,493.73291015625,496.5,502.20001220703125,493.25,494.8999938964844,3324949
2017-09-13 00:00:00+00:00,496.5173034667969,499.29998779296875,505.6000061035156,495.04998779296875,496.1000061035156,4430874
2017-09-14 00:00:00+00:00,516.8533325195312,519.75,521.7999877929688,502.1000061035156,505.0,15168429
2017-09-15 00:00:00+00:00,513.2733764648438,516.1500244140625,520.0,511.0,517.9500122070312,8942804
2017-09-18 00:00:00+00:00,521.6265258789062,524.5499877929688,526.0,518.2999877929688,518.6500244140625,7337260
2017-09-19 00:00:00+00:00,517.8477172851562,520.75,524.0999755859375,517.5,522.0,2386279
2017-09-20 00:00:00+00:00,516.5549926757812,519.4500122070312,522.5,516.75,516.75,8297561
2017-09-21 00:00:00+00:00,509.69342041015625,512.5499877929688,522.5,505.6499938964844,518.0,3103034
2017-09-22 00:00:00+00:00,502.4838562011719,505.29998779296875,510.5,503.20001220703125,509.3999938964844,4546160
2017-09-25 00:00:00+00:00,498.9039306640625,501.70001220703125,505.0,488.29998779296875,504.0,11921527
2017-09-26 00:00:00+00:00,509.0968017578125,511.95001220703125,518.2000122070312,500.0,500.0,5292394
2017-09-27 00:00:00+00:00,503.478271484375,506.29998779296875,513.9000244140625,500.5,513.4000244140625,5300694
2017-09-28 00:00:00+00:00,508.9476318359375,511.79998779296875,517.25,505.6499938964844,507.8500061035156,10408979
2017-09-29 00:00:00+00:00,506.3124084472656,509.1499938964844,516.9500122070312,505.1000061035156,511.1000061035156,11578743
2017-10-03 00:00:00+00:00,506.80963134765625,509.6499938964844,517.0,504.1000061035156,514.0,10712537
2017-10-04 00:00:00+00:00,503.1302490234375,505.95001220703125,511.0,504.5,507.5,4792373
2017-10-05 00:00:00+00:00,498.40673828125,501.20001220703125,507.8500061035156,497.45001220703125,506.6499938964844,9349884
2017-10-06 00:00:00+00:00,500.5447692871094,503.3500061035156,507.0,501.25,503.0,11343137
2017-10-09 00:00:00+00:00,503.1302490234375,505.95001220703125,508.79998779296875,501.25,503.3999938964844,3942277
2017-10-10 00:00:00+00:00,511.6822814941406,514.5499877929688,515.7000122070312,504.1000061035156,507.5,4932758
2017-10-11 00:00:00+00:00,512.8756103515625,515.75,523.2999877929688,509.3999938964844,519.9000244140625,6188165
2017-10-12 00:00:00+00:00,522.1735229492188,525.0999755859375,525.9500122070312,512.7999877929688,516.2999877929688,4800917
2017-10-13 00:00:00+00:00,526.499267578125,529.4500122070312,534.6500244140625,522.5,524.25,6447797
2017-10-16 00:00:00+00:00,517.449951171875,520.3499755859375,531.75,514.2000122070312,530.3499755859375,7148294
2017-10-17 00:00:00+00:00,510.2901306152344,513.1500244140625,526.0999755859375,511.0,520.9500122070312,9443230
2017-10-18 00:00:00+00:00,461.9112854003906,464.5,489.0,460.8999938964844,488.0,49308621
2017-10-19 00:00:00+00:00,457.734619140625,460.29998779296875,465.0,458.0,463.8999938964844,3302209
2017-10-23 00:00:00+00:00,447.4423522949219,449.95001220703125,461.04998779296875,447.5,458.6499938964844,21127981
2017-10-24 00:00:00+00:00,449.43121337890625,451.95001220703125,457.79998779296875,450.1000061035156,451.6499938964844,19327721
2017-10-25 00:00:00+00:00,470.3638916015625,473.0,476.5,456.6499938964844,468.1499938964844,37624005
2017-10-26 00:00:00+00:00,481.6008605957031,484.29998779296875,487.8500061035156,471.5,472.0,24936306
2017-10-27 00:00:00+00:00,483.2417297363281,485.95001220703125,491.3999938964844,481.6499938964844,485.0,7576778
2017-10-30 00:00:00+00:00,481.3025817871094,484.0,489.0,481.6000061035156,487.20001220703125,4815226
2017-10-31 00:00:00+00:00,520.2344360351562,523.1500244140625,529.0,493.29998779296875,495.0,39655956
2017-11-01 00:00:00+00:00,532.1177978515625,535.0999755859375,544.0,524.5,524.9500122070312,22542766
2017-11-02 00:00:00+00:00,529.1842041015625,532.1500244140625,538.0,526.2999877929688,534.0,7800191
2017-11-03 00:00:00+00:00,537.0899047851562,540.0999755859375,545.7000122070312,534.0999755859375,535.3499755859375,9303981
2017-11-06 00:00:00+00:00,531.5211791992188,534.5,541.5499877929688,530.75,539.0499877929688,8013536
2017-11-07 00:00:00+00:00,524.2120971679688,527.1500244140625,539.4000244140625,523.0,535.5,9642624
2017-11-08 00:00:00+00:00,541.8134155273438,544.8499755859375,551.9000244140625,533.5999755859375,537.7000122070312,19642327
2017-11-09 00:00:00+00:00,537.38818359375,540.4000244140625,555.4500122070312,533.0,548.9500122070312,11290503
2017-11-10 00:00:00+00:00,541.7637329101562,544.7999877929688,548.9500122070312,532.4500122070312,534.9500122070312,9869691
2017-11-13 00:00:00+00:00,534.355224609375,537.3499755859375,564.5499877929688,534.0499877929688,557.0,21701958
2017-11-14 00:00:00+00:00,542.6090087890625,545.6500244140625,549.9500122070312,532.5999755859375,537.3499755859375,10644657
2017-11-15 00:00:00+00:00,538.9793090820312,542.0,551.4000244140625,537.0999755859375,546.5,7814066
2017-11-16 00:00:00+00:00,539.575927734375,542.5999755859375,548.5,541.2000122070312,544.0,5176117
2017-11-17 00:00:00+00:00,539.377197265625,542.4000244140625,557.4000244140625,540.5499877929688,550.0,4373503
2017-11-20 00:00:00+00:00,542.1117553710938,545.1500244140625,547.5,536.75,542.25,3458524
2017-11-21 00:00:00+00:00,543.7525024414062,546.7999877929688,548.9000244140625,539.1500244140625,547.0,5770768
2017-11-22 00:00:00+00:00,537.4876708984375,540.5,547.0,539.0,546.5499877929688,4536211
2017-11-23 00:00:00+00:00,541.117431640625,544.1500244140625,547.7999877929688,535.5499877929688,542.4000244140625,10724159
2017-11-24 00:00:00+00:00,542.4598388671875,545.5,547.7000122070312,541.0499877929688,544.9500122070312,3947490
2017-11-27 00:00:00+00:00,556.2823486328125,559.4000244140625,561.8499755859375,540.9500122070312,544.0999755859375,9301318
2017-11-28 00:00:00+00:00,559.414794921875,562.5499877929688,565.9000244140625,558.0,559.5,10113136
2017-11-29 00:00:00+00:00,546.4375,549.5,562.2000122070312,546.7999877929688,560.5499877929688,6387037
2017-11-30 00:00:00+00:00,532.4161987304688,535.4000244140625,547.5,534.1500244140625,547.1500244140625,19370807
2017-12-01 00:00:00+00:00,530.874755859375,533.8499755859375,539.9000244140625,531.9000244140625,539.4000244140625,7138045
2017-12-04 00:00:00+00:00,531.9686279296875,534.9500122070312,540.8499755859375,529.6500244140625,536.2000122070312,4181453
2017-12-05 00:00:00+00:00,530.1787109375,533.1500244140625,537.8499755859375,530.75,535.0,6167602
2017-12-06 00:00:00+00:00,527.54345703125,530.5,534.5,529.2000122070312,532.2000122070312,4234770
2017-12-07 00:00:00+00:00,531.0736083984375,534.0499877929688,538.0,529.0999755859375,532.9000244140625,3528298
2017-12-08 00:00:00+00:00,539.4765625,542.5,544.5,536.5999755859375,536.7000122070312,6007380
2017-12-11 00:00:00+00:00,542.0620727539062,545.0999755859375,552.25,542.7000122070312,550.0,5326031
2017-12-12 00:00:00+00:00,535.5982666015625,538.5999755859375,544.0,535.0999755859375,544.0,5232189
2017-12-13 00:00:00+00:00,532.7642211914062,535.75,543.0,533.0499877929688,538.0,4163419
2017-12-14 00:00:00+00:00,538.4324340820312,541.4500122070312,543.4000244140625,534.75,537.0,3558224
2017-12-15 00:00:00+00:00,544.896240234375,547.9500122070312,552.4000244140625,543.0499877929688,552.2000122070312,6059220
2017-12-18 00:00:00+00:00,545.59228515625,548.6500244140625,553.7999877929688,530.0,537.9500122070312,5889302
2017-12-19 00:00:00+00:00,550.5643920898438,553.6500244140625,556.0,545.4000244140625,549.25,4325512
2017-12-20 00:00:00+00:00,551.40966796875,554.5,557.7999877929688,548.5999755859375,553.5,3534649
2017-12-21 00:00:00+00:00,545.8905639648438,548.9500122070312,556.9500122070312,545.0499877929688,551.7999877929688,5781370
2017-12-22 00:00:00+00:00,550.5146484375,553.5999755859375,554.7999877929688,547.0999755859375,549.9000244140625,3075576
2017-12-26 00:00:00+00:00,551.9068603515625,555.0,557.25,550.2999877929688,555.0,3272086
2017-12-27 00:00:00+00:00,551.509033203125,554.5999755859375,560.6500244140625,551.0,554.0,4163259
2017-12-28 00:00:00+00:00,543.80224609375,546.8499755859375,554.2000122070312,544.0,546.1500244140625,8433564
2017-12-29 00:00:00+00:00,560.8070068359375,563.9500122070312,567.8499755859375,547.0,548.2000122070312,8363189
2018-01-01 00:00:00+00:00,562.3483276367188,565.5,569.7999877929688,560.5,563.7999877929688,6943234
2018-01-02 00:00:00+00:00,556.3818359375,559.5,568.5999755859375,556.3499755859375,567.0,6292268
2018-01-03 00:00:00+00:00,557.3265380859375,560.4500122070312,565.4500122070312,555.75,561.2999877929688,3990149
2018-01-04 00:00:00+00:00,556.7796020507812,559.9000244140625,565.0,558.0,564.8499755859375,2766664
2018-01-05 00:00:00+00:00,560.1109008789062,563.25,566.0,556.7000122070312,561.0499877929688,3249056
2018-01-08 00:00:00+00:00,562.2987060546875,565.4500122070312,568.0,562.4500122070312,565.7999877929688,3770339
2018-01-09 00:00:00+00:00,562.1494750976562,565.2999877929688,573.0,563.0,564.0,4607504
2018-01-10 00:00:00+00:00,559.6633911132812,562.7999877929688,566.7000122070312,560.4500122070312,566.1500244140625,2411625
2018-01-11 00:00:00+00:00,555.635986328125,558.75,563.1500244140625,553.5499877929688,562.0,2825921
2018-01-12 00:00:00+00:00,552.00634765625,555.0999755859375,563.4000244140625,552.5,560.2000122070312,6013121
2018-01-15 00:00:00+00:00,557.426025390625,560.5499877929688,564.4500122070312,556.4000244140625,556.7000122070312,3943472
2018-01-16 00:00:00+00:00,560.0611572265625,563.2000122070312,566.9000244140625,555.7999877929688,562.9500122070312,5993564
2018-01-17 00:00:00+00:00,581.9385986328125,585.2000122070312,589.2999877929688,561.0,564.0499877929688,8453944
2018-01-18 00:00:00+00:00,581.5408325195312,584.7999877929688,597.1500244140625,578.5999755859375,596.0,9466991
2018-01-19 00:00:00+00:00,586.96044921875,590.25,594.0,581.2000122070312,584.9000244140625,3897048
2018-01-22 00:00:00+00:00,608.1417236328125,611.5499877929688,621.75,583.1500244140625,595.9500122070312,21790443
2018-01-23 00:00:00+00:00,616.64404296875,620.0999755859375,627.5999755859375,611.4500122070312,616.4000244140625,14286343
2018-01-24 00:00:00+00:00,604.5618286132812,607.9500122070312,621.9000244140625,606.2999877929688,621.9000244140625,6158610
2018-01-25 00:00:00+00:00,612.6663818359375,616.0999755859375,619.25,598.5999755859375,610.0,6749846
2018-01-29 00:00:00+00:00,602.1751708984375,605.5499877929688,620.9000244140625,603.6500244140625,614.5499877929688,7017160
2018-01-30 00:00:00+00:00,590.44091796875,593.75,607.4500122070312,592.4500122070312,605.5999755859375,6447963
2018-01-31 00:00:00+00:00,590.291748046875,593.5999755859375,596.0,587.1500244140625,589.2999877929688,7108060
2018-02-01 00:00:00+00:00,589.4962158203125,592.7999877929688,610.0,586.0999755859375,593.5999755859375,7839731
2018-02-02 00:00:00+00:00,561.751708984375,564.9000244140625,587.7999877929688,561.2999877929688,587.7999877929688,6185174
2018-02-05 00:00:00+00:00,563.0941772460938,566.25,568.6500244140625,547.5,551.0999755859375,9318595
2018-02-06 00:00:00+00:00,560.5584106445312,563.7000122070312,577.0499877929688,534.0,543.0,13938327
2018-02-07 00:00:00+00:00,556.2326049804688,559.3499755859375,574.6500244140625,556.0,568.0,7679830
2018-02-08 00:00:00+00:00,565.2819213867188,568.4500122070312,576.9000244140625,559.7000122070312,562.7999877929688,5816886
2018-02-09 00:00:00+00:00,554.4426879882812,557.5499877929688,561.9500122070312,550.4000244140625,559.9000244140625,5865587
2018-02-12 00:00:00+00:00,561.0556640625,564.2000122070312,568.0,560.3499755859375,563.7000122070312,4765319
2018-02-14 00:00:00+00:00,540.8687744140625,543.9000244140625,565.8499755859375,540.0999755859375,565.0,6478108
2018-02-15 00:00:00+00:00,540.6698608398438,543.7000122070312,554.7999877929688,531.3499755859375,534.75,11593643
2018-02-16 00:00:00+00:00,534.8524169921875,537.8499755859375,548.5999755859375,535.0,547.0499877929688,3910503
2018-02-19 00:00:00+00:00,537.5374145507812,540.5499877929688,544.9500122070312,527.5,537.8499755859375,4251723
2018-02-20 00:00:00+00:00,528.7367553710938,531.7000122070312,548.0499877929688,529.4000244140625,542.0,3395183
2018-02-21 00:00:00+00:00,532.8139038085938,535.7999877929688,538.5,524.4000244140625,534.0,4638382
2018-02-22 00:00:00+00:00,527.2948608398438,530.25,533.75,527.5,533.0,7808359
2018-02-23 00:00:00+00:00,533.6591796875,536.6500244140625,538.9000244140625,525.5499877929688,527.0,3888629
2018-02-26 00:00:00+00:00,549.221923828125,552.2999877929688,554.4000244140625,539.0,541.0999755859375,5297794
2018-02-27 00:00:00+00:00,535.3994140625,538.4000244140625,551.5999755859375,536.1500244140625,551.5999755859375,4136383
2018-02-28 00:00:00+00:00,525.8031616210938,528.75,536.5,520.0,534.0,6626661
2018-03-01 00:00:00+00:00,522.8199462890625,525.75,535.5499877929688,522.0,524.0,9827510
2018-03-05 00:00:00+00:00,521.6265258789062,524.5499877929688,528.9500122070312,521.2999877929688,524.0,6766199
2018-03-06 00:00:00+00:00,514.4666748046875,517.3499755859375,530.6500244140625,511.20001220703125,526.0,12240160
2018-03-07 00:00:00+00:00,509.7929382324219,512.6500244140625,517.9000244140625,507.54998779296875,510.8999938964844,10428057
2018-03-08 00:00:00+00:00,517.64892578125,520.5499877929688,523.9500122070312,507.45001220703125,518.4500122070312,8483978
2018-03-09 00:00:00+00:00,502.5335693359375,505.3500061035156,522.5499877929688,503.0,522.4500122070312,4955525
2018-03-12 00:00:00+00:00,516.306396484375,519.2000122070312,521.9500122070312,505.29998779296875,510.6000061035156,5283334
2018-03-13 00:00:00+00:00,528.5379028320312,531.5,534.9500122070312,514.6500244140625,517.0999755859375,7846232
2018-03-14 00:00:00+00:00,533.1619262695312,536.1500244140625,538.0,522.5,528.9500122070312,4976540
2018-03-15 00:00:00+00:00,526.6982421875,529.6500244140625,539.2000122070312,528.25,535.2000122070312,3932830
2018-03-16 00:00:00+00:00,519.6874389648438,522.5999755859375,532.9000244140625,520.5,530.9000244140625,12146623
2018-03-19 00:00:00+00:00,516.5549926757812,519.4500122070312,526.0,517.0499877929688,522.5999755859375,4656613
2018-03-20 00:00:00+00:00,518.19580078125,521.0999755859375,525.0,509.0,509.0,5398111
2018-03-21 00:00:00+00:00,523.3668823242188,526.2999877929688,532.5,522.5,523.0,5518826
2018-03-22 00:00:00+00:00,515.3119506835938,518.2000122070312,525.9000244140625,516.75,522.5999755859375,7194256
2018-03-23 00:00:00+00:00,496.7162170410156,499.5,510.25,496.0,509.5,29385110
2018-03-26 00:00:00+00:00,504.4726867675781,507.29998779296875,509.29998779296875,495.20001220703125,499.0,9498614
2018-03-27 00:00:00+00:00,509.3454284667969,512.2000122070312,522.5499877929688,509.04998779296875,512.2999877929688,6423140
2018-03-28 00:00:00+00:00,507.6548767089844,510.5,512.9000244140625,501.6000061035156,512.9000244140625,10980960
2018-04-02 00:00:00+00:00,496.2686767578125,499.04998779296875,508.5,492.20001220703125,506.75,7120498
2018-04-03 00:00:00+00:00,498.7547607421875,501.54998779296875,506.0,493.70001220703125,494.0,6053789
2018-04-04 00:00:00+00:00,489.5066223144531,492.25,504.5,490.25,504.5,6047813
2018-04-05 00:00:00+00:00,500.2961120605469,503.1000061035156,504.6499938964844,495.20001220703125,498.3999938964844,6682587
2018-04-06 00:00:00+00:00,497.41229248046875,500.20001220703125,502.95001220703125,495.20001220703125,502.95001220703125,3812133
2018-04-09 00:00:00+00:00,516.4058227539062,519.2999877929688,522.0,501.20001220703125,502.20001220703125,8708770
2018-04-10 00:00:00+00:00,543.106201171875,546.1500244140625,549.7000122070312,521.4000244140625,523.0,21689156
2018-04-11 00:00:00+00:00,536.7915649414062,539.7999877929688,551.0,534.0,550.0999755859375,9261807
2018-04-12 00:00:00+00:00,545.6917724609375,548.75,550.0,534.8499755859375,537.2999877929688,8021652
2018-04-13 00:00:00+00:00,539.5262451171875,542.5499877929688,555.5499877929688,535.75,550.0,8788919
2018-04-16 00:00:00+00:00,539.377197265625,542.4000244140625,543.7999877929688,530.3499755859375,541.5,6418203
2018-04-17 00:00:00+00:00,529.432861328125,532.4000244140625,544.9500122070312,530.25,544.9500122070312,5541004
2018-04-18 00:00:00+00:00,515.3617553710938,518.25,535.5,516.5,535.5,7131174
2018-04-19 00:00:00+00:00,510.04150390625,512.9000244140625,521.4500122070312,509.1000061035156,521.0,10559623
2018-04-20 00:00:00+00:00,502.8816223144531,505.70001220703125,513.8499755859375,503.0,513.5,4437940
2018-04-23 00:00:00+00:00,503.3788757324219,506.20001220703125,511.20001220703125,500.0,508.3999938964844,4766412
2018-04-24 00:00:00+00:00,502.0364074707031,504.8500061035156,514.75,503.3500061035156,506.0,4564259
2018-04-25 00:00:00+00:00,495.6223449707031,498.3999938964844,506.0,496.29998779296875,506.0,4608455
2018-04-26 00:00:00+00:00,490.9982604980469,493.75,501.04998779296875,483.29998779296875,496.75,14919977
2018-04-27 00:00:00+00:00,536.1949462890625,539.2000122070312,543.0999755859375,481.25,481.25,58859461
2018-04-30 00:00:00+00:00,514.4170532226562,517.2999877929688,536.0999755859375,513.4000244140625,535.7999877929688,18357008
2018-05-02 00:00:00+00:00,520.8309936523438,523.75,527.9500122070312,515.4000244140625,518.5,25195767
2018-05-03 00:00:00+00:00,530.42724609375,533.4000244140625,538.7999877929688,522.0,522.0,12001916
2018-05-04 00:00:00+00:00,517.4002685546875,520.2999877929688,533.9000244140625,519.0499877929688,533.9000244140625,5929870
2018-05-07 00:00:00+00:00,533.1121215820312,536.0999755859375,537.9000244140625,523.0,523.75,6792091
2018-05-08 00:00:00+00:00,539.2279052734375,542.25,547.5,533.4500122070312,536.6500244140625,12028184
2018-05-09 00:00:00+00:00,545.443115234375,548.5,549.6500244140625,537.0499877929688,543.0999755859375,7556830
2018-05-10 00:00:00+00:00,544.597900390625,547.6500244140625,554.0,542.9500122070312,548.5,11415139
2018-05-11 00:00:00+00:00,550.21630859375,553.2999877929688,556.5,545.5,548.5999755859375,4960854
2018-05-14 00:00:00+00:00,548.82421875,551.9000244140625,558.9000244140625,547.5499877929688,551.2000122070312,4999526
2018-05-15 00:00:00+00:00,546.6364135742188,549.7000122070312,563.5,547.3499755859375,548.0,6752759
2018-05-16 00:00:00+00:00,546.9347534179688,550.0,552.75,541.0499877929688,545.0,9929095
2018-05-17 00:00:00+00:00,536.4435424804688,539.4500122070312,553.0,536.5,550.0,8551787
2018-05-18 00:00:00+00:00,529.9300537109375,532.9000244140625,540.7000122070312,528.5,536.7999877929688,7343619
2018-05-21 00:00:00+00:00,523.9136962890625,526.8499755859375,537.7999877929688,521.8499755859375,535.0,4258800
2018-05-22 00:00:00+00:00,520.3834838867188,523.2999877929688,533.5,520.6500244140625,528.4000244140625,4711540
2018-05-23 00:00:00+00:00,517.3505249023438,520.25,528.2000122070312,519.4000244140625,522.0,4426060
2018-05-24 00:00:00+00:00,531.471435546875,534.4500122070312,537.0,521.0999755859375,521.7000122070312,5188026
2018-05-25 00:00:00+00:00,535.4988403320312,538.5,543.5,532.5,535.5999755859375,4588810
2018-05-28 00:00:00+00:00,543.106201171875,546.1500244140625,548.0,540.9500122070312,541.7000122070312,5611936
2018-05-29 00:00:00+00:00,544.697265625,547.75,549.9000244140625,543.2000122070312,547.0,8015443
2018-05-30 00:00:00+00:00,538.6312255859375,541.6500244140625,544.7000122070312,535.0499877929688,543.75,5919369
2018-05-31 00:00:00+00:00,542.8576049804688,545.9000244140625,551.7999877929688,532.25,543.0,15652651
2018-06-01 00:00:00+00:00,533.6591796875,536.6500244140625,544.2999877929688,532.8499755859375,543.0,4061137
2018-06-04 00:00:00+00:00,534.056884765625,537.0499877929688,541.9500122070312,531.25,539.5499877929688,4291186
2018-06-05 00:00:00+00:00,527.9412841796875,530.9000244140625,536.0,524.25,534.6500244140625,5088506
2018-06-06 00:00:00+00:00,528.4384155273438,531.4000244140625,533.7999877929688,526.5999755859375,530.0,5281259
2018-06-07 00:00:00+00:00,539.377197265625,542.4000244140625,550.0,532.1500244140625,533.7999877929688,6932191
2018-06-08 00:00:00+00:00,534.4049682617188,537.4000244140625,541.9000244140625,535.4500122070312,541.0499877929688,4627913
2018-06-11 00:00:00+00:00,536.9408569335938,539.9500122070312,542.5999755859375,530.3499755859375,539.7999877929688,4095873
2018-06-12 00:00:00+00:00,534.1563110351562,537.1500244140625,544.5,535.7999877929688,543.5,3320721
2018-06-13 00:00:00+00:00,537.6368408203125,540.6500244140625,551.7999877929688,536.8499755859375,539.7999877929688,5924906
2018-06-14 00:00:00+00:00,529.0349731445312,532.0,539.7999877929688,531.0,539.7999877929688,3736633
2018-06-15 00:00:00+00:00,525.8031616210938,528.75,534.6500244140625,516.0999755859375,527.7999877929688,7854953
2018-06-18 00:00:00+00:00,519.6376953125,522.5499877929688,531.0,521.4500122070312,530.25,3711213
2018-06-19 00:00:00+00:00,514.3175659179688,517.2000122070312,524.4000244140625,514.4000244140625,522.1500244140625,6483110
2018-06-20 00:00:00+00:00,516.2069091796875,519.0999755859375,527.4000244140625,517.1500244140625,520.75,4555002
2018-06-21 00:00:00+00:00,510.1906433105469,513.0499877929688,522.0,511.1000061035156,521.25,4856050
2018-06-22 00:00:00+00:00,522.7205200195312,525.6500244140625,527.7999877929688,510.54998779296875,513.0,5932446
2018-06-25 00:00:00+00:00,512.3286743164062,515.2000122070312,523.3499755859375,513.0999755859375,520.3499755859375,4882240
2018-06-26 00:00:00+00:00,511.3343200683594,514.2000122070312,518.7000122070312,512.0499877929688,516.5,4505122
2018-06-27 00:00:00+00:00,505.0196838378906,507.8500061035156,516.0,501.6000061035156,516.0,5659070
2018-06-28 00:00:00+00:00,501.78778076171875,504.6000061035156,513.5,500.79998779296875,508.0,4854274
2018-06-29 00:00:00+00:00,507.95318603515625,510.79998779296875,514.5,498.75,505.79998779296875,7747444
2018-07-02 00:00:00+00:00,509.3951416015625,512.25,513.7999877929688,503.0,510.75,6799910
2018-07-03 00:00:00+00:00,508.69903564453125,511.54998779296875,519.9000244140625,509.25,512.9000244140625,6658467
2018-07-04 00:00:00+00:00,511.8812561035156,514.75,516.25,507.6499938964844,511.95001220703125,3893493
2018-07-05 00:00:00+00:00,508.1520690917969,511.0,517.8499755859375,509.0,514.0,2692462
2018-07-06 00:00:00+00:00,510.8370361328125,513.7000122070312,516.9000244140625,509.5,513.0,2706424
2018-07-09 00:00:00+00:00,522.3226318359375,525.25,529.2999877929688,515.0999755859375,515.0999755859375,6295104
2018-07-10 00:00:00+00:00,529.5819702148438,532.5499877929688,534.9000244140625,522.0,527.9500122070312,5281760
2018-07-11 00:00:00+00:00,533.5596313476562,536.5499877929688,542.3499755859375,530.7999877929688,532.4000244140625,6432494
2018-07-12 00:00:00+00:00,535.349609375,538.3499755859375,545.7000122070312,535.2999877929688,539.7000122070312,4128221
2018-07-13 00:00:00+00:00,520.0852661132812,523.0,541.0,519.4500122070312,539.7000122070312,4169212
2018-07-16 00:00:00+00:00,519.1902465820312,522.0999755859375,529.9000244140625,518.3499755859375,523.0,5032325
2018-07-17 00:00:00+00:00,534.9022827148438,537.9000244140625,539.8499755859375,519.0,521.7000122070312,4511522
2018-07-18 00:00:00+00:00,523.6154174804688,526.5499877929688,542.4000244140625,515.0,541.2000122070312,4954888
2018-07-19 00:00:00+00:00,523.864013671875,526.7999877929688,537.4000244140625,518.4000244140625,528.0499877929688,5276418
2018-07-20 00:00:00+00:00,530.7256469726562,533.7000122070312,536.4500122070312,525.0,526.7999877929688,2532288
2018-07-23 00:00:00+00:00,537.3385620117188,540.3499755859375,544.7999877929688,530.5499877929688,534.9000244140625,6009401
2018-07-24 00:00:00+00:00,543.0564575195312,546.0999755859375,548.9000244140625,538.0499877929688,541.0499877929688,6171893
2018-07-25 00:00:00+00:00,529.2836303710938,532.25,547.5,529.5,547.0,3341114
2018-07-26 00:00:00+00:00,538.6312255859375,541.6500244140625,544.0,526.4000244140625,535.4000244140625,7920089
2018-07-27 00:00:00+00:00,550.1666259765625,553.25,555.0,537.25,543.2000122070312,7678597
2018-07-30 00:00:00+00:00,566.4752807617188,569.6500244140625,571.2000122070312,550.7999877929688,556.0499877929688,12949737
2018-07-31 00:00:00+00:00,547.33251953125,550.4000244140625,584.4500122070312,548.0,582.0,21735293
2018-08-01 00:00:00+00:00,542.1117553710938,545.1500244140625,555.5,538.25,550.5,6871812
2018-08-02 00:00:00+00:00,544.2001342773438,547.25,551.2999877929688,539.0,545.25,6495837
2018-08-03 00:00:00+00:00,571.5468139648438,574.75,578.5499877929688,545.75,546.5,15953749
2018-08-06 00:00:00+00:00,593.4738159179688,596.7999877929688,604.0,575.2000122070312,575.2000122070312,22629303
2018-08-07 00:00:00+00:00,589.744873046875,593.0499877929688,606.9000244140625,583.7000122070312,597.0,16424825
2018-08-08 00:00:00+00:00,592.9767456054688,596.2999877929688,598.9000244140625,587.0,596.75,7138029
2018-08-09 00:00:00+00:00,617.5888061523438,621.0499877929688,624.4000244140625,595.0,595.0,18227195
2018-08-10 00:00:00+00:00,612.0697021484375,615.5,623.9000244140625,611.25,621.2999877929688,16074351
2018-08-13 00:00:00+00:00,601.52880859375,604.9000244140625,616.0,602.5999755859375,612.0,8445677
2018-08-14 00:00:00+00:00,614.6054077148438,618.0499877929688,621.2999877929688,608.5999755859375,608.5999755859375,10225641
2018-08-16 00:00:00+00:00,619.9754028320312,623.4500122070312,635.0,611.25,614.9000244140625,18777302
2018-08-17 00:00:00+00:00,623.8038940429688,627.2999877929688,632.4500122070312,620.2999877929688,630.0,13411536
2018-08-20 00:00:00+00:00,620.9201049804688,624.4000244140625,630.5999755859375,622.0999755859375,630.0,6463139
2018-08-21 00:00:00+00:00,632.2068481445312,635.75,638.25,617.2999877929688,625.4000244140625,15522297
2018-08-23 00:00:00+00:00,628.2291259765625,631.75,644.6500244140625,628.5499877929688,644.6500244140625,12699837
2018-08-24 00:00:00+00:00,636.3336791992188,639.9000244140625,643.4000244140625,634.0,638.0499877929688,15035968
2018-08-27 00:00:00+00:00,646.5762939453125,650.2000122070312,651.5,642.0,643.0,9819034
2018-08-28 00:00:00+00:00,656.3713989257812,660.0499877929688,662.7999877929688,642.0,652.0,9886447
2018-08-29 00:00:00+00:00,653.239013671875,656.9000244140625,667.6500244140625,653.25,657.5,13329261
2018-08-30 00:00:00+00:00,646.1288452148438,649.75,661.8499755859375,643.0499877929688,661.8499755859375,14868623
2018-08-31 00:00:00+00:00,645.631591796875,649.25,653.5,641.25,649.5,10207700
2018-09-03 00:00:00+00:00,628.27880859375,631.7999877929688,655.4500122070312,629.5999755859375,655.4500122070312,6494484
2018-09-04 00:00:00+00:00,638.22314453125,641.7999877929688,644.4000244140625,622.75,631.0,9305124
2018-09-05 00:00:00+00:00,634.0963134765625,637.6500244140625,646.6500244140625,631.3499755859375,641.0,8837398
2018-09-06 00:00:00+00:00,634.6432495117188,638.2000122070312,643.2999877929688,624.5999755859375,638.9000244140625,10026621
2018-09-07 00:00:00+00:00,641.9522705078125,645.5499877929688,648.0,632.0999755859375,640.0,6999943
2018-09-10 00:00:00+00:00,648.11767578125,651.75,677.9500122070312,643.2999877929688,644.9500122070312,32430222
2018-09-11 00:00:00+00:00,646.526611328125,650.1500244140625,665.7000122070312,647.4500122070312,651.6500244140625,19162102
2018-09-12 00:00:00+00:00,631.9085083007812,635.4500122070312,665.0,630.0999755859375,665.0,14448365
2018-09-14 00:00:00+00:00,632.8532104492188,636.4000244140625,644.0,632.0,641.7999877929688,12083354
2018-09-17 00:00:00+00:00,622.46142578125,625.9500122070312,634.0,622.0,633.7000122070312,6644742
2018-09-18 00:00:00+00:00,605.2081298828125,608.5999755859375,633.0499877929688,606.1500244140625,624.0,10724450
2018-09-19 00:00:00+00:00,605.4070434570312,608.7999877929688,622.5,601.2999877929688,611.5999755859375,9373364
2018-09-21 00:00:00+00:00,595.860595703125,599.2000122070312,634.0,563.4000244140625,618.9500122070312,24788799
2018-09-24 00:00:00+00:00,594.0208129882812,597.3499755859375,605.75,587.8499755859375,599.5999755859375,11998797
2018-09-25 00:00:00+00:00,610.9260864257812,614.3499755859375,619.7999877929688,589.5499877929688,598.7999877929688,17515392
2018-09-26 00:00:00+00:00,614.0088500976562,617.4500122070312,624.3499755859375,612.0499877929688,619.0,8725133
2018-09-27 00:00:00+00:00,596.8052978515625,600.1500244140625,619.75,597.0,617.3499755859375,9683836
2018-09-28 00:00:00+00:00,609.8322143554688,613.25,619.7999877929688,594.0499877929688,598.5,16754620
2018-10-01 00:00:00+00:00,590.1426391601562,593.4500122070312,617.5,572.5,615.0999755859375,20117451
2018-10-03 00:00:00+00:00,569.0607299804688,572.25,592.5999755859375,569.0999755859375,592.5999755859375,18385327
2018-10-04 00:00:00+00:00,582.9827270507812,586.25,590.5499877929688,553.7999877929688,565.0,16877024
2018-10-05 00:00:00+00:00,565.3316650390625,568.5,590.5,565.0,586.0,9860010
2018-10-08 00:00:00+00:00,553.4481811523438,556.5499877929688,574.5,546.0999755859375,570.0,12918017
2018-10-09 00:00:00+00:00,549.7688598632812,552.8499755859375,563.9000244140625,549.1500244140625,561.9000244140625,8053297
2018-10-10 00:00:00+00:00,585.916259765625,589.2000122070312,590.7999877929688,552.8499755859375,553.9500122070312,13695001
2018-10-11 00:00:00+00:00,577.6128540039062,580.8499755859375,585.7999877929688,550.0999755859375,555.0,11223315
2018-10-12 00:00:00+00:00,581.6401977539062,584.9000244140625,602.25,580.75,589.6500244140625,10689006
2018-10-15 00:00:00+00:00,573.3367919921875,576.5499877929688,585.0,569.4500122070312,585.0,5065325
2018-10-16 00:00:00+00:00,585.5682373046875,588.8499755859375,594.3499755859375,570.25,577.75,13083651
2018-10-17 00:00:00+00:00,572.8395385742188,576.0499877929688,598.7999877929688,566.5999755859375,594.75,9609195
2018-10-19 00:00:00+00:00,559.414794921875,562.5499877929688,576.5499877929688,554.5499877929688,570.4000244140625,12664549
2018-10-22 00:00:00+00:00,558.9176025390625,562.0499877929688,572.0,558.2000122070312,567.9500122070312,10235243
2018-10-23 00:00:00+00:00,559.6137084960938,562.75,571.4000244140625,553.5,557.0,9513054
2018-10-24 00:00:00+00:00,560.9561157226562,564.0999755859375,576.9500122070312,557.25,574.5,9759225
2018-10-25 00:00:00+00:00,557.923095703125,561.0499877929688,564.7000122070312,552.4500122070312,558.0,13041860
2018-10-26 00:00:00+00:00,534.7032470703125,537.7000122070312,564.0,534.5499877929688,562.0,9229395
2018-10-29 00:00:00+00:00,563.5416870117188,566.7000122070312,577.0,538.5499877929688,541.3499755859375,15917739
2018-10-30 00:00:00+00:00,559.5640258789062,562.7000122070312,571.75,559.0,564.8499755859375,8522604
2018-10-31 00:00:00+00:00,579.1542358398438,582.4000244140625,586.0,558.0,568.2999877929688,12135088
2018-11-01 00:00:00+00:00,598.7941284179688,602.1500244140625,608.0499877929688,582.0499877929688,582.0499877929688,16048865
2018-11-02 00:00:00+00:00,607.2467041015625,610.6500244140625,617.9000244140625,605.0999755859375,612.4500122070312,12488669
2018-11-05 00:00:00+00:00,620.9201049804688,624.4000244140625,633.0,617.2000122070312,628.9000244140625,24201213
2018-11-06 00:00:00+00:00,604.0645751953125,607.4500122070312,628.0999755859375,600.0499877929688,626.0,15354794
2018-11-07 00:00:00+00:00,603.4678955078125,606.8499755859375,612.9000244140625,604.6500244140625,612.9000244140625,1528117
2018-11-09 00:00:00+00:00,609.782470703125,613.2000122070312,623.7999877929688,601.0,609.0,13927467
2018-11-12 00:00:00+00:00,603.1695556640625,606.5499877929688,618.5,604.7999877929688,612.5499877929688,7073703
2018-11-13 00:00:00+00:00,614.8540649414062,618.2999877929688,620.75,604.0499877929688,606.4500122070312,8938939
2018-11-14 00:00:00+00:00,609.285400390625,612.7000122070312,623.2999877929688,608.7999877929688,622.25,9840254
2018-11-15 00:00:00+00:00,622.6105346679688,626.0999755859375,632.5,610.75,613.25,11005288
2018-11-16 00:00:00+00:00,616.3457641601562,619.7999877929688,636.7000122070312,616.5499877929688,626.5999755859375,12204545
2018-11-19 00:00:00+00:00,612.865234375,616.2999877929688,620.2999877929688,608.5999755859375,619.7999877929688,9046876
2018-11-20 00:00:00+00:00,609.235595703125,612.6500244140625,619.5999755859375,609.5499877929688,614.7000122070312,6658508
2018-11-21 00:00:00+00:00,623.3564453125,626.8499755859375,628.6500244140625,610.2000122070312,610.9000244140625,7842430
2018-11-22 00:00:00+00:00,611.125,614.5499877929688,629.4000244140625,612.0999755859375,625.7999877929688,6946666
2018-11-26 00:00:00+00:00,627.5330200195312,631.0499877929688,634.75,616.5,618.6500244140625,9528169
2018-11-27 00:00:00+00:00,621.765380859375,625.25,638.7000122070312,623.0,629.9000244140625,11251342
2018-11-28 00:00:00+00:00,624.4503173828125,627.9500122070312,631.7999877929688,622.5,630.0,9035388
2018-11-29 00:00:00+00:00,627.881103515625,631.4000244140625,636.2000122070312,621.5,632.0,19643832
2018-11-30 00:00:00+00:00,622.2626342773438,625.75,635.25,624.0,633.0,8984998
2018-12-03 00:00:00+00:00,621.3178100585938,624.7999877929688,633.0,621.5999755859375,632.0,5914250
2018-12-04 00:00:00+00:00,619.7764892578125,623.25,627.5499877929688,618.5999755859375,624.9500122070312,8382005
2018-12-05 00:00:00+00:00,611.5227661132812,614.9500122070312,623.9500122070312,613.4000244140625,620.9000244140625,9728083
2018-12-06 00:00:00+00:00,596.7058715820312,600.0499877929688,613.8499755859375,598.25,610.25,7519849
2018-12-07 00:00:00+00:00,600.5841674804688,603.9500122070312,609.5,592.3499755859375,602.4000244140625,12262327
2018-12-10 00:00:00+00:00,587.0101318359375,590.2999877929688,601.5,585.2999877929688,595.0,11643401
2018-12-11 00:00:00+00:00,600.8824462890625,604.25,616.6500244140625,580.5,581.0,16429956
2018-12-12 00:00:00+00:00,616.4949340820312,619.9500122070312,622.0,603.0,604.75,7232578
2018-12-13 00:00:00+00:00,615.649658203125,619.0999755859375,625.9000244140625,616.1500244140625,624.7999877929688,7419355
2018-12-14 00:00:00+00:00,616.793212890625,620.25,623.0,611.2999877929688,619.0999755859375,4165047
2018-12-17 00:00:00+00:00,613.7105712890625,617.1500244140625,624.5,616.1500244140625,622.5499877929688,4843342
2018-12-18 00:00:00+00:00,615.9480590820312,619.4000244140625,621.7999877929688,613.8499755859375,617.6500244140625,8492688
2018-12-19 00:00:00+00:00,638.0740356445312,641.6500244140625,651.6500244140625,619.1500244140625,624.25,16759139
2018-12-20 00:00:00+00:00,629.4224853515625,632.9500122070312,646.9000244140625,629.0,636.9500122070312,11004125
2018-12-21 00:00:00+00:00,617.389892578125,620.8499755859375,637.8499755859375,616.6500244140625,633.2999877929688,10715457
2018-12-24 00:00:00+00:00,611.572509765625,615.0,627.1500244140625,613.5,626.0,6191605
2018-12-26 00:00:00+00:00,616.0474243164062,619.5,623.6500244140625,603.4500122070312,611.0,6519211
2018-12-27 00:00:00+00:00,614.1082763671875,617.5499877929688,626.0,615.5999755859375,623.5499877929688,12304812
2018-12-28 00:00:00+00:00,621.5664672851562,625.0499877929688,628.0,620.0,623.9000244140625,6372911
2018-12-31 00:00:00+00:00,616.4451904296875,619.9000244140625,631.9500122070312,618.7999877929688,630.4000244140625,6030093
2019-01-01 00:00:00+00:00,623.8038940429688,627.2999877929688,630.2000122070312,621.9000244140625,621.9000244140625,12179223
2019-01-02 00:00:00+00:00,616.5944213867188,620.0499877929688,628.5,617.5,623.0,12386281
2019-01-03 00:00:00+00:00,604.5618286132812,607.9500122070312,622.0,603.6500244140625,621.4000244140625,13228602
2019-01-04 00:00:00+00:00,616.1467895507812,619.5999755859375,624.75,609.5,612.0,8381367
2019-01-07 00:00:00+00:00,633.8973999023438,637.4500122070312,640.7000122070312,624.2000122070312,626.0,11735286
2019-01-08 00:00:00+00:00,647.2724609375,650.9000244140625,653.75,630.5999755859375,636.0,11879875
2019-01-09 00:00:00+00:00,666.3653564453125,670.0999755859375,672.0499877929688,652.3499755859375,652.3499755859375,18003387
2019-01-10 00:00:00+00:00,659.5536499023438,663.25,668.9000244140625,654.5999755859375,668.9000244140625,12751327
2019-01-11 00:00:00+00:00,662.7855224609375,666.5,668.5,658.2000122070312,665.0,8330315
2019-01-14 00:00:00+00:00,655.5261840820312,659.2000122070312,663.0,652.5499877929688,663.0,6856244
2019-01-15 00:00:00+00:00,656.9183349609375,660.5999755859375,664.25,655.0499877929688,661.2999877929688,5467484
2019-01-16 00:00:00+00:00,660.2994384765625,664.0,670.4000244140625,660.7000122070312,660.7000122070312,6598151
2019-01-17 00:00:00+00:00,672.87890625,676.6500244140625,680.0,665.5999755859375,669.9000244140625,10448209
2019-01-18 00:00:00+00:00,660.89599609375,664.5999755859375,676.0499877929688,661.4500122070312,674.9000244140625,7037386
2019-01-21 00:00:00+00:00,656.6200561523438,660.2999877929688,664.5,656.5,661.5499877929688,6157956
2019-01-22 00:00:00+00:00,657.9127807617188,661.5999755859375,663.5999755859375,653.8499755859375,656.3499755859375,7951640
2019-01-23 00:00:00+00:00,657.9127807617188,661.5999755859375,667.0,658.5999755859375,659.5,7596006
2019-01-24 00:00:00+00:00,659.951416015625,663.6500244140625,665.5499877929688,655.0,665.0,7013582
2019-01-25 00:00:00+00:00,666.017333984375,669.75,676.8499755859375,665.2000122070312,665.2000122070312,6628922
2019-01-28 00:00:00+00:00,652.6422119140625,656.2999877929688,674.4500122070312,650.3499755859375,669.0,7792690
2019-01-29 00:00:00+00:00,657.0675048828125,660.75,671.0,649.5499877929688,658.5,8302420
2019-01-30 00:00:00+00:00,687.0992431640625,690.9500122070312,703.3499755859375,683.75,687.0499877929688,46912230
2019-01-31 00:00:00+00:00,718.6722412109375,722.7000122070312,726.8499755859375,689.0499877929688,697.25,35239544
2019-02-01 00:00:00+00:00,713.2525634765625,717.25,726.4000244140625,705.4000244140625,720.75,13792059
2019-02-04 00:00:00+00:00,716.4844970703125,720.5,724.5,708.0,711.2999877929688,8195956
2019-02-05 00:00:00+00:00,725.434326171875,729.5,731.5999755859375,719.5,722.0,8665426
2019-02-06 00:00:00+00:00,721.7052612304688,725.75,734.5,715.5999755859375,731.2999877929688,8077340
2019-02-07 00:00:00+00:00,726.0807495117188,730.1500244140625,733.7999877929688,724.0,726.25,7203465
2019-02-08 00:00:00+00:00,715.3906860351562,719.4000244140625,732.7999877929688,716.25,727.0,7341956
2019-02-11 00:00:00+00:00,706.8883056640625,710.8499755859375,719.9000244140625,705.2999877929688,719.9000244140625,7234953
2019-02-12 00:00:00+00:00,701.6675415039062,705.5999755859375,713.4000244140625,700.0,701.0,15856819
2019-02-14 00:00:00+00:00,691.1266479492188,695.0,706.4000244140625,692.5999755859375,706.0,10383603
2019-02-15 00:00:00+00:00,682.7733764648438,686.5999755859375,704.0,681.7000122070312,700.0,10866440
2019-02-18 00:00:00+00:00,689.4360961914062,693.2999877929688,697.7000122070312,680.7000122070312,686.0,7135564
2019-02-19 00:00:00+00:00,689.1875,693.0499877929688,705.4000244140625,689.6500244140625,693.2999877929688,6816325
2019-02-20 00:00:00+00:00,696.4468383789062,700.3499755859375,703.0,695.2999877929688,697.5999755859375,5772687
2019-02-21 00:00:00+00:00,693.3143920898438,697.2000122070312,706.5,695.0999755859375,700.5,6674353
2019-02-22 00:00:00+00:00,698.1373291015625,702.0499877929688,704.4500122070312,691.2000122070312,697.4500122070312,9822278
2019-02-25 00:00:00+00:00,699.7781372070312,703.7000122070312,705.7999877929688,696.0999755859375,702.9000244140625,11428024
2019-02-26 00:00:00+00:00,706.1922607421875,710.1500244140625,715.5999755859375,693.0499877929688,694.0,9166951
2019-02-27 00:00:00+00:00,714.1973876953125,718.2000122070312,727.7999877929688,713.0499877929688,714.9500122070312,13284424
2019-02-28 00:00:00+00:00,705.5955200195312,709.5499877929688,723.4500122070312,706.4000244140625,723.4500122070312,26230891
2019-03-01 00:00:00+00:00,698.4854125976562,702.4000244140625,714.9500122070312,699.5499877929688,713.5,7713824
2019-03-05 00:00:00+00:00,727.9701538085938,732.0499877929688,733.9000244140625,700.7000122070312,705.7000122070312,11298428
2019-03-06 00:00:00+00:00,716.5839233398438,720.5999755859375,733.9000244140625,712.5499877929688,733.9000244140625,10510670
2019-03-07 00:00:00+00:00,729.66064453125,733.75,739.4500122070312,720.75,720.75,11263734
2019-03-08 00:00:00+00:00,729.3126220703125,733.4000244140625,737.25,728.4000244140625,732.0,7744794
2019-03-11 00:00:00+00:00,730.406494140625,734.5,744.9000244140625,730.5999755859375,733.2999877929688,9421608
2019-03-12 00:00:00+00:00,738.4116821289062,742.5499877929688,749.0,738.5499877929688,738.7000122070312,8131901
2019-03-13 00:00:00+00:00,733.8870239257812,738.0,751.0,736.5,743.5999755859375,12333789
2019-03-14 00:00:00+00:00,736.4724731445312,740.5999755859375,749.7000122070312,737.4000244140625,740.0,7100875
2019-03-15 00:00:00+00:00,731.003173828125,735.0999755859375,748.9500122070312,731.7000122070312,742.9500122070312,14560368
2019-03-18 00:00:00+00:00,742.8367919921875,747.0,753.8499755859375,740.25,741.0,8067253
2019-03-19 00:00:00+00:00,756.6593627929688,760.9000244140625,763.0,749.0499877929688,755.0,8818172
2019-03-20 00:00:00+00:00,751.5380249023438,755.75,767.0,754.3499755859375,760.75,9758274
2019-03-22 00:00:00+00:00,752.8308715820312,757.0499877929688,765.9000244140625,735.5499877929688,764.7000122070312,10355078
2019-03-25 00:00:00+00:00,741.5440673828125,745.7000122070312,755.0,741.1500244140625,752.7000122070312,7130411
2019-03-26 00:00:00+00:00,752.8805541992188,757.0999755859375,760.9500122070312,741.6500244140625,747.4000244140625,7300104
2019-03-27 00:00:00+00:00,755.0682373046875,759.2999877929688,770.0,755.8499755859375,761.2999877929688,7456768
2019-03-28 00:00:00+00:00,776.3489990234375,780.7000122070312,787.6500244140625,757.1500244140625,761.0999755859375,16643818
2019-04-01 00:00:00+00:00,761.3331909179688,765.5999755859375,783.0,760.5999755859375,780.9500122070312,6021202
2019-04-02 00:00:00+00:00,763.1231689453125,767.4000244140625,774.9500122070312,761.0,769.1500244140625,6592678
2019-04-03 00:00:00+00:00,757.2560424804688,761.5,772.75,758.7000122070312,770.0,5591613
2019-04-04 00:00:00+00:00,757.9024047851562,762.1500244140625,771.9000244140625,760.0,763.0,7009879
2019-04-05 00:00:00+00:00,757.9522094726562,762.2000122070312,768.75,756.0999755859375,763.9500122070312,5343947
2019-04-08 00:00:00+00:00,750.3944702148438,754.5999755859375,768.0,748.5499877929688,764.2999877929688,4918795
2019-04-09 00:00:00+00:00,759.1454467773438,763.4000244140625,766.0,751.0,755.0,5483424
2019-04-10 00:00:00+00:00,756.6096801757812,760.8499755859375,767.9000244140625,758.0,761.25,5933250
2019-04-11 00:00:00+00:00,748.1072998046875,752.2999877929688,761.3499755859375,747.0,760.5,5365803
2019-04-12 00:00:00+00:00,760.090087890625,764.3499755859375,766.75,751.5999755859375,753.4000244140625,4671869
2019-04-15 00:00:00+00:00,758.5984497070312,762.8499755859375,770.2000122070312,760.0,764.0,3707106
2019-04-16 00:00:00+00:00,766.8024291992188,771.0999755859375,776.0,765.0999755859375,765.0999755859375,7088601
2019-04-18 00:00:00+00:00,766.9019165039062,771.2000122070312,779.0,769.0,778.4000244140625,6098041
2019-04-22 00:00:00+00:00,751.2894897460938,755.5,768.9000244140625,750.5499877929688,768.9000244140625,4185156
2019-04-23 00:00:00+00:00,749.0520629882812,753.25,759.2999877929688,749.0,757.4500122070312,5098170
2019-04-24 00:00:00+00:00,748.654296875,752.8499755859375,755.7000122070312,738.3499755859375,754.7000122070312,7825049
2019-04-25 00:00:00+00:00,736.7708740234375,740.9000244140625,758.5499877929688,738.5499877929688,754.0,10282068
2019-04-26 00:00:00+00:00,755.6649780273438,759.9000244140625,765.1500244140625,747.25,762.0,23294204
2019-04-30 00:00:00+00:00,762.576171875,766.8499755859375,769.7000122070312,755.7999877929688,759.9500122070312,12434805
2019-05-02 00:00:00+00:00,748.156982421875,752.3499755859375,767.7999877929688,748.0499877929688,765.4000244140625,7033021
2019-05-03 00:00:00+00:00,753.0794067382812,757.2999877929688,763.7999877929688,753.4500122070312,754.1500244140625,5970814
2019-05-06 00:00:00+00:00,743.2843627929688,747.4500122070312,753.4000244140625,744.0999755859375,746.0,5909936
2019-05-07 00:00:00+00:00,737.7155151367188,741.8499755859375,755.5,740.0,751.8499755859375,5071941
2019-05-08 00:00:00+00:00,731.4010009765625,735.5,744.75,733.3499755859375,741.9000244140625,6739894
2019-05-09 00:00:00+00:00,726.926025390625,731.0,740.5,729.4000244140625,733.9000244140625,4193451
2019-05-10 00:00:00+00:00,730.9534301757812,735.0499877929688,738.5,729.5,734.4000244140625,3913815
2019-05-13 00:00:00+00:00,728.0198364257812,732.0999755859375,742.8499755859375,730.0,734.0,5891071
2019-05-14 00:00:00+00:00,727.2740478515625,731.3499755859375,738.5,722.5,729.4000244140625,7049134
2019-05-15 00:00:00+00:00,717.926513671875,721.9500122070312,737.7000122070312,716.0999755859375,735.7999877929688,4849130
2019-05-16 00:00:00+00:00,727.7713623046875,731.8499755859375,735.0,718.7000122070312,720.9500122070312,5142617
2019-05-17 00:00:00+00:00,744.7760009765625,748.9500122070312,752.1500244140625,727.2000122070312,731.7999877929688,9072242
2019-05-20 00:00:00+00:00,778.03955078125,782.4000244140625,790.6500244140625,760.2000122070312,760.2000122070312,15866697
2019-05-21 00:00:00+00:00,768.6422119140625,772.9500122070312,791.7999877929688,771.0499877929688,789.7000122070312,9251548
2019-05-22 00:00:00+00:00,774.8077392578125,779.1500244140625,784.0,770.2000122070312,774.7999877929688,5928186
2019-05-23 00:00:00+00:00,772.0729370117188,776.4000244140625,804.2999877929688,770.5999755859375,788.0,14776218
2019-05-24 00:00:00+00:00,788.7793579101562,793.2000122070312,795.9000244140625,778.5,779.4500122070312,9323114
2019-05-27 00:00:00+00:00,809.3639526367188,813.9000244140625,816.4000244140625,787.2000122070312,794.0,9128216
2019-05-28 00:00:00+00:00,803.8946533203125,808.4000244140625,822.0999755859375,801.0,816.2999877929688,13473187
2019-05-29 00:00:00+00:00,800.21533203125,804.7000122070312,813.0,802.0999755859375,806.75,5958128
2019-05-30 00:00:00+00:00,803.0493774414062,807.5499877929688,814.2000122070312,803.25,803.25,6414384
2019-05-31 00:00:00+00:00,803.7952270507812,808.2999877929688,818.7000122070312,793.2000122070312,811.0,11140585
2019-06-03 00:00:00+00:00,808.1209716796875,812.6500244140625,814.6500244140625,803.0999755859375,813.5499877929688,6427567
2019-06-04 00:00:00+00:00,818.21435546875,822.7999877929688,827.75,805.5,807.5499877929688,9515354
2019-06-06 00:00:00+00:00,803.1985473632812,807.7000122070312,825.9500122070312,805.7999877929688,824.0,14728937
2019-06-07 00:00:00+00:00,799.5191650390625,804.0,813.25,801.2999877929688,811.0999755859375,6884094
2019-06-10 00:00:00+00:00,809.6126098632812,814.1500244140625,816.75,807.4000244140625,807.4000244140625,5923875
2019-06-11 00:00:00+00:00,810.2589721679688,814.7999877929688,821.4500122070312,807.0,817.1500244140625,5471529
2019-06-12 00:00:00+00:00,809.0159301757812,813.5499877929688,815.75,809.0999755859375,814.0499877929688,4707478
2019-06-13 00:00:00+00:00,815.5792236328125,820.1500244140625,823.4000244140625,810.75,811.25,9056584
2019-06-14 00:00:00+00:00,796.7347412109375,801.2000122070312,823.0999755859375,797.4500122070312,820.0999755859375,8919370
2019-06-17 00:00:00+00:00,773.3657836914062,777.7000122070312,801.0,775.0999755859375,800.0999755859375,10151212
2019-06-18 00:00:00+00:00,771.4265747070312,775.75,784.8499755859375,770.0999755859375,781.9500122070312,8347632
2019-06-19 00:00:00+00:00,766.40478515625,770.7000122070312,789.0,763.3499755859375,780.7999877929688,6411258
2019-06-20 00:00:00+00:00,767.1007690429688,771.4000244140625,775.4500122070312,758.8499755859375,772.0,9190732
2019-06-21 00:00:00+00:00,766.7527465820312,771.0499877929688,778.25,762.7999877929688,774.75,12610688
2019-06-24 00:00:00+00:00,758.5984497070312,762.8499755859375,775.25,761.0,771.0,4866859
2019-06-25 00:00:00+00:00,777.2937622070312,781.6500244140625,783.0,756.5499877929688,761.25,10044436
2019-06-26 00:00:00+00:00,784.2049560546875,788.5999755859375,792.0,781.7000122070312,782.9000244140625,8715757
2019-06-27 00:00:00+00:00,795.989013671875,800.4500122070312,806.8499755859375,781.5999755859375,788.9500122070312,18439210
2019-06-28 00:00:00+00:00,804.0438232421875,808.5499877929688,812.9000244140625,793.2999877929688,801.1500244140625,9174348
2019-07-01 00:00:00+00:00,805.9332885742188,810.4500122070312,819.0,807.4500122070312,810.75,5896530
2019-07-02 00:00:00+00:00,798.126953125,802.5999755859375,812.5499877929688,800.75,811.0999755859375,7549027
2019-07-03 00:00:00+00:00,801.7068481445312,806.2000122070312,811.5,801.5,802.6500244140625,5535230
2019-07-04 00:00:00+00:00,805.341064453125,808.8499755859375,813.2000122070312,804.2999877929688,810.0,5553273
2019-07-05 00:00:00+00:00,802.6029052734375,806.0999755859375,812.9500122070312,801.2999877929688,808.0,5871202
2019-07-08 00:00:00+00:00,779.503662109375,782.9000244140625,803.6500244140625,778.6500244140625,802.0,7485169
2019-07-09 00:00:00+00:00,782.7893676757812,786.2000122070312,788.7999877929688,776.4000244140625,778.5,6448920
2019-07-10 00:00:00+00:00,765.9129028320312,769.25,790.0,764.5499877929688,786.6500244140625,5814417
2019-07-11 00:00:00+00:00,763.0752563476562,766.4000244140625,773.5,763.0,773.5,7111401
2019-07-12 00:00:00+00:00,752.5211791992188,755.7999877929688,768.5999755859375,751.0,766.0999755859375,8552548
2019-07-15 00:00:00+00:00,746.4974975585938,749.75,759.6500244140625,744.0,757.25,6350785
2019-07-16 00:00:00+00:00,757.7484130859375,761.0499877929688,763.2000122070312,747.5499877929688,750.0,6170479
2019-07-17 00:00:00+00:00,749.3350830078125,752.5999755859375,765.5499877929688,750.0499877929688,763.0999755859375,5757193
2019-07-18 00:00:00+00:00,737.1880493164062,740.4000244140625,755.0,734.5999755859375,754.0,11283488
2019-07-19 00:00:00+00:00,726.0863647460938,729.25,746.7999877929688,723.2999877929688,743.5499877929688,8091007
2019-07-22 00:00:00+00:00,724.294189453125,727.4500122070312,738.5,720.0,730.0,7020071
2019-07-23 00:00:00+00:00,724.841796875,728.0,739.2999877929688,726.0999755859375,732.9000244140625,7048354
2019-07-24 00:00:00+00:00,709.2098999023438,712.2999877929688,732.7999877929688,709.3499755859375,728.0,6618279
2019-07-25 00:00:00+00:00,720.0128784179688,723.1500244140625,726.25,706.3499755859375,711.2000122070312,9972204
2019-07-26 00:00:00+00:00,726.6837158203125,729.8499755859375,732.0,719.2000122070312,723.5499877929688,5450010
2019-07-29 00:00:00+00:00,717.1254272460938,720.25,740.0,710.0,736.2000122070312,10314136
2019-07-30 00:00:00+00:00,704.5302734375,707.5999755859375,728.0,701.0,725.9500122070312,14100900
2019-07-31 00:00:00+00:00,671.1755981445312,674.0999755859375,694.9000244140625,657.7999877929688,694.0,55836793
2019-08-01 00:00:00+00:00,666.3963623046875,669.2999877929688,680.75,662.6500244140625,673.9500122070312,17001210
2019-08-02 00:00:00+00:00,670.9266967773438,673.8499755859375,681.6500244140625,661.5999755859375,667.4000244140625,14426295
2019-08-05 00:00:00+00:00,659.5762329101562,662.4500122070312,669.3499755859375,650.2000122070312,665.5,13042504
2019-08-06 00:00:00+00:00,676.0543823242188,679.0,682.8499755859375,654.0,658.7000122070312,12419831
2019-08-07 00:00:00+00:00,657.0869750976562,659.9500122070312,679.5,654.25,679.0,10486156
2019-08-08 00:00:00+00:00,657.236328125,660.0999755859375,664.2999877929688,643.2000122070312,660.5999755859375,17563795
2019-08-09 00:00:00+00:00,657.9332885742188,660.7999877929688,675.9500122070312,660.0,664.2000122070312,9289628
2019-08-13 00:00:00+00:00,646.6326293945312,649.4500122070312,668.7000122070312,645.0,662.2000122070312,7389394
2019-08-14 00:00:00+00:00,660.3229370117188,663.2000122070312,669.4500122070312,652.0,652.7999877929688,7148518
2019-08-16 00:00:00+00:00,672.7189331054688,675.6500244140625,678.0,656.8499755859375,664.0,7040117
2019-08-19 00:00:00+00:00,682.0283203125,685.0,689.0,676.3499755859375,678.7999877929688,9082914
2019-08-20 00:00:00+00:00,669.4332275390625,672.3499755859375,685.2000122070312,669.5,685.1500244140625,7602499
2019-08-21 00:00:00+00:00,661.81640625,664.7000122070312,674.1500244140625,659.6500244140625,674.0,7892687
2019-08-22 00:00:00+00:00,658.2817993164062,661.1500244140625,669.8499755859375,657.75,665.0,9262172
2019-08-23 00:00:00+00:00,661.0198974609375,663.9000244140625,671.5499877929688,645.25,659.75,7775604
2019-08-26 00:00:00+00:00,680.7339477539062,683.7000122070312,686.6500244140625,660.5499877929688,677.25,8864341
2019-08-27 00:00:00+00:00,679.9872436523438,682.9500122070312,697.5499877929688,680.5,697.0,12015623
2019-08-28 00:00:00+00:00,675.2578735351562,678.2000122070312,689.3499755859375,673.5,685.0999755859375,5677087
2019-08-29 00:00:00+00:00,658.2817993164062,661.1500244140625,676.75,658.9000244140625,674.0,8753540
2019-08-30 00:00:00+00:00,661.0198974609375,663.9000244140625,668.5999755859375,640.0999755859375,664.9000244140625,17115901
2019-09-03 00:00:00+00:00,642.8988037109375,645.7000122070312,658.7999877929688,641.4500122070312,658.7999877929688,8461431
2019-09-04 00:00:00+00:00,644.4918823242188,647.2999877929688,653.0,638.5999755859375,644.2000122070312,10786466
2019-09-05 00:00:00+00:00,646.7818603515625,649.5999755859375,659.75,644.0499877929688,652.0,8108303
2019-09-06 00:00:00+00:00,668.1885986328125,671.0999755859375,672.75,653.0999755859375,653.0999755859375,11101456
2019-09-09 00:00:00+00:00,668.6366577148438,671.5499877929688,675.7999877929688,662.75,667.6500244140625,5607331
2019-09-11 00:00:00+00:00,678.74267578125,681.7000122070312,683.5,671.0,674.5499877929688,5966906
2019-09-12 00:00:00+00:00,660.0242309570312,662.9000244140625,681.6500244140625,660.5499877929688,680.0999755859375,8087081
2019-09-13 00:00:00+00:00,671.3250122070312,674.25,675.4000244140625,657.0499877929688,663.5499877929688,12105997
2019-09-16 00:00:00+00:00,667.9895629882812,670.9000244140625,674.4000244140625,664.9500122070312,666.5999755859375,7659588
2019-09-17 00:00:00+00:00,637.6715698242188,640.4500122070312,668.2999877929688,638.0499877929688,667.0,17297040
2019-09-18 00:00:00+00:00,645.587158203125,648.4000244140625,654.5,641.5499877929688,645.5,9702162
2019-09-19 00:00:00+00:00,635.431396484375,638.2000122070312,650.0,632.5999755859375,648.2000122070312,9554331
2019-09-20 00:00:00+00:00,677.3985595703125,680.3499755859375,689.4500122070312,622.6500244140625,641.0499877929688,38862975
2019-09-23 00:00:00+00:00,722.3526611328125,725.5,732.0,695.8499755859375,703.9000244140625,31417887
2019-09-24 00:00:00+00:00,701.3441772460938,704.4000244140625,733.25,702.25,728.25,15683656
2019-09-25 00:00:00+00:00,691.9351806640625,694.9500122070312,703.4500122070312,683.6500244140625,702.0,17058681
2019-09-26 00:00:00+00:00,696.8637084960938,699.9000244140625,719.6500244140625,686.5499877929688,686.5999755859375,15007372
2019-09-27 00:00:00+00:00,697.5606079101562,700.5999755859375,707.9500122070312,692.5,700.2000122070312,10245068
2019-09-30 00:00:00+00:00,682.0283203125,685.0,712.4000244140625,682.0999755859375,704.0499877929688,20073726
2019-10-01 00:00:00+00:00,676.2037963867188,679.1500244140625,701.25,656.25,687.0999755859375,49442205
2019-10-03 00:00:00+00:00,665.5004272460938,668.4000244140625,675.9000244140625,646.7000122070312,675.0,17615854
2019-10-04 00:00:00+00:00,653.5524291992188,656.4000244140625,677.4000244140625,651.4000244140625,669.9000244140625,15317105
2019-10-07 00:00:00+00:00,670.5284423828125,673.4500122070312,681.9000244140625,651.7000122070312,660.9500122070312,21554138
2019-10-09 00:00:00+00:00,683.3226928710938,686.2999877929688,689.5,664.2999877929688,671.9000244140625,11537721
2019-10-10 00:00:00+00:00,670.0306396484375,672.9500122070312,684.2999877929688,665.3499755859375,680.0,8679981
2019-10-11 00:00:00+00:00,669.7816772460938,672.7000122070312,686.0,668.2999877929688,676.5499877929688,11042828
2019-10-14 00:00:00+00:00,680.5348510742188,683.5,693.9500122070312,673.3499755859375,677.7999877929688,11099352
2019-10-15 00:00:00+00:00,687.0564575195312,690.0499877929688,694.8499755859375,681.2999877929688,682.5999755859375,9260732
2019-10-16 00:00:00+00:00,690.3919067382812,693.4000244140625,695.4000244140625,683.5499877929688,693.4000244140625,10404705
2019-10-17 00:00:00+00:00,707.2185668945312,710.2999877929688,712.4000244140625,690.5,690.5,10617761
2019-10-18 00:00:00+00:00,706.4718017578125,709.5499877929688,715.7000122070312,705.25,709.8499755859375,9500635
2019-10-22 00:00:00+00:00,709.657958984375,712.75,723.0,703.2999877929688,712.4000244140625,9704016
2019-10-23 00:00:00+00:00,711.748779296875,714.8499755859375,730.0,710.0499877929688,718.0,16158781
2019-10-24 00:00:00+00:00,704.6298828125,707.7000122070312,723.0,701.5499877929688,719.9500122070312,8986203
2019-10-25 00:00:00+00:00,705.52587890625,708.5999755859375,711.0,695.0,708.0,8226456
2019-10-27 00:00:00+00:00,707.0194091796875,710.0999755859375,715.0499877929688,708.5499877929688,711.0,965647
2019-10-29 00:00:00+00:00,735.2463989257812,738.4500122070312,742.9000244140625,704.25,706.5,10422117
2019-10-30 00:00:00+00:00,744.1576538085938,747.4000244140625,749.9000244140625,735.5,745.0,10188947
2019-10-31 00:00:00+00:00,733.1555786132812,736.3499755859375,750.0,732.0499877929688,748.0,8775411
2019-11-01 00:00:00+00:00,745.0537719726562,748.2999877929688,750.0,728.0999755859375,736.0,8484197
2019-11-04 00:00:00+00:00,739.37841796875,742.5999755859375,754.9500122070312,735.5499877929688,754.9500122070312,7851370
2019-11-05 00:00:00+00:00,734.84814453125,738.0499877929688,745.5999755859375,730.5999755859375,741.7999877929688,7306253
2019-11-06 00:00:00+00:00,744.0082397460938,747.25,750.9000244140625,728.75,736.9500122070312,7821243
2019-11-07 00:00:00+00:00,731.5625,734.75,756.0,732.5,750.0,9871570
2019-11-08 00:00:00+00:00,722.3526611328125,725.5,735.9000244140625,722.7999877929688,735.9000244140625,7427196
2019-11-11 00:00:00+00:00,730.51708984375,733.7000122070312,735.5,721.2000122070312,723.4000244140625,6355142
2019-11-13 00:00:00+00:00,708.1146850585938,711.2000122070312,737.4000244140625,707.8499755859375,733.7000122070312,9290616
2019-11-14 00:00:00+00:00,712.7943115234375,715.9000244140625,721.7999877929688,707.25,711.0,8000528
2019-11-15 00:00:00+00:00,713.7899169921875,716.9000244140625,723.5,710.5999755859375,716.75,9315652
2019-11-18 00:00:00+00:00,719.813720703125,722.9500122070312,725.5,712.2000122070312,717.7999877929688,7907958
2019-11-19 00:00:00+00:00,744.5558471679688,747.7999877929688,750.2000122070312,725.0,725.0,14424251
2019-11-20 00:00:00+00:00,745.501708984375,748.75,753.8499755859375,741.25,748.0,8798051
2019-11-21 00:00:00+00:00,734.2011108398438,737.4000244140625,749.0,734.2999877929688,749.0,5529542
2019-11-22 00:00:00+00:00,728.9239501953125,732.0999755859375,740.0,727.5,737.4000244140625,4889776
2019-11-25 00:00:00+00:00,751.4757690429688,754.75,756.7999877929688,730.0,731.9500122070312,6888402
2019-11-26 00:00:00+00:00,748.986572265625,752.25,762.0,744.0,756.7999877929688,14624880
2019-11-27 00:00:00+00:00,749.6337890625,752.9000244140625,763.75,748.4000244140625,755.0,8436862
2019-11-28 00:00:00+00:00,747.3436889648438,750.5999755859375,755.6500244140625,745.75,752.2999877929688,9235443
2019-11-29 00:00:00+00:00,735.8438720703125,739.0499877929688,756.3499755859375,736.5,749.9000244140625,12674173
2019-12-02 00:00:00+00:00,741.0711059570312,744.2999877929688,746.0,737.3499755859375,739.25,8285491
2019-12-03 00:00:00+00:00,730.2183837890625,733.4000244140625,744.9500122070312,730.6500244140625,744.9500122070312,5408215
2019-12-04 00:00:00+00:00,736.640380859375,739.8499755859375,747.0,729.2999877929688,732.8499755859375,8016237
2019-12-05 00:00:00+00:00,726.0863647460938,729.25,745.0,725.2999877929688,743.0,8151690
2019-12-06 00:00:00+00:00,714.4869384765625,717.5999755859375,735.25,715.0,732.7999877929688,7458610
2019-12-09 00:00:00+00:00,728.824462890625,732.0,733.9000244140625,710.0,713.4500122070312,8977174
2019-12-10 00:00:00+00:00,712.5951538085938,715.7000122070312,734.7999877929688,714.0,731.0,7625748
2019-12-11 00:00:00+00:00,713.4414672851562,716.5499877929688,722.4000244140625,709.0499877929688,711.5,8266375
2019-12-12 00:00:00+00:00,718.9673461914062,722.0999755859375,725.2999877929688,715.1500244140625,719.0,5519774
2019-12-13 00:00:00+00:00,748.7376708984375,752.0,754.8499755859375,725.0,725.5999755859375,14834140
2019-12-16 00:00:00+00:00,744.0082397460938,747.25,754.7000122070312,746.2000122070312,752.25,7286003
2019-12-17 00:00:00+00:00,742.4152221679688,745.6500244140625,756.5,741.3499755859375,747.5999755859375,9788065
2019-12-18 00:00:00+00:00,738.6317138671875,741.8499755859375,748.5499877929688,737.5999755859375,745.7999877929688,6678420
2019-12-19 00:00:00+00:00,739.3287353515625,742.5499877929688,750.0,740.6500244140625,743.0999755859375,8400708
2019-12-20 00:00:00+00:00,736.640380859375,739.8499755859375,747.0,737.2999877929688,744.7000122070312,7019925
2019-12-23 00:00:00+00:00,739.9261474609375,743.1500244140625,748.5999755859375,735.0,736.9000244140625,10250382
2019-12-24 00:00:00+00:00,737.43701171875,740.6500244140625,744.7000122070312,737.7999877929688,744.5,3642916
2019-12-26 00:00:00+00:00,733.304931640625,736.5,740.6500244140625,733.9000244140625,737.5,7919368
2019-12-27 00:00:00+00:00,756.852294921875,760.1500244140625,762.0,736.2999877929688,739.0,10736285
2019-12-30 00:00:00+00:00,750.8285522460938,754.0999755859375,765.75,751.0499877929688,760.9000244140625,10034206
2019-12-31 00:00:00+00:00,750.8285522460938,754.0999755859375,765.8499755859375,751.4000244140625,753.8499755859375,11660781
2020-01-01 00:00:00+00:00,745.4520263671875,748.7000122070312,759.9500122070312,747.2000122070312,754.9000244140625,4917748
2020-01-02 00:00:00+00:00,753.666259765625,756.9500122070312,759.0,747.5999755859375,750.0,5156046
2020-01-03 00:00:00+00:00,739.7269897460938,742.9500122070312,756.25,740.5,753.1500244140625,8489729
2020-01-06 00:00:00+00:00,720.1123657226562,723.25,739.5999755859375,721.7000122070312,739.4500122070312,6356198
2020-01-07 00:00:00+00:00,722.6015625,725.75,738.0,721.0499877929688,728.0,9103360
2020-01-08 00:00:00+00:00,721.35693359375,724.5,725.75,709.0999755859375,715.25,8973215
2020-01-09 00:00:00+00:00,739.6273803710938,742.8499755859375,745.0,731.0,733.5499877929688,7559853
2020-01-10 00:00:00+00:00,736.8395385742188,740.0499877929688,751.7999877929688,734.7999877929688,743.0,8550490
2020-01-13 00:00:00+00:00,734.2011108398438,737.4000244140625,746.75,735.3499755859375,740.0,6423758
2020-01-14 00:00:00+00:00,744.6554565429688,747.9000244140625,751.4000244140625,734.2000122070312,740.0,7237665
2020-01-15 00:00:00+00:00,743.0623168945312,746.2999877929688,749.0,738.0,747.0499877929688,7911661
2020-01-16 00:00:00+00:00,734.1015014648438,737.2999877929688,750.4000244140625,735.0999755859375,746.5,6487613
2020-01-17 00:00:00+00:00,736.690185546875,739.9000244140625,742.4500122070312,730.8499755859375,734.8499755859375,7678864
2020-01-20 00:00:00+00:00,724.0452270507812,727.2000122070312,746.2000122070312,725.0,742.9500122070312,10677371
2020-01-21 00:00:00+00:00,714.4869384765625,717.5999755859375,729.5999755859375,716.0499877929688,726.3499755859375,8242803
2020-01-22 00:00:00+00:00,709.5086059570312,712.5999755859375,722.75,706.5999755859375,717.0,13321307
2020-01-23 00:00:00+00:00,719.8634643554688,723.0,737.5499877929688,719.4000244140625,725.0499877929688,20643257
2020-01-24 00:00:00+00:00,734.2011108398438,737.4000244140625,741.7000122070312,720.4000244140625,723.4000244140625,9541490
2020-01-27 00:00:00+00:00,737.0386962890625,740.25,748.4500122070312,731.0,732.4500122070312,9170435
2020-01-28 00:00:00+00:00,733.9521484375,737.1500244140625,746.5,735.0,738.4000244140625,7836737
2020-01-29 00:00:00+00:00,732.0603637695312,735.25,745.5,733.5499877929688,740.0,7985274
2020-01-30 00:00:00+00:00,727.729248046875,730.9000244140625,736.4000244140625,727.2999877929688,735.75,6041343
2020-01-31 00:00:00+00:00,726.1361694335938,729.2999877929688,737.25,725.2000122070312,734.7000122070312,8345819
2020-02-03 00:00:00+00:00,705.87451171875,708.9500122070312,712.7999877929688,695.5499877929688,704.7000122070312,11594991
2020-02-04 00:00:00+00:00,711.8981323242188,715.0,720.5999755859375,710.0,712.4500122070312,9653925
2020-02-05 00:00:00+00:00,720.9088745117188,724.0499877929688,725.6500244140625,715.2000122070312,719.4500122070312,7975101
2020-02-06 00:00:00+00:00,733.7529296875,736.9500122070312,745.0,723.0,727.4500122070312,9627252
2020-02-07 00:00:00+00:00,744.9043579101562,748.1500244140625,749.2000122070312,734.0,736.7000122070312,8438354
2020-02-10 00:00:00+00:00,737.8849487304688,741.0999755859375,746.7999877929688,739.0,746.2999877929688,4713339
2020-02-11 00:00:00+00:00,746.6965942382812,749.9500122070312,757.0999755859375,742.0,743.0,7845657
2020-02-12 00:00:00+00:00,751.9735717773438,755.25,760.7000122070312,751.0,752.0,6190440
2020-02-13 00:00:00+00:00,744.5558471679688,747.7999877929688,753.4500122070312,742.2999877929688,751.0999755859375,5031706
2020-02-14 00:00:00+00:00,733.304931640625,736.5,752.5499877929688,732.0999755859375,748.0999755859375,6155000
2020-02-17 00:00:00+00:00,735.1967163085938,738.4000244140625,743.0999755859375,730.2000122070312,737.4000244140625,4275465
2020-02-18 00:00:00+00:00,730.46728515625,733.6500244140625,737.75,724.7000122070312,737.75,5215502
2020-02-19 00:00:00+00:00,737.835205078125,741.0499877929688,745.0999755859375,735.3499755859375,740.6500244140625,4372673
2020-02-20 00:00:00+00:00,741.0711059570312,744.2999877929688,754.0,737.5999755859375,742.75,7529403
2020-02-24 00:00:00+00:00,722.3028564453125,725.4500122070312,738.4000244140625,723.0,737.9500122070312,6589087
2020-02-25 00:00:00+00:00,725.5885620117188,728.75,732.0,722.0499877929688,729.4000244140625,5419596
2020-02-26 00:00:00+00:00,726.2357177734375,729.4000244140625,735.75,722.0,725.2999877929688,7136975
2020-02-27 00:00:00+00:00,732.65771484375,735.8499755859375,739.4500122070312,716.5499877929688,728.7000122070312,8867328
2020-02-28 00:00:00+00:00,694.2749633789062,697.2999877929688,724.7000122070312,691.0,718.9000244140625,16428944
2020-03-02 00:00:00+00:00,681.2318115234375,684.2000122070312,713.25,675.2999877929688,709.2999877929688,13854352
2020-03-03 00:00:00+00:00,684.1690673828125,687.1500244140625,695.7999877929688,675.0,689.9000244140625,11198145
2020-03-04 00:00:00+00:00,679.240478515625,682.2000122070312,696.0,668.2999877929688,690.0,14802724
2020-03-05 00:00:00+00:00,674.959228515625,677.9000244140625,694.0,675.25,686.5,10508008
2020-03-06 00:00:00+00:00,654.7969970703125,657.6500244140625,660.7999877929688,641.0499877929688,650.0,12969235
2020-03-09 00:00:00+00:00,620.8449096679688,623.5499877929688,641.8499755859375,615.0999755859375,639.0,14336369
2020-03-11 00:00:00+00:00,616.6631469726562,619.3499755859375,634.4000244140625,612.0999755859375,613.6500244140625,11021433
2020-03-12 00:00:00+00:00,540.893310546875,543.25,594.0,528.1500244140625,592.0,29369378
2020-03-13 00:00:00+00:00,566.3324584960938,568.7999877929688,585.6500244140625,451.1000061035156,516.9500122070312,25599305
2020-03-16 00:00:00+00:00,506.39361572265625,508.6000061035156,545.0,502.3500061035156,542.3499755859375,21542970
2020-03-17 00:00:00+00:00,486.2314453125,488.3500061035156,531.2999877929688,477.45001220703125,515.1500244140625,20590414
2020-03-18 00:00:00+00:00,471.3960876464844,473.45001220703125,506.04998779296875,392.1000061035156,490.0,36240904
2020-03-19 00:00:00+00:00,426.3921813964844,428.25,464.95001220703125,423.75,441.04998779296875,33243997
2020-03-20 00:00:00+00:00,426.2926025390625,428.1499938964844,449.70001220703125,414.20001220703125,431.3999938964844,30764236
2020-03-23 00:00:00+00:00,307.31103515625,308.6499938964844,392.0,302.0,385.3500061035156,37622635
2020-03-24 00:00:00+00:00,301.8348388671875,303.1499938964844,337.5,291.0,331.95001220703125,50681510
2020-03-25 00:00:00+00:00,325.38226318359375,326.79998779296875,363.75,286.0,293.5,51993973
2020-03-26 00:00:00+00:00,339.9189453125,341.3999938964844,399.0,332.0,335.95001220703125,62971564
2020-03-27 00:00:00+00:00,358.1893615722656,359.75,409.45001220703125,354.04998779296875,370.0,71042591
2020-03-30 00:00:00+00:00,366.5528869628906,368.1499938964844,382.0,340.3500061035156,345.0,61772544
2020-03-31 00:00:00+00:00,377.3558654785156,379.0,389.79998779296875,372.6499938964844,384.3999938964844,34637148
2020-04-01 00:00:00+00:00,357.0940856933594,358.6499938964844,379.79998779296875,354.0,376.25,27744593
2020-04-03 00:00:00+00:00,324.03814697265625,325.45001220703125,362.29998779296875,324.0,360.20001220703125,41317365
2020-04-07 00:00:00+00:00,387.1631164550781,388.8500061035156,405.75,342.3500061035156,347.3999938964844,48093237
2020-04-08 00:00:00+00:00,389.6522521972656,391.3500061035156,427.70001220703125,373.5,383.75,64930598
2020-04-09 00:00:00+00:00,418.3273010253906,420.1499938964844,423.0,398.6499938964844,405.0,44090546
2020-04-13 00:00:00+00:00,417.13250732421875,418.95001220703125,427.8999938964844,402.0,417.95001220703125,33431643
2020-04-15 00:00:00+00:00,415.48968505859375,417.29998779296875,451.6499938964844,412.45001220703125,434.0,48315019
2020-04-16 00:00:00+00:00,420.7168884277344,422.54998779296875,427.0,400.70001220703125,408.6000061035156,42344330
2020-04-17 00:00:00+00:00,476.72283935546875,478.79998779296875,485.8999938964844,432.3999938964844,450.0,47831797
2020-04-20 00:00:00+00:00,453.97198486328125,455.95001220703125,483.45001220703125,451.25,482.0,42163627
2020-04-21 00:00:00+00:00,418.8251037597656,420.6499938964844,439.95001220703125,412.95001220703125,436.0,33572119
2020-04-22 00:00:00+00:00,429.27960205078125,431.1499938964844,434.54998779296875,412.0,418.54998779296875,36619611
2020-04-23 00:00:00+00:00,428.1843566894531,430.04998779296875,439.8500061035156,426.04998779296875,434.6000061035156,29418000
2020-04-24 00:00:00+00:00,402.1976013183594,403.95001220703125,419.6499938964844,401.25,416.0,35773252
2020-04-27 00:00:00+00:00,425.4462585449219,427.29998779296875,429.5,409.1000061035156,415.0,35986805
2020-04-28 00:00:00+00:00,453.47418212890625,455.45001220703125,458.3999938964844,435.25,438.0,43938246
2020-04-29 00:00:00+00:00,437.1950988769531,439.1000061035156,448.8500061035156,425.95001220703125,430.75,61499689
2020-04-30 00:00:00+00:00,442.96990966796875,444.8999938964844,461.8999938964844,440.3999938964844,451.0,40382553
2020-05-04 00:00:00+00:00,401.0525817871094,402.79998779296875,424.0,399.70001220703125,424.0,37853978
2020-05-05 00:00:00+00:00,387.31243896484375,389.0,418.75,386.5,414.0,50981056
2020-05-06 00:00:00+00:00,387.1631164550781,388.8500061035156,394.45001220703125,368.04998779296875,385.0,67511628
2020-05-07 00:00:00+00:00,395.626220703125,397.3500061035156,402.25,382.70001220703125,387.0,41339309
2020-05-08 00:00:00+00:00,380.3926086425781,382.04998779296875,409.45001220703125,379.6499938964844,403.5,33505509
2020-05-11 00:00:00+00:00,377.9034118652344,379.54998779296875,393.5,376.8500061035156,391.0,30141935
2020-05-12 00:00:00+00:00,385.1717529296875,386.8500061035156,391.79998779296875,370.0,376.29998779296875,38411107
2020-05-13 00:00:00+00:00,412.2040100097656,414.0,416.45001220703125,399.6000061035156,411.0,48206058
2020-05-14 00:00:00+00:00,400.2062683105469,401.95001220703125,411.0,397.6499938964844,405.04998779296875,31604212
2020-05-15 00:00:00+00:00,386.8644104003906,388.54998779296875,403.8999938964844,386.79998779296875,402.75,25435025
2020-05-18 00:00:00+00:00,357.24346923828125,358.79998779296875,389.0,352.29998779296875,389.0,47864748
2020-05-19 00:00:00+00:00,352.9621276855469,354.5,372.5,350.1000061035156,368.79998779296875,42889678
2020-05-20 00:00:00+00:00,360.9273986816406,362.5,366.29998779296875,350.0,353.0,30720803
2020-05-21 00:00:00+00:00,355.650390625,357.20001220703125,369.0,355.70001220703125,363.0,24794914
2020-05-22 00:00:00+00:00,335.4882507324219,336.95001220703125,359.75,332.8500061035156,352.1000061035156,48367892
2020-05-26 00:00:00+00:00,339.8193664550781,341.29998779296875,347.70001220703125,336.3500061035156,342.0,30692834
2020-05-27 00:00:00+00:00,385.3211364746094,387.0,392.45001220703125,341.5,346.1000061035156,72430787
2020-05-28 00:00:00+00:00,389.2539978027344,390.95001220703125,407.6499938964844,387.0,390.0,72693713
2020-05-29 00:00:00+00:00,383.280029296875,384.95001220703125,389.25,375.3500061035156,382.0,51056390
2020-06-01 00:00:00+00:00,395.2279357910156,396.95001220703125,409.5,392.54998779296875,394.29998779296875,44252980
2020-06-02 00:00:00+00:00,408.3209228515625,410.1000061035156,415.0,391.54998779296875,398.0,37508638
2020-06-03 00:00:00+00:00,407.77325439453125,409.54998779296875,432.0,405.25,422.0,49055899
2020-06-04 00:00:00+00:00,392.63922119140625,394.3500061035156,413.8999938964844,391.54998779296875,407.6000061035156,45553578
2020-06-05 00:00:00+00:00,403.5417175292969,405.29998779296875,409.8999938964844,390.5,399.0,39002875
2020-06-08 00:00:00+00:00,428.3835144042969,430.25,444.75,414.0,415.0,60387580
2020-06-09 00:00:00+00:00,418.2277526855469,420.04998779296875,442.5,416.5,434.95001220703125,46273705
2020-06-10 00:00:00+00:00,425.5956726074219,427.45001220703125,432.70001220703125,415.29998779296875,422.20001220703125,36163051
2020-06-11 00:00:00+00:00,411.6564025878906,413.45001220703125,435.54998779296875,408.70001220703125,426.5,45562670
2020-06-12 00:00:00+00:00,406.23004150390625,408.0,412.5,389.1499938964844,390.0,47813512
2020-06-15 00:00:00+00:00,387.9098815917969,389.6000061035156,405.95001220703125,383.6499938964844,405.95001220703125,39577100
2020-06-16 00:00:00+00:00,379.894775390625,381.54998779296875,405.0,360.3999938964844,404.8999938964844,96186227
2020-06-17 00:00:00+00:00,387.9098815917969,389.6000061035156,397.75,375.29998779296875,377.45001220703125,56949066
2020-06-18 00:00:00+00:00,403.64129638671875,405.3999938964844,408.04998779296875,384.0,386.0,43773580
2020-06-19 00:00:00+00:00,415.2407531738281,417.04998779296875,422.29998779296875,407.5,407.5,52085319
2020-06-22 00:00:00+00:00,428.2839050292969,430.1499938964844,435.8999938964844,418.1000061035156,420.0,40454004
2020-06-23 00:00:00+00:00,441.7253723144531,443.6499938964844,445.0,430.3999938964844,430.5,30757220
2020-06-24 00:00:00+00:00,422.8077697753906,424.6499938964844,448.5,422.20001220703125,448.0,33577082
2020-06-25 00:00:00+00:00,419.87060546875,421.70001220703125,428.70001220703125,410.3500061035156,419.0,49853200
2020-06-26 00:00:00+00:00,423.00689697265625,424.8500061035156,428.75,418.0,426.0,32610915
2020-06-29 00:00:00+00:00,403.04388427734375,404.79998779296875,415.79998779296875,402.3500061035156,415.0,36319455
2020-06-30 00:00:00+00:00,404.8858642578125,406.6499938964844,414.79998779296875,404.04998779296875,410.0,26951915
2020-07-01 00:00:00+00:00,431.3705139160156,433.25,437.3500061035156,406.6499938964844,410.0,53380512
2020-07-02 00:00:00+00:00,421.36407470703125,423.20001220703125,441.5,421.29998779296875,441.0,50362770
2020-07-03 00:00:00+00:00,426.59130859375,428.45001220703125,431.6000061035156,423.6499938964844,430.0,31044457
2020-07-06 00:00:00+00:00,432.1172180175781,434.0,437.6000061035156,431.1000061035156,434.1499938964844,18424079
2020-07-07 00:00:00+00:00,445.4093322753906,447.3500061035156,449.0,426.20001220703125,433.5,37991679
2020-07-08 00:00:00+00:00,442.2231750488281,444.1499938964844,461.3999938964844,441.0,450.0,45877067
2020-07-09 00:00:00+00:00,451.78155517578125,453.75,457.0,446.04998779296875,447.8500061035156,29162679
2020-07-10 00:00:00+00:00,437.69293212890625,439.6000061035156,451.45001220703125,437.0,449.8999938964844,25676354
2020-07-13 00:00:00+00:00,438.1409606933594,440.04998779296875,446.3999938964844,432.75,443.95001220703125,21326370
2020-07-14 00:00:00+00:00,415.8879699707031,417.70001220703125,435.79998779296875,415.3999938964844,434.8999938964844,25685579
2020-07-15 00:00:00+00:00,424.79913330078125,426.6499938964844,444.45001220703125,422.75,424.0,43250557
2020-07-16 00:00:00+00:00,432.1172180175781,434.0,436.1499938964844,418.45001220703125,431.95001220703125,30183647
2020-07-17 00:00:00+00:00,431.2211608886719,433.1000061035156,439.8999938964844,424.6000061035156,434.0,33464985
2020-07-20 00:00:00+00:00,432.1172180175781,434.0,442.79998779296875,429.29998779296875,437.70001220703125,30400586
2020-07-21 00:00:00+00:00,444.2643127441406,446.20001220703125,451.0,438.5,440.0,43147019
2020-07-22 00:00:00+00:00,476.8722229003906,478.95001220703125,484.6000061035156,460.1000061035156,478.0,89611937
2020-07-23 00:00:00+00:00,458.8507385253906,460.8500061035156,474.75,459.20001220703125,472.95001220703125,40249567
2020-07-24 00:00:00+00:00,443.6669006347656,445.6000061035156,456.6000061035156,441.54998779296875,456.6000061035156,30566635
2020-07-27 00:00:00+00:00,429.6778259277344,431.54998779296875,448.0,429.8999938964844,447.0,21924237
2020-07-28 00:00:00+00:00,435.15399169921875,437.04998779296875,440.0,424.3999938964844,434.0,33057573
2020-07-29 00:00:00+00:00,438.9872741699219,440.8999938964844,447.0,434.29998779296875,435.75,24404819
2020-07-30 00:00:00+00:00,424.0025939941406,425.8500061035156,445.8999938964844,424.75,441.8999938964844,26861618
2020-07-31 00:00:00+00:00,429.7774353027344,431.6499938964844,434.45001220703125,421.29998779296875,429.0,27499638
2020-08-03 00:00:00+00:00,415.53948974609375,417.3500061035156,431.8999938964844,415.70001220703125,431.6000061035156,23824107
2020-08-04 00:00:00+00:00,427.28826904296875,429.1499938964844,431.20001220703125,417.3500061035156,421.8500061035156,24746211
2020-08-05 00:00:00+00:00,433.0631103515625,434.95001220703125,446.8500061035156,433.1499938964844,439.0,36932321
2020-08-06 00:00:00+00:00,431.1215515136719,433.0,438.29998779296875,427.1000061035156,436.0,33465135
2020-08-07 00:00:00+00:00,431.4202575683594,433.29998779296875,437.0,427.1499938964844,431.45001220703125,15569399
2020-08-10 00:00:00+00:00,429.2297668457031,431.1000061035156,437.0,429.29998779296875,434.0,14888044
2020-08-11 00:00:00+00:00,446.0564880371094,448.0,449.8999938964844,435.29998779296875,435.29998779296875,30469633
2020-08-12 00:00:00+00:00,449.1430358886719,451.1000061035156,452.75,438.95001220703125,444.79998779296875,23184137
2020-08-13 00:00:00+00:00,446.15606689453125,448.1000061035156,456.75,445.3500061035156,454.1000061035156,21885850
2020-08-14 00:00:00+00:00,433.959228515625,435.8500061035156,451.5,425.6000061035156,451.5,36725538
2020-08-17 00:00:00+00:00,436.24920654296875,438.1499938964844,441.0,425.3500061035156,439.1000061035156,30198343
2020-08-18 00:00:00+00:00,443.8659973144531,445.79998779296875,447.25,435.29998779296875,439.5,21768516
2020-08-19 00:00:00+00:00,442.27301025390625,444.20001220703125,451.95001220703125,442.45001220703125,446.0,18127671
2020-08-20 00:00:00+00:00,433.0631103515625,434.95001220703125,441.29998779296875,433.25,437.8999938964844,16688938
2020-08-21 00:00:00+00:00,438.53924560546875,440.45001220703125,444.8500061035156,436.25,440.0,25087973
2020-08-24 00:00:00+00:00,443.8659973144531,445.79998779296875,449.45001220703125,442.29998779296875,444.0,18196776
2020-08-25 00:00:00+00:00,449.8399963378906,451.79998779296875,456.3999938964844,447.1000061035156,450.95001220703125,26273592
2020-08-26 00:00:00+00:00,461.3398742675781,463.3500061035156,464.79998779296875,449.0,452.0,25914508
2020-08-27 00:00:00+00:00,470.997802734375,473.04998779296875,474.5,464.0,464.0,19544214
2020-08-28 00:00:00+00:00,506.99102783203125,509.20001220703125,513.0,476.04998779296875,476.45001220703125,59179945
2020-08-31 00:00:00+00:00,494.5950012207031,496.75,533.8499755859375,486.29998779296875,524.4500122070312,55830536
2020-09-01 00:00:00+00:00,483.59295654296875,485.70001220703125,503.3999938964844,479.6499938964844,495.04998779296875,33276725
2020-09-02 00:00:00+00:00,482.298583984375,484.3999938964844,487.95001220703125,472.1000061035156,487.0,20750575
2020-09-03 00:00:00+00:00,472.88958740234375,474.95001220703125,489.95001220703125,473.1000061035156,488.3999938964844,14045705
2020-09-04 00:00:00+00:00,453.2252502441406,455.20001220703125,472.95001220703125,452.6000061035156,469.0,29405304
2020-09-07 00:00:00+00:00,456.7100830078125,458.70001220703125,467.1499938964844,450.6499938964844,457.0,25967554
2020-09-08 00:00:00+00:00,442.4223327636719,444.3500061035156,462.3999938964844,441.25,459.79998779296875,21052285
2020-09-09 00:00:00+00:00,429.379150390625,431.25,443.3500061035156,425.0,439.8999938964844,31657672
2020-09-10 00:00:00+00:00,444.9114685058594,446.8500061035156,448.70001220703125,430.75,436.45001220703125,34434841
2020-09-11 00:00:00+00:00,445.2599792480469,447.20001220703125,449.8500061035156,439.25,446.0,18620781
2020-09-14 00:00:00+00:00,438.6388244628906,440.54998779296875,455.0,438.0,452.0,17622727
2020-09-15 00:00:00+00:00,447.5997619628906,449.54998779296875,451.8999938964844,435.8999938964844,441.04998779296875,17328721
2020-09-16 00:00:00+00:00,444.065185546875,446.0,450.6000061035156,440.0,449.54998779296875,20016188
2020-09-17 00:00:00+00:00,440.9786071777344,442.8999938964844,446.45001220703125,438.5,440.95001220703125,14306232
2020-09-18 00:00:00+00:00,441.4266357421875,443.3500061035156,449.29998779296875,436.04998779296875,444.54998779296875,20809690
2020-09-21 00:00:00+00:00,421.513427734375,423.3500061035156,444.0,420.54998779296875,443.0,19013877
2020-09-22 00:00:00+00:00,410.2126770019531,412.0,426.6499938964844,406.29998779296875,424.0,27558176
2020-09-23 00:00:00+00:00,417.9290771484375,419.75,422.8999938964844,406.1000061035156,418.1000061035156,18612700
2020-09-24 00:00:00+00:00,400.7041015625,402.45001220703125,414.29998779296875,401.1499938964844,414.0,21177182
2020-09-25 00:00:00+00:00,413.24945068359375,415.04998779296875,416.70001220703125,400.1499938964844,407.5,20460096
2020-09-28 00:00:00+00:00,437.3444519042969,439.25,440.6000061035156,418.04998779296875,420.0,19387091
2020-09-29 00:00:00+00:00,424.9982604980469,426.8500061035156,443.29998779296875,424.79998779296875,442.3999938964844,19996904
2020-09-30 00:00:00+00:00,422.8077697753906,424.6499938964844,428.1000061035156,418.75,427.0,18485278
2020-10-01 00:00:00+00:00,441.775146484375,443.70001220703125,445.29998779296875,427.3999938964844,430.20001220703125,21083211
2020-10-05 00:00:00+00:00,442.2231750488281,444.1499938964844,456.45001220703125,439.04998779296875,444.04998779296875,24252318
2020-10-06 00:00:00+00:00,447.6993103027344,449.6499938964844,452.70001220703125,442.70001220703125,449.5,19387351
2020-10-07 00:00:00+00:00,451.1343994140625,453.1000061035156,455.95001220703125,443.5,447.0,19873734
2020-10-08 00:00:00+00:00,449.9395446777344,451.8999938964844,461.6499938964844,447.25,455.54998779296875,20909290
2020-10-09 00:00:00+00:00,466.01953125,468.04998779296875,469.79998779296875,450.1499938964844,453.29998779296875,28048230
2020-10-12 00:00:00+00:00,465.9697265625,468.0,480.0,462.29998779296875,473.5,21261504
2020-10-13 00:00:00+00:00,459.3486022949219,461.3500061035156,473.0,459.75,465.8999938964844,15582492
2020-10-14 00:00:00+00:00,469.25543212890625,471.29998779296875,474.6499938964844,454.0,458.0,13984621
2020-10-15 00:00:00+00:00,460.5931396484375,462.6000061035156,481.95001220703125,460.0,473.3999938964844,28971494
2020-10-16 00:00:00+00:00,470.35064697265625,472.3999938964844,475.5,463.0,465.1499938964844,16288157
2020-10-19 00:00:00+00:00,490.8114929199219,492.95001220703125,495.8999938964844,476.25,477.04998779296875,28131936
2020-10-20 00:00:00+00:00,491.8071594238281,493.95001220703125,498.6499938964844,485.1000061035156,485.8500061035156,21376064
2020-10-21 00:00:00+00:00,499.2746276855469,501.45001220703125,507.5,486.6000061035156,496.8999938964844,27029535
2020-10-22 00:00:00+00:00,508.0862121582031,510.29998779296875,513.0,495.6499938964844,496.0,30022336
2020-10-23 00:00:00+00:00,504.9996643066406,507.20001220703125,515.5,504.5,513.9000244140625,18810262
2020-10-26 00:00:00+00:00,491.20977783203125,493.3500061035156,509.8500061035156,490.8999938964844,508.25,17446937
2020-10-27 00:00:00+00:00,505.8957824707031,508.1000061035156,512.25,482.6499938964844,494.0,24239860
2020-10-28 00:00:00+00:00,502.5105285644531,504.70001220703125,517.5,493.5,510.79998779296875,30343575
2020-10-29 00:00:00+00:00,491.70758056640625,493.8500061035156,516.3499755859375,489.3500061035156,506.0,50934336
2020-10-30 00:00:00+00:00,490.3634033203125,492.5,501.54998779296875,481.6000061035156,495.0,23140833
2020-11-02 00:00:00+00:00,520.3826904296875,522.6500244140625,531.7000122070312,495.1000061035156,496.8500061035156,37597227
2020-11-03 00:00:00+00:00,531.8328247070312,534.1500244140625,537.0,524.0,525.0,25991938
2020-11-04 00:00:00+00:00,522.871826171875,525.1500244140625,533.8499755859375,511.0,525.0999755859375,28905623
2020-11-05 00:00:00+00:00,536.96044921875,539.2999877929688,542.5,527.5499877929688,534.9000244140625,23728389
2020-11-06 00:00:00+00:00,539.3998413085938,541.75,546.0,531.2000122070312,538.75,22256961
2020-11-09 00:00:00+00:00,562.5986938476562,565.0499877929688,568.0,548.25,550.0,26041462
2020-11-10 00:00:00+00:00,581.0682373046875,583.5999755859375,588.0,568.25,572.0,34935409
2020-11-11 00:00:00+00:00,606.0095825195312,608.6500244140625,611.1500244140625,576.4000244140625,579.8499755859375,50289937
2020-11-12 00:00:00+00:00,597.098388671875,599.7000122070312,610.4500122070312,588.7999877929688,601.9500122070312,34244439
2020-11-13 00:00:00+00:00,607.7021484375,610.3499755859375,612.3499755859375,584.2999877929688,595.0,28813262
2020-11-14 00:00:00+00:00,610.4900512695312,613.1500244140625,618.0,605.5499877929688,613.9500122070312,3211214
2020-11-17 00:00:00+00:00,626.0721435546875,628.7999877929688,630.9000244140625,609.0,613.1500244140625,25960060
2020-11-18 00:00:00+00:00,633.5396118164062,636.2999877929688,640.0,622.0499877929688,625.0,24928180
2020-11-19 00:00:00+00:00,608.8472290039062,611.5,633.0,609.0499877929688,619.0,26525371
2020-11-20 00:00:00+00:00,605.2130737304688,607.8499755859375,616.5,592.0,615.0,29556191
2020-11-23 00:00:00+00:00,593.01611328125,595.5999755859375,612.5999755859375,592.7000122070312,610.9500122070312,23728765
2020-11-24 00:00:00+00:00,616.9618530273438,619.6500244140625,622.5999755859375,600.5499877929688,603.0,30742369
2020-11-25 00:00:00+00:00,597.2477416992188,599.8499755859375,630.0,596.0,625.0,35115637
2020-11-26 00:00:00+00:00,609.892578125,612.5499877929688,618.2000122070312,594.0499877929688,602.25,35476456
2020-11-27 00:00:00+00:00,598.9901123046875,601.5999755859375,613.6500244140625,598.75,612.0,29921076
2020-12-01 00:00:00+00:00,601.0313110351562,603.6500244140625,615.0,596.2000122070312,611.0,21285697
2020-12-02 00:00:00+00:00,605.4619140625,608.0999755859375,613.5,601.25,607.0,19070722
2020-12-03 00:00:00+00:00,600.08544921875,602.7000122070312,611.0,600.3499755859375,610.1500244140625,17746316
2020-12-04 00:00:00+00:00,611.8341674804688,614.5,616.4500122070312,603.2000122070312,606.5999755859375,20019707
2020-12-07 00:00:00+00:00,616.5635375976562,619.25,624.4000244140625,612.4500122070312,616.9500122070312,24658169
2020-12-08 00:00:00+00:00,617.95751953125,620.6500244140625,623.8499755859375,611.5999755859375,619.0999755859375,16005349
2020-12-09 00:00:00+00:00,631.44873046875,634.2000122070312,636.7000122070312,619.0,619.1500244140625,22000284
2020-12-10 00:00:00+00:00,624.3297119140625,627.0499877929688,632.4500122070312,620.3499755859375,624.5,16126862
2020-12-11 00:00:00+00:00,610.589599609375,613.25,631.6500244140625,608.3499755859375,626.3499755859375,17950692
2020-12-14 00:00:00+00:00,613.2281494140625,615.9000244140625,623.7999877929688,612.4000244140625,616.0,14567480
2020-12-15 00:00:00+00:00,604.4661865234375,607.0999755859375,615.75,602.2999877929688,615.75,22311290
2020-12-16 00:00:00+00:00,603.4705810546875,606.0999755859375,614.9000244140625,604.7999877929688,613.5499877929688,14860853
2020-12-17 00:00:00+00:00,602.7737426757812,605.4000244140625,611.0,603.2000122070312,607.25,14598759
2020-12-18 00:00:00+00:00,606.8558959960938,609.5,611.0,596.5,604.4000244140625,17301814
2020-12-21 00:00:00+00:00,579.9730224609375,582.5,607.25,573.4000244140625,605.25,18580262
2020-12-22 00:00:00+00:00,587.1915893554688,589.75,593.9500122070312,568.4000244140625,585.0,19896386
2020-12-23 00:00:00+00:00,589.8798828125,592.4500122070312,594.5,584.2999877929688,589.0,12247401
2020-12-24 00:00:00+00:00,607.5527954101562,610.2000122070312,614.0,594.1500244140625,595.0,15488083
2020-12-28 00:00:00+00:00,614.9705200195312,617.6500244140625,620.7999877929688,614.0,614.0,8444506
2020-12-29 00:00:00+00:00,627.466064453125,630.2000122070312,632.4000244140625,618.5999755859375,620.7000122070312,13765454
2020-12-30 00:00:00+00:00,622.3881225585938,625.0999755859375,634.0,618.2000122070312,632.25,10262221
2020-12-31 00:00:00+00:00,617.7584228515625,620.4500122070312,625.9500122070312,616.0,622.4000244140625,12306502
2021-01-01 00:00:00+00:00,621.09375,623.7999877929688,625.4500122070312,617.5499877929688,620.25,6047062
2021-01-04 00:00:00+00:00,621.9899291992188,624.7000122070312,633.0,621.2999877929688,627.7999877929688,14068156
2021-01-05 00:00:00+00:00,661.5674438476562,664.4500122070312,667.9000244140625,618.0,618.0,37973963
2021-01-06 00:00:00+00:00,651.4117431640625,654.25,667.1500244140625,649.1500244140625,662.0,20829645
2021-01-07 00:00:00+00:00,668.1885986328125,671.0999755859375,676.5,659.0,659.0,17887570
2021-01-08 00:00:00+00:00,669.7816772460938,672.7000122070312,678.8499755859375,668.5,678.0,12272794
2021-01-11 00:00:00+00:00,664.0567016601562,666.9500122070312,676.6500244140625,660.1500244140625,676.0,7928365
2021-01-12 00:00:00+00:00,672.7686157226562,675.7000122070312,685.0,659.25,661.2999877929688,13301893
2021-01-13 00:00:00+00:00,684.816162109375,687.7999877929688,691.2000122070312,669.0499877929688,676.0,15645903
2021-01-14 00:00:00+00:00,673.0673828125,676.0,687.7999877929688,674.6500244140625,678.5,9337503
2021-01-15 00:00:00+00:00,671.92236328125,674.8499755859375,682.9500122070312,669.5999755859375,677.5999755859375,12339771
2021-01-18 00:00:00+00:00,654.1497802734375,657.0,675.0,651.1500244140625,674.4500122070312,13460603
2021-01-19 00:00:00+00:00,665.8488159179688,668.75,671.9500122070312,659.75,663.5499877929688,9010539
2021-01-20 00:00:00+00:00,672.8184814453125,675.75,680.9500122070312,664.0,664.0,9980614
2021-01-21 00:00:00+00:00,672.9180297851562,675.8499755859375,695.0,669.75,680.75,15849438
2021-01-22 00:00:00+00:00,641.7039794921875,644.5,673.9000244140625,638.7999877929688,670.0,21392223
2021-01-25 00:00:00+00:00,655.5437622070312,658.4000244140625,668.0,639.3499755859375,654.0,21325345
2021-01-27 00:00:00+00:00,629.3578491210938,632.0999755859375,663.7999877929688,627.4000244140625,659.9500122070312,24462588
2021-01-28 00:00:00+00:00,667.7904663085938,670.7000122070312,674.7000122070312,616.0,622.0,64303975
2021-01-29 00:00:00+00:00,660.0242309570312,662.9000244140625,675.8499755859375,653.0,671.0,31273252
2021-02-01 00:00:00+00:00,706.272705078125,709.3499755859375,717.0,654.3499755859375,665.0,30648270
2021-02-02 00:00:00+00:00,711.1016235351562,714.2000122070312,744.9500122070312,704.2000122070312,719.25,28703320
2021-02-03 00:00:00+00:00,730.6166381835938,733.7999877929688,736.7999877929688,715.5499877929688,720.0,23541361
2021-02-04 00:00:00+00:00,740.6728515625,743.9000244140625,745.5,720.5999755859375,730.0,20490289
2021-02-05 00:00:00+00:00,716.4782104492188,719.5999755859375,766.2999877929688,717.0,749.0,31121503
2021-02-08 00:00:00+00:00,732.9564819335938,736.1500244140625,747.7999877929688,726.0,726.0,15662890
2021-02-09 00:00:00+00:00,739.2789306640625,742.5,750.0,726.2000122070312,735.75,22307807
2021-02-10 00:00:00+00:00,731.6122436523438,734.7999877929688,746.4000244140625,726.0999755859375,741.5499877929688,15140744
2021-02-11 00:00:00+00:00,736.8892822265625,740.0999755859375,744.1500244140625,731.0,731.0,11897710
2021-02-12 00:00:00+00:00,747.1446533203125,750.4000244140625,754.7000122070312,734.5499877929688,735.5,15668442
2021-02-15 00:00:00+00:00,790.5554809570312,794.0,799.0,753.9000244140625,759.9000244140625,20648115
2021-02-16 00:00:00+00:00,771.6876831054688,775.0499877929688,799.0,767.0,799.0,23968943
2021-02-17 00:00:00+00:00,774.3759765625,777.75,785.0,764.2999877929688,774.0,16956357
2021-02-18 00:00:00+00:00,773.6292114257812,777.0,782.0,764.0,775.0,19685663
2021-02-19 00:00:00+00:00,746.3978881835938,749.6500244140625,777.2000122070312,741.3499755859375,772.9000244140625,15634787
2021-02-22 00:00:00+00:00,716.3289184570312,719.4500122070312,749.8499755859375,715.0,749.6500244140625,18123202
2021-02-23 00:00:00+00:00,712.8440551757812,715.9500122070312,734.9500122070312,712.5999755859375,732.3499755859375,16804763
2021-02-24 00:00:00+00:00,746.14892578125,749.4000244140625,754.9000244140625,717.0499877929688,722.0,11207286
2021-02-25 00:00:00+00:00,767.3067626953125,770.6500244140625,783.5,762.1500244140625,765.0,26635119
2021-02-26 00:00:00+00:00,721.6557006835938,724.7999877929688,758.7000122070312,718.6500244140625,746.0,31306177
2021-03-01 00:00:00+00:00,725.389404296875,728.5499877929688,743.5,722.25,738.0,14301187
2021-03-02 00:00:00+00:00,728.0776977539062,731.25,740.5,722.0,730.4500122070312,14503453
2021-03-03 00:00:00+00:00,750.67919921875,753.9500122070312,760.7999877929688,735.0999755859375,740.5,13603791
2021-03-04 00:00:00+00:00,733.6036376953125,736.7999877929688,751.4500122070312,731.0999755859375,731.0999755859375,16896947
2021-03-05 00:00:00+00:00,727.5798950195312,730.75,744.0999755859375,720.5,732.0,16358252
2021-03-08 00:00:00+00:00,740.0753784179688,743.2999877929688,752.5,732.0,735.0,13898556
2021-03-09 00:00:00+00:00,742.216064453125,745.4500122070312,758.7000122070312,740.0,758.7000122070312,18951683
2021-03-10 00:00:00+00:00,757.44970703125,760.75,765.7000122070312,749.1500244140625,750.5,13377990
2021-03-12 00:00:00+00:00,747.3436889648438,750.5999755859375,776.5999755859375,745.0,772.5999755859375,16343307
2021-03-15 00:00:00+00:00,741.1707153320312,744.4000244140625,754.0,716.6500244140625,754.0,22466579
2021-03-16 00:00:00+00:00,734.5494995117188,737.75,752.0,735.9500122070312,751.0,11358574
2021-03-17 00:00:00+00:00,724.7423095703125,727.9000244140625,742.0,724.7000122070312,739.0,12380976
2021-03-18 00:00:00+00:00,715.6318969726562,718.75,743.0999755859375,707.25,736.0,12261544
2021-03-19 00:00:00+00:00,723.099365234375,726.25,729.3499755859375,703.5,709.0,20377672
2021-03-22 00:00:00+00:00,713.093017578125,716.2000122070312,730.0,709.2999877929688,719.0,14802230
2021-03-23 00:00:00+00:00,727.3807373046875,730.5499877929688,739.5,714.0999755859375,718.0,15949688
2021-03-24 00:00:00+00:00,703.3355712890625,706.4000244140625,725.0,703.2999877929688,723.25,14379147
2021-03-25 00:00:00+00:00,691.586669921875,694.5999755859375,710.9000244140625,680.0,709.5,21179280
2021-03-26 00:00:00+00:00,695.1710815429688,698.2000122070312,707.0,693.1500244140625,707.0,13143312
2021-03-30 00:00:00+00:00,692.3333740234375,695.3499755859375,713.2999877929688,691.0,705.0,25965218
2021-03-31 00:00:00+00:00,694.4243774414062,697.4500122070312,703.5499877929688,692.0999755859375,696.0,14924620
2021-04-01 00:00:00+00:00,709.9068603515625,713.0,717.0,695.5499877929688,706.2999877929688,13090326
2021-04-05 00:00:00+00:00,682.2772827148438,685.25,708.4500122070312,677.4500122070312,707.2000122070312,16239521
2021-04-06 00:00:00+00:00,674.959228515625,677.9000244140625,693.5,675.5,690.0999755859375,12062011
2021-04-07 00:00:00+00:00,685.2642211914062,688.25,691.9000244140625,668.4000244140625,680.5,14433515
2021-04-08 00:00:00+00:00,678.6431274414062,681.5999755859375,695.5,679.3499755859375,691.5,9026398
2021-04-09 00:00:00+00:00,665.30126953125,668.2000122070312,686.7999877929688,667.0,679.2999877929688,12509114
2021-04-12 00:00:00+00:00,632.8426513671875,635.5999755859375,655.0,626.6500244140625,651.0,14649541
2021-04-13 00:00:00+00:00,658.1325073242188,661.0,664.8499755859375,630.0,635.5999755859375,12737650
2021-04-15 00:00:00+00:00,665.9484252929688,668.8499755859375,671.3499755859375,652.2999877929688,666.4500122070312,15195951
2021-04-16 00:00:00+00:00,666.296875,669.2000122070312,675.25,662.3499755859375,668.6500244140625,12242522
2021-04-19 00:00:00+00:00,645.3382568359375,648.1500244140625,655.2999877929688,631.0,650.0,17292072
2021-04-20 00:00:00+00:00,648.922607421875,651.75,662.0,643.0,656.0,12296248
2021-04-22 00:00:00+00:00,655.8424682617188,658.7000122070312,660.9500122070312,634.4000244140625,641.0,19385102
2021-04-23 00:00:00+00:00,668.4375,671.3499755859375,677.5,650.9000244140625,656.0,19167768
2021-04-26 00:00:00+00:00,697.4113159179688,700.4500122070312,703.7999877929688,684.5,694.0,21646184
2021-04-27 00:00:00+00:00,696.51513671875,699.5499877929688,703.9000244140625,684.0999755859375,691.0999755859375,46559967
2021-04-28 00:00:00+00:00,705.0779418945312,708.1500244140625,712.5,688.1500244140625,708.0,54060587
2021-04-29 00:00:00+00:00,716.2791137695312,719.4000244140625,726.9000244140625,707.0,712.0,25939327
2021-04-30 00:00:00+00:00,711.7987060546875,714.9000244140625,729.8499755859375,705.0,705.0,23011654
2021-05-03 00:00:00+00:00,699.7013549804688,702.75,708.0,692.0999755859375,706.0,13752878
2021-05-04 00:00:00+00:00,697.311767578125,700.3499755859375,718.6500244140625,698.0999755859375,704.0,11980155
2021-05-05 00:00:00+00:00,714.0886840820312,717.2000122070312,719.0499877929688,700.0,709.0,11155033
2021-05-06 00:00:00+00:00,712.6449584960938,715.75,722.8499755859375,710.25,718.0,9484934
2021-05-07 00:00:00+00:00,713.640625,716.75,726.9000244140625,714.0,721.0,7131970
2021-05-10 00:00:00+00:00,712.1470947265625,715.25,725.0,714.0,723.5,7980462
2021-05-11 00:00:00+00:00,704.2814331054688,707.3499755859375,713.7000122070312,703.0,704.7999877929688,12736700
2021-05-12 00:00:00+00:00,688.3009643554688,691.2999877929688,705.75,689.0499877929688,704.0,10856584
2021-05-14 00:00:00+00:00,682.0283203125,685.0,698.5999755859375,681.4000244140625,695.0,9377968
2021-05-17 00:00:00+00:00,706.173095703125,709.25,710.2999877929688,684.4000244140625,691.5,12099197
2021-05-18 00:00:00+00:00,708.5628051757812,711.6500244140625,726.0,708.5,720.0,19519055
2021-05-19 00:00:00+00:00,713.6904296875,716.7999877929688,723.7000122070312,702.2000122070312,704.0,20244016
2021-05-20 00:00:00+00:00,702.8377075195312,705.9000244140625,714.4000244140625,704.5499877929688,708.5999755859375,18840413
2021-05-21 00:00:00+00:00,727.729248046875,730.9000244140625,733.4000244140625,707.0,707.0,15883692
2021-05-24 00:00:00+00:00,737.9346923828125,741.1500244140625,747.5,726.75,730.4000244140625,15716900
2021-05-25 00:00:00+00:00,728.3764038085938,731.5499877929688,745.0,725.8499755859375,744.4000244140625,11344261
2021-05-26 00:00:00+00:00,731.9110107421875,735.0999755859375,741.4000244140625,729.5,738.0,9081086
2021-05-27 00:00:00+00:00,747.0948486328125,750.3499755859375,753.8499755859375,731.0,737.2000122070312,23040846
2021-05-28 00:00:00+00:00,736.640380859375,739.8499755859375,759.7000122070312,738.5,752.5999755859375,17149692
2021-05-31 00:00:00+00:00,747.443359375,750.7000122070312,753.0,734.0,737.9000244140625,9275086
2021-06-01 00:00:00+00:00,741.9174194335938,745.1500244140625,754.0,741.1500244140625,753.5499877929688,6660243
2021-06-02 00:00:00+00:00,733.8028564453125,737.0,745.2999877929688,734.2000122070312,744.7999877929688,9973043
2021-06-03 00:00:00+00:00,747.3935546875,750.6500244140625,752.25,739.0,743.0,8170508
2021-06-04 00:00:00+00:00,738.830810546875,742.0499877929688,759.9000244140625,740.0999755859375,751.0,10336011
2021-06-07 00:00:00+00:00,747.841552734375,751.0999755859375,753.9500122070312,741.5,743.0999755859375,6986728
2021-06-08 00:00:00+00:00,743.1121826171875,746.3499755859375,751.0999755859375,739.5,751.0,6426815
2021-06-09 00:00:00+00:00,733.5538940429688,736.75,751.25,730.1500244140625,746.0,8004726
2021-06-10 00:00:00+00:00,741.021240234375,744.25,745.3499755859375,732.9000244140625,739.4500122070312,7795125
2021-06-11 00:00:00+00:00,735.2463989257812,738.4500122070312,746.25,737.0,746.25,4840759
2021-06-14 00:00:00+00:00,733.0559692382812,736.25,741.4000244140625,725.0,735.9000244140625,5190670
2021-06-15 00:00:00+00:00,747.6424560546875,750.9000244140625,752.0,732.0,736.0,9686490
2021-06-16 00:00:00+00:00,746.5471801757812,749.7999877929688,756.8499755859375,746.25,748.7999877929688,8614096
2021-06-17 00:00:00+00:00,735.3958129882812,738.5999755859375,745.4000244140625,736.0,741.9500122070312,6674329
2021-06-18 00:00:00+00:00,733.1057739257812,736.2999877929688,743.2000122070312,722.25,742.1500244140625,8143792
2021-06-21 00:00:00+00:00,736.3416137695312,739.5499877929688,740.9000244140625,720.5,725.0,6464497
2021-06-22 00:00:00+00:00,736.1425170898438,739.3499755859375,749.0,737.0499877929688,743.2000122070312,6727233
2021-06-23 00:00:00+00:00,729.1728515625,732.3499755859375,743.75,730.7999877929688,743.2000122070312,6154147
2021-06-24 00:00:00+00:00,735.9434814453125,739.1500244140625,742.9500122070312,731.0999755859375,735.9000244140625,5313822
2021-06-25 00:00:00+00:00,758.0470581054688,761.3499755859375,765.9500122070312,737.5499877929688,737.5499877929688,11170037
2021-06-28 00:00:00+00:00,759.092529296875,762.4000244140625,769.5999755859375,757.75,764.5499877929688,7672743
2021-06-29 00:00:00+00:00,748.6879272460938,751.9500122070312,763.5499877929688,750.0499877929688,761.0,7500655
2021-06-30 00:00:00+00:00,745.0537719726562,748.2999877929688,760.5,746.5499877929688,752.5,5459970
2021-07-01 00:00:00+00:00,743.2117919921875,746.4500122070312,754.4000244140625,744.5,750.0,5695690
2021-07-02 00:00:00+00:00,747.3935546875,750.6500244140625,752.8499755859375,744.0,747.5999755859375,3557647
2021-07-05 00:00:00+00:00,757.0514526367188,760.3499755859375,762.0,753.4000244140625,757.0999755859375,4680089
2021-07-06 00:00:00+00:00,755.0601196289062,758.3499755859375,767.0,755.2000122070312,757.0,5529485
2021-07-07 00:00:00+00:00,759.5904541015625,762.9000244140625,764.0,752.25,755.9000244140625,3573368
2021-07-08 00:00:00+00:00,751.1273193359375,754.4000244140625,767.1500244140625,751.7000122070312,760.0,4188267
2021-07-09 00:00:00+00:00,744.1078491210938,747.3499755859375,752.9000244140625,740.25,752.0,5782119
2021-07-12 00:00:00+00:00,750.3306884765625,753.5999755859375,757.7999877929688,748.2999877929688,752.5,4475466
2021-07-13 00:00:00+00:00,767.4063720703125,770.75,773.0,755.0,759.0,9810976
2021-07-14 00:00:00+00:00,766.7094116210938,770.0499877929688,773.4500122070312,764.0,770.9500122070312,5621924
2021-07-15 00:00:00+00:00,770.7916259765625,774.1500244140625,778.25,766.5,770.5,4239868
2021-07-16 00:00:00+00:00,767.8046875,771.1500244140625,776.0,766.5499877929688,776.0,2913553
2021-07-19 00:00:00+00:00,751.923828125,755.2000122070312,766.6500244140625,749.5999755859375,752.2999877929688,5554486
2021-07-20 00:00:00+00:00,742.5147705078125,745.75,755.2000122070312,744.2000122070312,755.0,5815740
2021-07-22 00:00:00+00:00,743.510498046875,746.75,758.5,741.0,750.0999755859375,7876163
2021-07-23 00:00:00+00:00,752.1229248046875,755.4000244140625,764.0,740.0999755859375,749.0,6604465
2021-07-26 00:00:00+00:00,753.0189819335938,756.2999877929688,760.0,745.0,754.0,7890992
2021-07-27 00:00:00+00:00,728.5257568359375,731.7000122070312,756.0,729.0999755859375,750.5,15441543
2021-07-28 00:00:00+00:00,719.7639770507812,722.9000244140625,734.7999877929688,712.0999755859375,734.7999877929688,11102486
2021-07-29 00:00:00+00:00,714.1383666992188,717.25,728.5,716.0,720.0,6855673
2021-07-30 00:00:00+00:00,705.8246459960938,708.9000244140625,718.6500244140625,707.1500244140625,718.0499877929688,10358450
2021-08-02 00:00:00+00:00,718.0215454101562,721.1500244140625,725.5499877929688,712.0,715.0,6823345
2021-08-03 00:00:00+00:00,735.3958129882812,738.5999755859375,740.8499755859375,719.2999877929688,724.0,9265839
2021-08-04 00:00:00+00:00,750.5299072265625,753.7999877929688,757.0,738.6500244140625,740.5,9744349
2021-08-05 00:00:00+00:00,746.0493774414062,749.2999877929688,755.0,743.5,753.0,7246991
2021-08-06 00:00:00+00:00,737.6360473632812,740.8499755859375,757.6500244140625,738.7999877929688,747.0,6522599
2021-08-09 00:00:00+00:00,752.2225341796875,755.5,757.4000244140625,739.75,741.0,6064688
2021-08-10 00:00:00+00:00,758.2462158203125,761.5499877929688,764.0,755.0,755.5,8309248
2021-08-11 00:00:00+00:00,757.4994506835938,760.7999877929688,769.0,752.5,765.0,6429468
2021-08-12 00:00:00+00:00,754.0645141601562,757.3499755859375,763.4000244140625,753.3499755859375,759.0,3572081
2021-08-13 00:00:00+00:00,756.6034545898438,759.9000244140625,764.5,754.2000122070312,757.5,4239376
2021-08-16 00:00:00+00:00,758.6942749023438,762.0,765.7999877929688,756.0,756.0,3967629
2021-08-17 00:00:00+00:00,753.4671020507812,756.75,760.0,749.2999877929688,759.0,5576110
2021-08-18 00:00:00+00:00,751.1273193359375,754.4000244140625,763.7999877929688,750.5,763.7999877929688,5370460
2021-08-20 00:00:00+00:00,737.0386962890625,740.25,749.0,736.2000122070312,745.7999877929688,6092036
2021-08-23 00:00:00+00:00,732.9066772460938,736.0999755859375,749.5,734.4000244140625,749.5,3614761
2021-08-24 00:00:00+00:00,743.1121826171875,746.3499755859375,749.7000122070312,731.5,736.0,4537435
2021-08-25 00:00:00+00:00,735.8438720703125,739.0499877929688,751.4500122070312,735.2000122070312,748.2000122070312,6726509
2021-08-26 00:00:00+00:00,743.1121826171875,746.3499755859375,750.0,732.3499755859375,734.0999755859375,6492155
2021-08-27 00:00:00+00:00,749.1359252929688,752.4000244140625,759.5999755859375,741.0,746.5,5841967
2021-08-30 00:00:00+00:00,780.648681640625,784.0499877929688,789.5,754.0,756.0,12517507
2021-08-31 00:00:00+00:00,783.0880126953125,786.5,789.0,778.4000244140625,784.9000244140625,12114870
2021-09-01 00:00:00+00:00,795.4342651367188,798.9000244140625,819.0,795.4000244140625,798.0999755859375,19972195
2021-09-02 00:00:00+00:00,799.2177124023438,802.7000122070312,806.0999755859375,792.4000244140625,795.5,6799617
2021-09-03 00:00:00+00:00,794.5381469726562,798.0,809.9000244140625,787.7000122070312,804.5,7509746
2021-09-06 00:00:00+00:00,797.3259887695312,800.7999877929688,805.9000244140625,795.3499755859375,800.8499755859375,4539192
2021-09-07 00:00:00+00:00,784.43212890625,787.8499755859375,799.4000244140625,782.0499877929688,798.0,6926921
2021-09-08 00:00:00+00:00,791.25244140625,794.7000122070312,797.3499755859375,783.0,790.0,5903035
2021-09-09 00:00:00+00:00,786.7222290039062,790.1500244140625,793.7000122070312,784.2000122070312,789.0,4909325
2021-09-13 00:00:00+00:00,784.9299926757812,788.3499755859375,790.4500122070312,783.5,786.0,4814443
2021-09-14 00:00:00+00:00,790.9537963867188,794.4000244140625,801.0,790.0,791.0,6301208
2021-09-15 00:00:00+00:00,787.9667358398438,791.4000244140625,797.4500122070312,787.0,796.0,4075592
2021-09-16 00:00:00+00:00,799.1181640625,802.5999755859375,807.4500122070312,789.0999755859375,792.5,15446511
2021-09-17 00:00:00+00:00,803.8475952148438,807.3499755859375,820.7000122070312,797.25,808.8499755859375,14641298
2021-09-20 00:00:00+00:00,792.3974609375,795.8499755859375,808.5499877929688,791.5,800.0,6306484
2021-09-21 00:00:00+00:00,791.8995971679688,795.3499755859375,799.0,772.2999877929688,795.25,7833561
2021-09-22 00:00:00+00:00,784.9299926757812,788.3499755859375,796.7999877929688,786.0,792.5,4359142
2021-09-23 00:00:00+00:00,808.6267700195312,812.1500244140625,814.5,792.5499877929688,794.3499755859375,9043492
2021-09-24 00:00:00+00:00,794.587890625,798.0499877929688,816.9500122070312,795.0999755859375,812.5499877929688,5184626
2021-09-27 00:00:00+00:00,793.49267578125,796.9500122070312,808.7999877929688,792.7999877929688,802.9000244140625,7715259
2021-09-28 00:00:00+00:00,785.7763671875,789.2000122070312,805.5999755859375,778.0,802.0,7369680
2021-09-29 00:00:00+00:00,778.7568969726562,782.1500244140625,789.5,778.5,783.0,14241004
2021-09-30 00:00:00+00:00,763.2245483398438,766.5499877929688,787.3499755859375,764.8499755859375,779.9000244140625,9178187
2021-10-01 00:00:00+00:00,764.8175659179688,768.1500244140625,771.7000122070312,754.0,763.4000244140625,6089895
2021-10-04 00:00:00+00:00,775.62060546875,779.0,781.1500244140625,770.2999877929688,771.0999755859375,5845527
2021-10-05 00:00:00+00:00,779.2048950195312,782.5999755859375,784.0,771.2000122070312,774.4000244140625,3945224
2021-10-06 00:00:00+00:00,775.57080078125,778.9500122070312,794.2000122070312,776.0,782.25,5092479
2021-10-07 00:00:00+00:00,773.7288208007812,777.0999755859375,790.1500244140625,774.0999755859375,790.0,6622698
2021-10-08 00:00:00+00:00,778.5577392578125,781.9500122070312,785.0,776.0,781.9000244140625,4295686
2021-10-11 00:00:00+00:00,783.7352294921875,787.1500244140625,793.0,779.0,782.0,4417455
2021-10-12 00:00:00+00:00,793.6917724609375,797.1500244140625,799.7000122070312,785.4500122070312,788.0,5098502
2021-10-13 00:00:00+00:00,791.15283203125,794.5999755859375,804.5,793.2000122070312,799.9500122070312,4381414
2021-10-14 00:00:00+00:00,798.570556640625,802.0499877929688,804.0,788.0,799.0,7157116
2021-10-18 00:00:00+00:00,809.771728515625,813.2999877929688,820.0,802.0499877929688,820.0,11014585
2021-10-19 00:00:00+00:00,798.17236328125,801.6500244140625,827.0,798.5,820.0,10633732
2021-10-20 00:00:00+00:00,801.30859375,804.7999877929688,813.7999877929688,792.0,800.5999755859375,9023067
2021-10-21 00:00:00+00:00,804.2955932617188,807.7999877929688,813.5,792.2999877929688,807.9500122070312,7405639
2021-10-22 00:00:00+00:00,813.156982421875,816.7000122070312,825.0,806.7999877929688,812.0,10646970
2021-10-25 00:00:00+00:00,841.4337768554688,845.0999755859375,866.9000244140625,825.4500122070312,830.0999755859375,29193770
2021-10-26 00:00:00+00:00,838.2476806640625,841.9000244140625,851.6500244140625,823.5,848.4000244140625,16771909
2021-10-27 00:00:00+00:00,784.0836181640625,787.5,840.7999877929688,785.6500244140625,840.0,39606414
2021-10-28 00:00:00+00:00,755.0601196289062,758.3499755859375,789.0,754.6500244140625,787.5,19320926
2021-10-29 00:00:00+00:00,738.7810668945312,742.0,762.0,714.0,762.0,21343427
2021-11-01 00:00:00+00:00,749.0861206054688,752.3499755859375,760.0,740.0,755.0,11694854
2021-11-02 00:00:00+00:00,752.5709838867188,755.8499755859375,761.3499755859375,748.0499877929688,752.5,11812106
2021-11-03 00:00:00+00:00,747.3436889648438,750.5999755859375,762.6500244140625,748.5,759.4500122070312,10529505
2021-11-04 00:00:00+00:00,749.6835327148438,752.9500122070312,757.0499877929688,751.4000244140625,757.0,793433
2021-11-08 00:00:00+00:00,747.791748046875,751.0499877929688,761.0,741.5,761.0,13872770
2021-11-09 00:00:00+00:00,741.8178100585938,745.0499877929688,753.9500122070312,743.3499755859375,750.0,12120207
2021-11-10 00:00:00+00:00,746.0991821289062,749.3499755859375,753.3499755859375,732.0,742.7000122070312,10844883
2021-11-11 00:00:00+00:00,734.84814453125,738.0499877929688,748.0,735.0999755859375,748.0,6195359
2021-11-12 00:00:00+00:00,732.8568725585938,736.0499877929688,742.7999877929688,733.5,742.7999877929688,9372897
2021-11-15 00:00:00+00:00,730.0690307617188,733.25,744.0,728.0,738.0,12849161
2021-11-16 00:00:00+00:00,722.9998779296875,726.1500244140625,733.2999877929688,721.2999877929688,733.25,8978763
2021-11-17 00:00:00+00:00,709.2596435546875,712.3499755859375,724.9000244140625,706.75,721.0,18083445
2021-11-18 00:00:00+00:00,703.28564453125,706.3499755859375,716.0,701.9000244140625,715.0,13458109
2021-11-22 00:00:00+00:00,683.4223022460938,686.4000244140625,713.0,677.4000244140625,713.0,16741079
2021-11-23 00:00:00+00:00,682.675537109375,685.6500244140625,692.6500244140625,677.3499755859375,681.0,16575348
2021-11-24 00:00:00+00:00,682.177734375,685.1500244140625,695.0999755859375,682.0499877929688,690.0,11463429
2021-11-25 00:00:00+00:00,676.950439453125,679.9000244140625,687.0,676.5499877929688,686.0,9760486
2021-11-26 00:00:00+00:00,658.879150390625,661.75,674.9000244140625,660.4500122070312,669.0,10252753
2021-11-29 00:00:00+00:00,648.275390625,651.0999755859375,665.4500122070312,649.3499755859375,665.0499877929688,12084376
2021-11-30 00:00:00+00:00,652.8056640625,655.6500244140625,677.4500122070312,648.0,648.0,24699809
2021-12-01 00:00:00+00:00,676.6516723632812,679.5999755859375,681.4000244140625,660.0,664.9000244140625,16184200
2021-12-02 00:00:00+00:00,673.1669311523438,676.0999755859375,678.7999877929688,668.0499877929688,675.0,8612601
2021-12-03 00:00:00+00:00,670.080322265625,673.0,687.3499755859375,671.0,679.0999755859375,9505985
2021-12-06 00:00:00+00:00,660.2232666015625,663.0999755859375,678.75,661.1500244140625,674.0,8022785
2021-12-07 00:00:00+00:00,684.0196533203125,687.0,691.5499877929688,670.0,672.0,15123987
2021-12-08 00:00:00+00:00,694.0758056640625,697.0999755859375,701.5499877929688,687.6500244140625,695.0,11670826
2021-12-09 00:00:00+00:00,690.9395751953125,693.9500122070312,699.9000244140625,688.0,698.1500244140625,7021395
2021-12-10 00:00:00+00:00,685.0651245117188,688.0499877929688,691.9500122070312,683.75,690.0999755859375,5549743
2021-12-13 00:00:00+00:00,700.9459228515625,704.0,711.9000244140625,693.0999755859375,699.0,13634563
2021-12-14 00:00:00+00:00,707.8159790039062,710.9000244140625,714.0,697.5999755859375,701.0,8612512
2021-12-15 00:00:00+00:00,709.4091186523438,712.5,720.0,707.5499877929688,712.4000244140625,7692888
2021-12-16 00:00:00+00:00,706.5714111328125,709.6500244140625,721.9500122070312,705.0499877929688,719.0,7309187
2021-12-17 00:00:00+00:00,685.9114379882812,688.9000244140625,708.0,685.0999755859375,707.5,7844705
2021-12-20 00:00:00+00:00,671.4244995117188,674.3499755859375,681.8499755859375,660.0999755859375,680.9500122070312,9934646
2021-12-21 00:00:00+00:00,662.96142578125,665.8499755859375,683.0,662.5,683.0,10116104
2021-12-22 00:00:00+00:00,666.4462280273438,669.3499755859375,676.8499755859375,664.0,670.0,7489534
2021-12-23 00:00:00+00:00,675.855224609375,678.7999877929688,684.5,672.5999755859375,677.0,6884683
2021-12-24 00:00:00+00:00,664.604248046875,667.5,682.0,662.4500122070312,681.1500244140625,6028893
2021-12-27 00:00:00+00:00,669.234130859375,672.1500244140625,674.5999755859375,655.9500122070312,663.0499877929688,6996729
2021-12-28 00:00:00+00:00,672.5198364257812,675.4500122070312,680.8499755859375,672.0,677.2999877929688,4645547
2021-12-29 00:00:00+00:00,667.5912475585938,670.5,679.5999755859375,667.25,674.5,3969894
2021-12-30 00:00:00+00:00,665.9484252929688,668.8499755859375,673.0999755859375,664.5,668.0,5119705
2021-12-31 00:00:00+00:00,675.6062622070312,678.5499877929688,686.5,671.2000122070312,672.9500122070312,5586980
2022-01-03 00:00:00+00:00,693.3290405273438,696.3499755859375,698.5,679.0,680.25,8550860
2022-01-04 00:00:00+00:00,706.0736083984375,709.1500244140625,711.0499877929688,700.0499877929688,701.0,9705906
2022-01-05 00:00:00+00:00,723.74658203125,726.9000244140625,730.9000244140625,707.75,711.9000244140625,11312955
2022-01-06 00:00:00+00:00,727.1317749023438,730.2999877929688,733.5,719.0,719.9500122070312,7955578
2022-01-07 00:00:00+00:00,727.4304809570312,730.5999755859375,740.9000244140625,725.25,734.0,10454143
2022-01-10 00:00:00+00:00,739.5775756835938,742.7999877929688,744.0,733.2000122070312,733.6500244140625,9595787
2022-01-11 00:00:00+00:00,740.025634765625,743.25,747.0499877929688,737.2999877929688,742.9000244140625,7252279
2022-01-12 00:00:00+00:00,743.6099853515625,746.8499755859375,751.4500122070312,743.1500244140625,749.6500244140625,5294563
2022-01-13 00:00:00+00:00,737.4867553710938,740.7000122070312,749.0,737.0499877929688,749.0,5196538
2022-01-14 00:00:00+00:00,718.5691528320312,721.7000122070312,735.9500122070312,716.0499877929688,734.7999877929688,16302342
2022-01-17 00:00:00+00:00,709.5584106445312,712.6500244140625,720.5999755859375,709.5,719.0,19680557
2022-01-18 00:00:00+00:00,722.0540161132812,725.2000122070312,735.9000244140625,714.25,717.5,24055886
2022-01-19 00:00:00+00:00,726.434814453125,729.5999755859375,731.9500122070312,718.7000122070312,725.2000122070312,7746270
2022-01-20 00:00:00+00:00,725.7379150390625,728.9000244140625,737.1500244140625,722.1500244140625,731.0499877929688,8505400
2022-01-21 00:00:00+00:00,709.4091186523438,712.5,725.25,708.0499877929688,722.0,10689060
2022-01-24 00:00:00+00:00,701.5433349609375,704.5999755859375,716.4000244140625,688.2000122070312,715.0,8812501
2022-01-25 00:00:00+00:00,748.9368896484375,752.2000122070312,755.0,708.5999755859375,714.0,38088158
2022-01-27 00:00:00+00:00,770.492919921875,773.8499755859375,777.0,738.0999755859375,744.0,34927774
2022-01-28 00:00:00+00:00,761.3826293945312,764.7000122070312,784.7000122070312,761.5,778.0999755859375,17765524
2022-01-31 00:00:00+00:00,769.6962890625,773.0499877929688,777.7999877929688,762.3499755859375,775.4500122070312,12319200
2022-02-01 00:00:00+00:00,778.5079956054688,781.9000244140625,793.9000244140625,769.0999755859375,778.0999755859375,15457534
2022-02-02 00:00:00+00:00,800.6116943359375,804.0999755859375,805.9000244140625,787.3499755859375,790.0,13478899
2022-02-03 00:00:00+00:00,796.0814208984375,799.5499877929688,811.9000244140625,793.0499877929688,802.2000122070312,10802708
2022-02-04 00:00:00+00:00,795.0857543945312,798.5499877929688,804.5,791.1500244140625,796.9500122070312,10776387
2022-02-07 00:00:00+00:00,786.174560546875,789.5999755859375,803.5999755859375,784.0999755859375,802.5,10939179
2022-02-08 00:00:00+00:00,795.0857543945312,798.5499877929688,801.0,776.1500244140625,794.0,12300670
2022-02-09 00:00:00+00:00,800.3627319335938,803.8499755859375,809.5,800.1500244140625,801.0,9399830
2022-02-10 00:00:00+00:00,806.2869873046875,809.7999877929688,815.9500122070312,803.0999755859375,807.5499877929688,12848281
2022-02-11 00:00:00+00:00,800.31298828125,803.7999877929688,809.9000244140625,798.5,800.9500122070312,9717894
2022-02-14 00:00:00+00:00,769.9949951171875,773.3499755859375,803.0,769.9500122070312,790.0,8617389
2022-02-15 00:00:00+00:00,793.49267578125,796.9500122070312,799.0999755859375,764.2999877929688,777.0,7426563
2022-02-16 00:00:00+00:00,793.59228515625,797.0499877929688,808.2999877929688,789.2999877929688,795.0,7457765
2022-02-17 00:00:00+00:00,779.4041137695312,782.7999877929688,802.0,780.5,797.0,6516308
2022-02-18 00:00:00+00:00,783.9841918945312,787.4000244140625,790.5499877929688,779.0,781.1500244140625,5466662
2022-02-21 00:00:00+00:00,785.4278564453125,788.8499755859375,796.7999877929688,776.0999755859375,783.5499877929688,5635224
2022-02-22 00:00:00+00:00,775.7699584960938,779.1500244140625,787.0,766.0999755859375,766.0999755859375,6923558
2022-02-23 00:00:00+00:00,773.8283081054688,777.2000122070312,785.5,772.25,783.5,6303173
2022-02-24 00:00:00+00:00,727.1317749023438,730.2999877929688,769.1500244140625,725.2999877929688,752.4000244140625,13085009
2022-02-25 00:00:00+00:00,754.7614135742188,758.0499877929688,764.8499755859375,737.4000244140625,742.2999877929688,10066136
2022-02-28 00:00:00+00:00,739.1793212890625,742.4000244140625,749.9000244140625,736.2000122070312,749.9000244140625,14463418
2022-03-02 00:00:00+00:00,746.9952392578125,750.25,756.4500122070312,725.0,728.7000122070312,11691602
2022-03-03 00:00:00+00:00,734.449951171875,737.6500244140625,759.4500122070312,732.4000244140625,756.0,8357181
2022-03-04 00:00:00+00:00,711.8981323242188,715.0,732.5,710.0499877929688,723.0,11660648
2022-03-07 00:00:00+00:00,664.6539916992188,667.5499877929688,705.0,655.5999755859375,693.0,20147061
2022-03-08 00:00:00+00:00,667.49169921875,670.4000244140625,673.75,637.0,665.0,24828458
2022-03-09 00:00:00+00:00,671.2752075195312,674.2000122070312,680.5,659.0999755859375,671.5,20438651
2022-03-10 00:00:00+00:00,691.9351806640625,694.9500122070312,720.4000244140625,688.25,707.9000244140625,23224756
2022-03-11 00:00:00+00:00,687.8529052734375,690.8499755859375,706.6500244140625,687.4500122070312,691.9000244140625,14224356
2022-03-14 00:00:00+00:00,706.9696655273438,710.0499877929688,712.4000244140625,685.0,694.7000122070312,10720884
2022-03-15 00:00:00+00:00,695.1212768554688,698.1500244140625,718.0,695.0,713.0,12157425
2022-03-16 00:00:00+00:00,720.7097778320312,723.8499755859375,726.0,709.0999755859375,711.0,10038170
2022-03-17 00:00:00+00:00,736.0430297851562,739.25,746.75,736.4500122070312,737.0,13657428
2022-03-21 00:00:00+00:00,722.7509155273438,725.9000244140625,749.4000244140625,723.7000122070312,745.0,7495685
2022-03-22 00:00:00+00:00,728.22705078125,731.4000244140625,736.0,706.3499755859375,729.0,11117081
2022-03-23 00:00:00+00:00,723.5972290039062,726.75,742.9000244140625,724.6500244140625,736.0999755859375,5886245
2022-03-24 00:00:00+00:00,719.1167602539062,722.25,730.4500122070312,719.0,719.0999755859375,7559843
2022-03-25 00:00:00+00:00,718.12109375,721.25,726.6500244140625,715.5,723.2999877929688,5430894
2022-03-28 00:00:00+00:00,732.8070068359375,736.0,737.9000244140625,715.0499877929688,726.0,7077669
2022-03-29 00:00:00+00:00,734.5993041992188,737.7999877929688,741.6500244140625,731.0,741.6500244140625,6174137
2022-03-30 00:00:00+00:00,747.1943969726562,750.4500122070312,765.8499755859375,741.2999877929688,747.0,16618114
2022-03-31 00:00:00+00:00,757.8480224609375,761.1500244140625,763.0,751.2999877929688,763.0,20449544
2022-04-01 00:00:00+00:00,771.1898193359375,774.5499877929688,775.75,755.1500244140625,760.0,9321859
2022-04-04 00:00:00+00:00,780.6984252929688,784.0999755859375,785.5,767.0,780.0,10959783
2022-04-05 00:00:00+00:00,779.7028198242188,783.0999755859375,796.0,776.0,776.0,7334134
2022-04-06 00:00:00+00:00,770.343505859375,773.7000122070312,779.9500122070312,769.2000122070312,777.0,9954921
2022-04-07 00:00:00+00:00,788.6636962890625,792.0999755859375,795.0,769.2000122070312,769.5,9820244
2022-04-08 00:00:00+00:00,791.4515380859375,794.9000244140625,800.7000122070312,789.0,794.9000244140625,8104237
2022-04-11 00:00:00+00:00,782.6399536132812,786.0499877929688,794.25,784.0499877929688,789.4500122070312,6340427
2022-04-12 00:00:00+00:00,794.9861450195312,798.4500122070312,801.0,777.7999877929688,780.0999755859375,7672215
2022-04-13 00:00:00+00:00,789.6095581054688,793.0499877929688,805.7999877929688,790.8499755859375,805.7999877929688,7640132
2022-04-18 00:00:00+00:00,795.3843994140625,798.8499755859375,801.6500244140625,776.0,780.0,11478317
2022-04-19 00:00:00+00:00,794.3389282226562,797.7999877929688,816.2000122070312,785.5499877929688,805.0,8711816
2022-04-20 00:00:00+00:00,791.25244140625,794.7000122070312,802.4500122070312,788.5999755859375,800.8499755859375,6676491
2022-04-21 00:00:00+00:00,798.3216552734375,801.7999877929688,804.0,790.5499877929688,795.0999755859375,6851615
2022-04-22 00:00:00+00:00,777.2135620117188,780.5999755859375,798.0,778.2000122070312,796.0,6255027
2022-04-25 00:00:00+00:00,777.3131713867188,780.7000122070312,788.7999877929688,761.25,772.0,8023525
2022-04-26 00:00:00+00:00,771.637939453125,775.0,796.5999755859375,769.0,791.0,11087204
2022-04-27 00:00:00+00:00,762.577392578125,765.9000244140625,772.9500122070312,749.0,765.5999755859375,11485697
2022-04-28 00:00:00+00:00,776.4170532226562,779.7999877929688,785.4500122070312,766.3499755859375,776.9000244140625,11037317
2022-04-29 00:00:00+00:00,725.439208984375,728.5999755859375,766.8499755859375,725.0,765.0,34401710
2022-05-02 00:00:00+00:00,724.194580078125,727.3499755859375,738.2000122070312,718.5,722.0,16136040
2022-05-04 00:00:00+00:00,704.1320190429688,707.2000122070312,735.1500244140625,704.0,733.0,14548684
2022-05-05 00:00:00+00:00,699.3030395507812,702.3499755859375,721.7999877929688,698.9000244140625,716.0,12726146
2022-05-06 00:00:00+00:00,670.4786376953125,673.4000244140625,692.5,668.0999755859375,690.0,15511195
2022-05-09 00:00:00+00:00,660.82080078125,663.7000122070312,669.0,648.7999877929688,660.2000122070312,13999329
2022-05-10 00:00:00+00:00,656.887939453125,659.75,672.0999755859375,657.5499877929688,663.7000122070312,9523698
2022-05-11 00:00:00+00:00,669.4332275390625,672.3499755859375,676.0,655.4500122070312,661.7000122070312,9352398
2022-05-12 00:00:00+00:00,646.8316650390625,649.6500244140625,667.0,644.0,667.0,11166084
2022-05-13 00:00:00+00:00,633.1911010742188,635.9500122070312,659.4000244140625,633.4000244140625,656.4000244140625,9618627
2022-05-16 00:00:00+00:00,636.1781005859375,638.9500122070312,649.2000122070312,630.0499877929688,639.8499755859375,6159695
2022-05-17 00:00:00+00:00,652.1087036132812,654.9500122070312,657.5,641.1500244140625,642.9000244140625,8152237
2022-05-18 00:00:00+00:00,656.5891723632812,659.4500122070312,670.4000244140625,650.2999877929688,654.75,13013873
2022-05-19 00:00:00+00:00,647.3792724609375,650.2000122070312,657.75,641.2000122070312,643.2999877929688,9216948
2022-05-20 00:00:00+00:00,670.179931640625,673.0999755859375,675.75,658.0,659.75,9708672
2022-05-23 00:00:00+00:00,672.420166015625,675.3499755859375,684.7999877929688,668.5499877929688,673.0,7919353
2022-05-24 00:00:00+00:00,661.169189453125,664.0499877929688,681.4500122070312,661.2000122070312,669.7000122070312,8088546
2022-05-25 00:00:00+00:00,662.1150512695312,665.0,672.6500244140625,660.0499877929688,668.0,5169619
2022-05-26 00:00:00+00:00,680.2859497070312,683.25,685.25,668.0,672.9500122070312,10114633
2022-05-27 00:00:00+00:00,685.31396484375,688.2999877929688,693.7999877929688,684.25,689.0,5539060
2022-05-30 00:00:00+00:00,690.640869140625,693.6500244140625,698.0,690.0999755859375,695.0999755859375,3818060
2022-05-31 00:00:00+00:00,682.2274780273438,685.2000122070312,696.0,683.0499877929688,689.0,10410424
2022-06-01 00:00:00+00:00,683.07373046875,686.0499877929688,692.4500122070312,680.5,683.0,6966674
2022-06-02 00:00:00+00:00,688.5499267578125,691.5499877929688,693.1500244140625,682.0,682.0,6347433
2022-06-03 00:00:00+00:00,674.3616943359375,677.2999877929688,698.0,673.1500244140625,697.2999877929688,8475726
2022-06-06 00:00:00+00:00,669.2838745117188,672.2000122070312,684.0,670.2999877929688,677.0,6756864
2022-06-07 00:00:00+00:00,662.96142578125,665.8499755859375,678.0,661.0999755859375,672.2000122070312,8312778
2022-06-08 00:00:00+00:00,655.7427978515625,658.5999755859375,673.5499877929688,655.4500122070312,670.0,9282494
2022-06-09 00:00:00+00:00,658.43115234375,661.2999877929688,662.75,650.0,656.9500122070312,5682743
2022-06-10 00:00:00+00:00,657.8338012695312,660.7000122070312,663.7000122070312,652.2000122070312,655.5,6758832
2022-06-13 00:00:00+00:00,646.1347045898438,648.9500122070312,652.0,640.0999755859375,646.9500122070312,6135431
2022-06-14 00:00:00+00:00,647.9268798828125,650.75,655.7000122070312,643.0999755859375,645.0,5391833
2022-06-15 00:00:00+00:00,647.677978515625,650.5,656.3499755859375,647.2000122070312,654.0,4638336
2022-06-16 00:00:00+00:00,632.1456909179688,634.9000244140625,658.2000122070312,631.0499877929688,657.5,5960283
2022-06-17 00:00:00+00:00,632.4444580078125,635.2000122070312,640.7999877929688,626.5999755859375,630.0,6849201
2022-06-20 00:00:00+00:00,625.5742797851562,628.2999877929688,637.1500244140625,622.2000122070312,635.25,5305222
2022-06-21 00:00:00+00:00,633.73876953125,636.5,645.3499755859375,628.1500244140625,632.0,10333886
2022-06-22 00:00:00+00:00,624.0808715820312,626.7999877929688,633.6500244140625,621.25,632.5499877929688,5899024
2022-06-23 00:00:00+00:00,626.6196899414062,629.3499755859375,640.8499755859375,618.25,627.4000244140625,8450777
2022-06-24 00:00:00+00:00,631.2496337890625,634.0,642.4500122070312,631.6500244140625,634.3499755859375,6918584
2022-06-27 00:00:00+00:00,634.336181640625,637.0999755859375,646.9000244140625,634.7000122070312,644.0,4552114
2022-06-28 00:00:00+00:00,639.5632934570312,642.3499755859375,644.7000122070312,632.0,634.0,10711123
2022-06-29 00:00:00+00:00,622.8362426757812,625.5499877929688,637.7999877929688,623.5,636.3499755859375,13620084
2022-06-30 00:00:00+00:00,634.0374145507812,636.7999877929688,639.2999877929688,623.6500244140625,624.0,10563138
2022-07-01 00:00:00+00:00,641.1564331054688,643.9500122070312,646.5999755859375,631.7999877929688,633.0,6549359
2022-07-04 00:00:00+00:00,651.5112915039062,654.3499755859375,655.1500244140625,640.5,641.5499877929688,3933384
2022-07-05 00:00:00+00:00,645.6867065429688,648.5,659.9000244140625,646.0,656.0999755859375,5044787
2022-07-06 00:00:00+00:00,655.0956420898438,657.9500122070312,659.4000244140625,651.0,652.0,6684686
2022-07-07 00:00:00+00:00,656.2922973632812,658.1500244140625,664.5,651.6500244140625,663.4500122070312,11171714
2022-07-08 00:00:00+00:00,667.2612915039062,669.1500244140625,676.7999877929688,661.4000244140625,667.0,12669533
2022-07-11 00:00:00+00:00,677.9310302734375,679.8499755859375,681.9500122070312,665.3499755859375,666.5499877929688,14864123
2022-07-12 00:00:00+00:00,674.2913208007812,676.2000122070312,685.25,673.0,677.0,6446810
2022-07-13 00:00:00+00:00,677.9808959960938,679.9000244140625,685.0,676.9500122070312,680.0,9614674
2022-07-14 00:00:00+00:00,666.36376953125,668.25,680.4500122070312,665.5999755859375,678.5999755859375,8026311
2022-07-15 00:00:00+00:00,660.3308715820312,662.2000122070312,674.2000122070312,659.0999755859375,670.0,6015057
2022-07-18 00:00:00+00:00,682.56787109375,684.5,688.0,663.4500122070312,668.0499877929688,12464664
2022-07-19 00:00:00+00:00,698.6224365234375,700.5999755859375,703.8499755859375,678.5999755859375,678.5999755859375,10171314
2022-07-20 00:00:00+00:00,703.7080688476562,705.7000122070312,714.5,702.7000122070312,706.2999877929688,11620331
2022-07-21 00:00:00+00:00,713.5302734375,715.5499877929688,718.4500122070312,704.3499755859375,707.9500122070312,8036515
2022-07-22 00:00:00+00:00,728.6873779296875,730.75,735.0,715.0999755859375,717.0,9713490
2022-07-25 00:00:00+00:00,725.2969360351562,727.3499755859375,738.7999877929688,722.5,733.5,6230411
2022-07-26 00:00:00+00:00,704.4559936523438,706.4500122070312,723.4500122070312,702.0499877929688,722.9000244140625,14135744
2022-07-27 00:00:00+00:00,716.920654296875,718.9500122070312,720.5499877929688,703.5999755859375,707.9500122070312,6106880
2022-07-28 00:00:00+00:00,723.85107421875,725.9000244140625,733.7000122070312,723.0499877929688,725.0,6964838
2022-07-29 00:00:00+00:00,722.7042846679688,724.75,734.9500122070312,723.0,733.9000244140625,6624854
2022-08-01 00:00:00+00:00,728.7372436523438,730.7999877929688,732.2999877929688,720.4000244140625,726.0,5493105
2022-08-02 00:00:00+00:00,728.38818359375,730.4500122070312,734.3499755859375,721.0999755859375,727.0,7275626
2022-08-03 00:00:00+00:00,728.4381103515625,730.5,738.5,727.5,730.0,9458761
2022-08-04 00:00:00+00:00,719.5631713867188,721.5999755859375,736.7000122070312,712.2000122070312,735.2000122070312,7466635
2022-08-05 00:00:00+00:00,726.4436645507812,728.5,731.2000122070312,721.2000122070312,724.0,4583196
2022-08-08 00:00:00+00:00,743.4456176757812,745.5499877929688,747.3499755859375,728.0999755859375,730.0,8191870
2022-08-10 00:00:00+00:00,736.9140625,739.0,747.8499755859375,736.1500244140625,745.0,9069541
2022-08-11 00:00:00+00:00,756.7080688476562,758.8499755859375,760.6500244140625,743.0499877929688,743.0499877929688,12384073
2022-08-12 00:00:00+00:00,758.4031982421875,760.5499877929688,762.0,753.4000244140625,758.7000122070312,4614341
2022-08-16 00:00:00+00:00,762.4917602539062,764.6500244140625,772.0,758.4500122070312,765.0,7051498
2022-08-17 00:00:00+00:00,769.920654296875,772.0999755859375,773.75,766.25,771.4000244140625,7674390
2022-08-18 00:00:00+00:00,762.8905639648438,765.0499877929688,776.0,762.0999755859375,772.0,9449924
2022-08-19 00:00:00+00:00,755.3618774414062,757.5,772.6500244140625,750.25,772.0,7553270
2022-08-22 00:00:00+00:00,739.7560424804688,741.8499755859375,754.4500122070312,739.2000122070312,753.4000244140625,4994311
2022-08-23 00:00:00+00:00,744.94140625,747.0499877929688,750.8499755859375,733.7999877929688,738.0,6594634
2022-08-24 00:00:00+00:00,748.0326538085938,750.1500244140625,752.0499877929688,742.0,745.0,6875820
2022-08-25 00:00:00+00:00,741.2517700195312,743.3499755859375,758.5999755859375,740.0,753.9000244140625,6320890
2022-08-26 00:00:00+00:00,742.7974853515625,744.9000244140625,755.0,741.2999877929688,748.0,4613713
2022-08-29 00:00:00+00:00,726.6431274414062,728.7000122070312,734.9000244140625,722.0499877929688,730.0,5904146
2022-08-30 00:00:00+00:00,749.3787841796875,751.5,753.5499877929688,733.0,733.0,9193270
2022-09-01 00:00:00+00:00,742.049560546875,744.1500244140625,754.9000244140625,733.5,733.5,9353805
2022-09-02 00:00:00+00:00,748.0824584960938,750.2000122070312,754.5499877929688,740.25,749.0,7767812
2022-09-05 00:00:00+00:00,753.9658203125,756.0999755859375,758.7999877929688,749.3499755859375,750.2000122070312,5894055
2022-09-06 00:00:00+00:00,747.883056640625,750.0,761.5499877929688,748.7999877929688,758.0,7606181
2022-09-07 00:00:00+00:00,753.2677612304688,755.4000244140625,758.0,739.0499877929688,743.1500244140625,10156460
2022-09-08 00:00:00+00:00,777.5490112304688,779.75,782.2000122070312,757.0999755859375,761.75,13410790
2022-09-09 00:00:00+00:00,782.6346435546875,784.8499755859375,787.9500122070312,780.0,787.9500122070312,8732302
2022-09-12 00:00:00+00:00,798.7391357421875,801.0,805.0,786.7999877929688,789.0,15521649
2022-09-13 00:00:00+00:00,803.2762451171875,805.5499877929688,808.9500122070312,803.1500244140625,805.0,9887516
2022-09-14 00:00:00+00:00,800.7832641601562,803.0499877929688,811.3499755859375,794.4000244140625,794.4000244140625,10494713
2022-09-15 00:00:00+00:00,787.7701416015625,790.0,806.5,787.6500244140625,805.5,5996899
2022-09-16 00:00:00+00:00,787.0721435546875,789.2999877929688,792.5999755859375,776.0999755859375,786.0499877929688,11467351
2022-09-19 00:00:00+00:00,795.8472290039062,798.0999755859375,802.0,786.7000122070312,789.2999877929688,11427799
2022-09-20 00:00:00+00:00,810.4559326171875,812.75,816.2000122070312,802.0,806.7999877929688,8274079
2022-09-21 00:00:00+00:00,804.2734375,806.5499877929688,816.0,803.3499755859375,809.25,6567084
2022-09-22 00:00:00+00:00,786.972412109375,789.2000122070312,808.7999877929688,784.2999877929688,805.0,7804275
2022-09-23 00:00:00+00:00,766.4305419921875,768.5999755859375,789.0,764.25,789.0,10278805
2022-09-26 00:00:00+00:00,740.50390625,742.5999755859375,763.5,741.0,759.0,11090327
2022-09-27 00:00:00+00:00,735.4182739257812,737.5,754.1500244140625,730.5,746.3499755859375,11358306
2022-09-28 00:00:00+00:00,714.427734375,716.4500122070312,733.9000244140625,707.7000122070312,733.9000244140625,13170668
2022-09-29 00:00:00+00:00,716.9705200195312,719.0,730.7999877929688,711.0,722.25,12090981
2022-09-30 00:00:00+00:00,731.1304931640625,733.2000122070312,737.75,714.4000244140625,720.0,9536017
2022-10-03 00:00:00+00:00,720.7100219726562,722.75,742.0,721.0499877929688,731.0,6405645
2022-10-04 00:00:00+00:00,740.7033081054688,742.7999877929688,744.5,732.0,733.4000244140625,5438934
2022-10-06 00:00:00+00:00,752.9685668945312,755.0999755859375,760.4000244140625,746.0,750.0,9376433
2022-10-07 00:00:00+00:00,753.5669555664062,755.7000122070312,757.5,742.2999877929688,753.7999877929688,7500540
2022-10-10 00:00:00+00:00,774.6572265625,776.8499755859375,778.7000122070312,745.0,748.0,14106654
2022-10-11 00:00:00+00:00,783.3327026367188,785.5499877929688,795.5,774.5,780.0,15953495
2022-10-12 00:00:00+00:00,806.4173583984375,808.7000122070312,810.7999877929688,783.4500122070312,789.5,21228018
2022-10-13 00:00:00+00:00,799.7362670898438,802.0,814.9500122070312,795.5999755859375,807.0,13024911
2022-10-14 00:00:00+00:00,798.240478515625,800.5,820.7000122070312,794.4500122070312,815.5499877929688,8220645
2022-10-17 00:00:00+00:00,811.8519897460938,814.1500244140625,817.0,797.0999755859375,803.5,9463827
2022-10-18 00:00:00+00:00,814.0457153320312,816.3499755859375,822.9000244140625,811.5499877929688,820.0,8470882
2022-10-19 00:00:00+00:00,827.5076293945312,829.8499755859375,838.4500122070312,816.9000244140625,818.4500122070312,10868663
2022-10-20 00:00:00+00:00,823.5189208984375,825.8499755859375,831.9000244140625,816.9500122070312,824.9000244140625,11813817
2022-10-21 00:00:00+00:00,897.8585205078125,900.4000244140625,906.0,855.8499755859375,860.0999755859375,58057724
2022-10-24 00:00:00+00:00,906.8829345703125,909.4500122070312,918.4500122070312,905.0,916.0,3085307
2022-10-25 00:00:00+00:00,900.301513671875,902.8499755859375,910.5999755859375,891.5999755859375,905.7000122070312,13187308
2022-10-27 00:00:00+00:00,912.56689453125,915.1500244140625,919.9500122070312,901.25,909.0,11967044
2022-10-28 00:00:00+00:00,900.5010375976562,903.0499877929688,917.9500122070312,898.9000244140625,915.0,7320207
2022-10-31 00:00:00+00:00,903.4427490234375,906.0,918.0,902.0999755859375,908.0,9038777
2022-11-01 00:00:00+00:00,869.2893676757812,871.75,904.0,869.0,904.0,29191921
2022-11-02 00:00:00+00:00,861.1124877929688,863.5499877929688,877.0,861.5999755859375,875.0,11029140
2022-11-03 00:00:00+00:00,861.6111450195312,864.0499877929688,880.4000244140625,856.0,857.9000244140625,10185978
2022-11-04 00:00:00+00:00,865.649658203125,868.0999755859375,872.9000244140625,862.2999877929688,869.0,7323879
2022-11-07 00:00:00+00:00,870.4860229492188,872.9500122070312,876.7999877929688,861.2999877929688,876.25,9931261
2022-11-09 00:00:00+00:00,871.2338256835938,873.7000122070312,880.75,868.5,875.0499877929688,10190209
2022-11-10 00:00:00+00:00,841.3185424804688,843.7000122070312,856.7000122070312,841.0,843.7000122070312,18956575
2022-11-11 00:00:00+00:00,848.298828125,850.7000122070312,854.7000122070312,844.1500244140625,847.0,19329819
2022-11-14 00:00:00+00:00,848.5979614257812,851.0,853.9000244140625,847.3499755859375,850.5,6985306
2022-11-15 00:00:00+00:00,856.2263793945312,858.6500244140625,859.8499755859375,847.2000122070312,851.25,7124767
2022-11-16 00:00:00+00:00,852.9855346679688,855.4000244140625,861.5999755859375,850.5999755859375,858.0,6521854
2022-11-17 00:00:00+00:00,855.7776489257812,858.2000122070312,861.4000244140625,852.7000122070312,855.4000244140625,4909607
2022-11-18 00:00:00+00:00,856.7748413085938,859.2000122070312,865.7999877929688,855.0,859.2999877929688,7065304
2022-11-21 00:00:00+00:00,867.5941162109375,870.0499877929688,870.9500122070312,859.0,860.0,7209207
2022-11-22 00:00:00+00:00,867.5941162109375,870.0499877929688,877.0,868.3499755859375,874.9500122070312,5535233
2022-11-23 00:00:00+00:00,872.2310791015625,874.7000122070312,877.7999877929688,868.75,873.9000244140625,5861417
2022-11-24 00:00:00+00:00,876.0701293945312,878.5499877929688,880.7999877929688,873.0999755859375,878.0,4928778
2022-11-25 00:00:00+00:00,885.2442626953125,887.75,891.7999877929688,880.9000244140625,883.0,7614047
2022-11-28 00:00:00+00:00,889.18310546875,891.7000122070312,899.5,885.2999877929688,887.7000122070312,7928147
2022-11-29 00:00:00+00:00,890.0305786132812,892.5499877929688,901.9000244140625,890.0,894.4000244140625,5661158
2022-11-30 00:00:00+00:00,898.7061157226562,901.25,905.0999755859375,885.4500122070312,895.0,10452798
2022-12-01 00:00:00+00:00,901.2987670898438,903.8499755859375,909.5,899.5,909.5,7053100
2022-12-02 00:00:00+00:00,902.5950927734375,905.1500244140625,907.0,891.4000244140625,898.2999877929688,7988851
2022-12-05 00:00:00+00:00,896.661865234375,899.2000122070312,907.2999877929688,897.5999755859375,907.0,5098164
2022-12-06 00:00:00+00:00,902.0965576171875,904.6500244140625,906.9000244140625,895.7000122070312,897.5,5351099
2022-12-07 00:00:00+00:00,912.0682373046875,914.6500244140625,918.0,899.8499755859375,902.7999877929688,9103656
2022-12-08 00:00:00+00:00,936.6985473632812,939.3499755859375,943.9500122070312,913.75,915.6500244140625,17466047
2022-12-09 00:00:00+00:00,931.0645141601562,933.7000122070312,945.0,927.5999755859375,944.0,8018981
2022-12-12 00:00:00+00:00,936.0005493164062,938.6500244140625,941.1500244140625,922.0,929.9000244140625,7621788
2022-12-13 00:00:00+00:00,941.9337158203125,944.5999755859375,949.2999877929688,936.5999755859375,940.2000122070312,8136559
2022-12-14 00:00:00+00:00,939.739990234375,942.4000244140625,950.1500244140625,938.5,945.6500244140625,8573479
2022-12-15 00:00:00+00:00,935.5020141601562,938.1500244140625,944.9500122070312,932.5999755859375,939.75,7359261
2022-12-16 00:00:00+00:00,932.4605102539062,935.0999755859375,945.2000122070312,929.0999755859375,932.25,6926928
2022-12-19 00:00:00+00:00,943.5292358398438,946.2000122070312,948.0999755859375,932.4000244140625,935.0999755859375,4842336
2022-12-20 00:00:00+00:00,947.0692138671875,949.75,952.75,940.4500122070312,943.75,9511818
2022-12-21 00:00:00+00:00,929.6685180664062,932.2999877929688,958.9000244140625,928.0,953.0999755859375,8368960
2022-12-22 00:00:00+00:00,916.9545288085938,919.5499877929688,936.0,912.9500122070312,936.0,9202717
2022-12-23 00:00:00+00:00,904.041015625,906.5999755859375,917.25,904.0,912.0,6371695
2022-12-26 00:00:00+00:00,926.0786743164062,928.7000122070312,932.9500122070312,905.0999755859375,908.0,4764440
2022-12-27 00:00:00+00:00,929.5687255859375,932.2000122070312,937.7999877929688,922.5999755859375,932.4500122070312,3346083
2022-12-28 00:00:00+00:00,922.0899658203125,924.7000122070312,937.4500122070312,921.2999877929688,930.9500122070312,5956496
2022-12-29 00:00:00+00:00,931.912109375,934.5499877929688,944.0,915.7999877929688,922.7999877929688,12204113
2022-12-30 00:00:00+00:00,931.1143188476562,933.75,943.5,930.3499755859375,941.25,3704449
2023-01-02 00:00:00+00:00,938.942138671875,941.5999755859375,945.0,931.7999877929688,932.25,3498198
2023-01-03 00:00:00+00:00,959.5838012695312,962.2999877929688,965.5999755859375,942.5999755859375,944.75,6927819
2023-01-04 00:00:00+00:00,954.7474975585938,957.4500122070312,970.0,955.0,963.5,9059392
2023-01-05 00:00:00+00:00,946.8697509765625,949.5499877929688,961.9000244140625,938.25,960.0,6998980
2023-01-06 00:00:00+00:00,937.2470703125,939.9000244140625,950.9500122070312,934.2999877929688,946.5499877929688,5787783
2023-01-09 00:00:00+00:00,956.0438232421875,958.75,960.0,941.3499755859375,946.7999877929688,7025747
2023-01-10 00:00:00+00:00,949.4624633789062,952.1500244140625,964.0,942.75,964.0,7140150
2023-01-11 00:00:00+00:00,947.0692138671875,949.75,955.75,942.7999877929688,953.0,7100355
2023-01-12 00:00:00+00:00,932.9093017578125,935.5499877929688,949.7000122070312,924.0,949.3499755859375,8661375
2023-01-13 00:00:00+00:00,931.5132446289062,934.1500244140625,937.4500122070312,923.0,935.5,9083608
2023-01-16 00:00:00+00:00,910.572509765625,913.1500244140625,941.75,911.7000122070312,940.4500122070312,10008273
2023-01-17 00:00:00+00:00,915.1096801757812,917.7000122070312,919.7000122070312,906.7000122070312,914.9500122070312,6904960
2023-01-18 00:00:00+00:00,921.391845703125,924.0,925.5999755859375,913.25,921.9000244140625,5730939
2023-01-19 00:00:00+00:00,926.0786743164062,928.7000122070312,938.0,920.75,923.5999755859375,7721730
2023-01-20 00:00:00+00:00,927.9234008789062,930.5499877929688,934.8499755859375,924.6500244140625,931.25,4511360
2023-01-23 00:00:00+00:00,930.0673828125,932.7000122070312,939.7000122070312,924.4500122070312,936.0,5236124
2023-01-24 00:00:00+00:00,907.6309204101562,910.2000122070312,935.0,903.75,935.0,18527897
2023-01-25 00:00:00+00:00,889.8312377929688,892.3499755859375,907.4500122070312,884.2000122070312,905.0,11921748
2023-01-27 00:00:00+00:00,871.2837524414062,873.75,892.5,851.0,892.3499755859375,17300736
2023-01-30 00:00:00+00:00,869.3890991210938,871.8499755859375,885.5,846.1500244140625,851.9000244140625,21233998
2023-01-31 00:00:00+00:00,869.1397705078125,871.5999755859375,879.2999877929688,861.0999755859375,873.0,16856151
2023-02-01 00:00:00+00:00,854.830322265625,857.25,895.2000122070312,833.2999877929688,876.2999877929688,12409819
2023-02-02 00:00:00+00:00,865.9987182617188,868.4500122070312,872.0,837.0499877929688,850.9500122070312,9567053
2023-02-03 00:00:00+00:00,880.1087646484375,882.5999755859375,885.0,859.25,873.0,7365732
2023-02-06 00:00:00+00:00,880.1586303710938,882.6500244140625,899.1500244140625,870.5999755859375,871.8499755859375,10129098
2023-02-07 00:00:00+00:00,876.6185913085938,879.0999755859375,888.4000244140625,871.5,886.8499755859375,5055187
2023-02-08 00:00:00+00:00,869.2893676757812,871.75,886.4500122070312,868.25,882.0999755859375,6572818
2023-02-09 00:00:00+00:00,865.2508544921875,867.7000122070312,876.1500244140625,862.5499877929688,876.1500244140625,5993312
2023-02-10 00:00:00+00:00,864.8021240234375,867.25,872.7000122070312,865.1500244140625,872.0499877929688,4603464
2023-02-13 00:00:00+00:00,856.675048828125,859.0999755859375,870.4500122070312,856.5,867.25,5707194
2023-02-14 00:00:00+00:00,868.2921752929688,870.75,871.9000244140625,854.25,862.5499877929688,7527755
2023-02-15 00:00:00+00:00,865.84912109375,868.2999877929688,872.2000122070312,861.5999755859375,872.0,7322266
2023-02-16 00:00:00+00:00,862.3091430664062,864.75,874.2999877929688,862.25,872.7999877929688,5843235
2023-02-17 00:00:00+00:00,852.4869995117188,854.9000244140625,868.25,850.0,861.0,8420479
2023-02-20 00:00:00+00:00,844.35986328125,846.75,861.2000122070312,842.5,859.7000122070312,5992322
2023-02-21 00:00:00+00:00,841.6675415039062,844.0499877929688,849.0,837.4000244140625,849.0,9677064
2023-02-22 00:00:00+00:00,830.9977416992188,833.3499755859375,843.0,829.5499877929688,840.0,6984037
2023-02-23 00:00:00+00:00,841.9667358398438,844.3499755859375,848.25,830.2000122070312,833.0499877929688,8437003
2023-02-24 00:00:00+00:00,848.9968872070312,851.4000244140625,854.5999755859375,844.4500122070312,850.0999755859375,7763814
2023-02-27 00:00:00+00:00,851.9384765625,854.3499755859375,858.4500122070312,845.9500122070312,851.8499755859375,8064267
2023-02-28 00:00:00+00:00,841.7174072265625,844.0999755859375,857.5999755859375,840.0,855.9500122070312,13012372
2023-03-01 00:00:00+00:00,862.7080078125,865.1500244140625,868.75,845.0499877929688,846.0499877929688,12345125
2023-03-02 00:00:00+00:00,843.0635986328125,845.4500122070312,866.7999877929688,843.5,866.0,13900508
2023-03-03 00:00:00+00:00,850.2433471679688,852.6500244140625,858.5999755859375,845.5999755859375,849.75,7977804
2023-03-06 00:00:00+00:00,857.073974609375,859.5,863.75,855.5999755859375,856.9500122070312,10781567
2023-03-08 00:00:00+00:00,858.5198364257812,860.9500122070312,862.5,853.0499877929688,858.5,8785735
2023-03-09 00:00:00+00:00,865.3505249023438,867.7999877929688,874.25,862.0,862.5,14746065
2023-03-10 00:00:00+00:00,849.495361328125,851.9000244140625,861.5999755859375,845.5,859.5999755859375,11198583
2023-03-13 00:00:00+00:00,830.0005493164062,832.3499755859375,857.0,828.4500122070312,845.5999755859375,8315798
2023-03-14 00:00:00+00:00,830.4992065429688,832.8499755859375,835.7000122070312,817.4000244140625,828.0,12573734
2023-03-15 00:00:00+00:00,821.7240600585938,824.0499877929688,843.5,819.3499755859375,838.0499877929688,6652641
2023-03-16 00:00:00+00:00,828.2056884765625,830.5499877929688,837.9000244140625,814.2999877929688,821.5,8791383
2023-03-17 00:00:00+00:00,835.036376953125,837.4000244140625,841.5,823.0,835.0,7762461
2023-03-20 00:00:00+00:00,835.1859130859375,837.5499877929688,841.0,825.5499877929688,836.0,10744023
2023-03-21 00:00:00+00:00,853.1849975585938,855.5999755859375,857.3499755859375,838.75,840.0999755859375,11489951
2023-03-22 00:00:00+00:00,847.2517700195312,849.6500244140625,859.7999877929688,847.0499877929688,855.5999755859375,8018924
2023-03-23 00:00:00+00:00,846.4041748046875,848.7999877929688,861.1500244140625,845.0999755859375,847.0,9857892
2023-03-24 00:00:00+00:00,837.529296875,839.9000244140625,852.5,837.25,846.25,8078718
2023-03-27 00:00:00+00:00,830.9977416992188,833.3499755859375,842.2000122070312,829.2000122070312,841.0499877929688,10602508
2023-03-28 00:00:00+00:00,830.1002807617188,832.4500122070312,837.4000244140625,826.0499877929688,837.4000244140625,11002402
2023-03-29 00:00:00+00:00,840.2216796875,842.5999755859375,848.4500122070312,830.0,832.5,17121194
2023-03-31 00:00:00+00:00,856.0767822265625,858.5,860.9000244140625,847.5,854.9000244140625,12946752
2023-04-03 00:00:00+00:00,862.1594848632812,864.5999755859375,866.7999877929688,856.4500122070312,864.0,13266882
2023-04-05 00:00:00+00:00,858.0711669921875,860.5,871.0,857.0,871.0,11890015
2023-04-06 00:00:00+00:00,849.5452880859375,851.9500122070312,863.25,849.0,861.7999877929688,19677316
2023-04-10 00:00:00+00:00,844.9581909179688,847.3499755859375,854.9500122070312,843.9500122070312,854.7999877929688,15656078
2023-04-11 00:00:00+00:00,850.8914794921875,853.2999877929688,855.7000122070312,844.0499877929688,848.25,23930907
2023-04-12 00:00:00+00:00,848.6478271484375,851.0499877929688,856.6500244140625,846.6500244140625,854.9000244140625,13480335
2023-04-13 00:00:00+00:00,861.9102172851562,864.3499755859375,867.7000122070312,845.0,853.6500244140625,23934570
2023-04-17 00:00:00+00:00,862.1096801757812,864.5499877929688,882.0,861.0,882.0,22577380
2023-04-18 00:00:00+00:00,860.9130859375,863.3499755859375,872.0,857.0999755859375,865.3499755859375,17238709
2023-04-19 00:00:00+00:00,870.9346923828125,873.4000244140625,874.5,862.5499877929688,865.0,23494247
2023-04-20 00:00:00+00:00,866.2978515625,868.75,875.5999755859375,864.1500244140625,874.7999877929688,19444753
2023-04-21 00:00:00+00:00,861.7606811523438,864.2000122070312,873.8499755859375,857.5,870.7999877929688,15520786
2023-04-24 00:00:00+00:00,879.8096313476562,882.2999877929688,884.4000244140625,860.5,868.0,18201632
2023-04-25 00:00:00+00:00,875.8707885742188,878.3499755859375,895.7999877929688,874.4000244140625,885.0,36394389
2023-04-26 00:00:00+00:00,885.1444702148438,887.6500244140625,889.4500122070312,875.2000122070312,877.4000244140625,19468723
2023-04-27 00:00:00+00:00,878.9121704101562,881.4000244140625,890.0,877.5,888.0,15992383
2023-04-28 00:00:00+00:00,857.572509765625,860.0,890.0499877929688,853.6500244140625,885.0999755859375,23004117
2023-05-02 00:00:00+00:00,868.1925048828125,870.6500244140625,876.4000244140625,864.25,870.0,12947953
2023-05-03 00:00:00+00:00,857.4229736328125,859.8499755859375,866.8499755859375,854.0499877929688,863.8499755859375,15103015
2023-05-04 00:00:00+00:00,863.5057983398438,865.9500122070312,867.1500244140625,857.5,860.0,9756391
2023-05-05 00:00:00+00:00,862.8576049804688,865.2999877929688,885.0,862.75,867.1500244140625,14343308
2023-05-08 00:00:00+00:00,875.970458984375,878.4500122070312,881.4000244140625,865.2999877929688,865.2999877929688,7007882
2023-05-09 00:00:00+00:00,885.7427978515625,888.25,890.2000122070312,880.0,882.2000122070312,12117151
2023-05-10 00:00:00+00:00,887.38818359375,889.9000244140625,892.5,877.5499877929688,892.0,11893027
2023-05-11 00:00:00+00:00,893.4210815429688,895.9500122070312,900.0,889.0,891.0,13816121
2023-05-12 00:00:00+00:00,908.07958984375,910.6500244140625,913.5999755859375,894.0,895.2000122070312,10533272
2023-05-15 00:00:00+00:00,913.2150268554688,915.7999877929688,919.5,909.1500244140625,910.6500244140625,7339579
2023-05-16 00:00:00+00:00,915.2094116210938,917.7999877929688,922.5,912.0,916.2000122070312,12567615
2023-05-17 00:00:00+00:00,912.2178344726562,914.7999877929688,918.9000244140625,911.25,917.7000122070312,10248327
2023-05-18 00:00:00+00:00,912.1182250976562,914.7000122070312,929.5,912.5999755859375,920.0,13614127
2023-05-19 00:00:00+00:00,921.4417114257812,924.0499877929688,927.0,908.9500122070312,920.9000244140625,8393002
2023-05-22 00:00:00+00:00,914.9600830078125,917.5499877929688,927.75,914.4000244140625,923.0,9383158
2023-05-23 00:00:00+00:00,913.5640258789062,916.1500244140625,922.5,912.4000244140625,917.5499877929688,8273445
2023-05-24 00:00:00+00:00,915.1096801757812,917.7000122070312,920.8499755859375,910.2000122070312,911.1500244140625,6248545
2023-05-25 00:00:00+00:00,918.4501953125,921.0499877929688,923.5499877929688,912.4500122070312,916.7000122070312,8149350
2023-05-26 00:00:00+00:00,924.3335571289062,926.9500122070312,927.9000244140625,915.0,918.0,4908462
2023-05-29 00:00:00+00:00,927.1754760742188,929.7999877929688,937.7000122070312,928.0499877929688,931.0,7133871
2023-05-30 00:00:00+00:00,934.8040161132812,937.4500122070312,939.7000122070312,928.0499877929688,930.7999877929688,7804403
2023-05-31 00:00:00+00:00,912.2677001953125,914.8499755859375,939.9000244140625,910.2000122070312,937.3499755859375,34757004
2023-06-01 00:00:00+00:00,917.1040649414062,919.7000122070312,930.9500122070312,916.0499877929688,922.0,11817533
2023-06-02 00:00:00+00:00,923.4859619140625,926.0999755859375,930.5,920.25,922.6500244140625,11616991
2023-06-05 00:00:00+00:00,948.1660766601562,950.8499755859375,953.9000244140625,927.5999755859375,927.5999755859375,14520005
2023-06-06 00:00:00+00:00,965.4671020507812,968.2000122070312,970.75,951.0999755859375,951.0999755859375,14457988
2023-06-07 00:00:00+00:00,973.9930419921875,976.75,981.25,968.0999755859375,972.9500122070312,15795824
2023-06-08 00:00:00+00:00,959.3843383789062,962.0999755859375,974.8499755859375,959.9000244140625,973.0499877929688,10209982
2023-06-09 00:00:00+00:00,971.9986572265625,974.75,981.7000122070312,963.2999877929688,967.0,12947464
2023-06-12 00:00:00+00:00,971.4502563476562,974.2000122070312,977.9000244140625,968.5999755859375,973.0,7465375
2023-06-13 00:00:00+00:00,983.0673217773438,985.8499755859375,989.7000122070312,974.2999877929688,974.2999877929688,15233785
2023-06-14 00:00:00+00:00,974.9403686523438,977.7000122070312,988.2000122070312,976.0,986.0,8644423
2023-06-15 00:00:00+00:00,974.3919067382812,977.1500244140625,989.0,972.2000122070312,988.3499755859375,15978311
2023-06-16 00:00:00+00:00,978.7794189453125,981.5499877929688,985.4500122070312,977.2000122070312,982.7999877929688,8860900
2023-06-19 00:00:00+00:00,962.9243774414062,965.6500244140625,986.0,961.0,983.8499755859375,11025846
2023-06-20 00:00:00+00:00,972.098388671875,974.8499755859375,977.0,958.5499877929688,965.9500122070312,7596593
2023-06-21 00:00:00+00:00,963.2733764648438,966.0,978.2999877929688,963.1500244140625,978.2999877929688,7805855
2023-06-22 00:00:00+00:00,963.8716430664062,966.5999755859375,973.4500122070312,958.7000122070312,962.2000122070312,10135883
2023-06-23 00:00:00+00:00,955.69482421875,958.4000244140625,965.5,954.5499877929688,960.0,6188008
2023-06-26 00:00:00+00:00,957.8387451171875,960.5499877929688,963.5,953.0999755859375,959.5,5799528
2023-06-27 00:00:00+00:00,970.5029296875,973.25,976.0,960.7999877929688,967.0,6921886
2023-06-28 00:00:00+00:00,975.4389038085938,978.2000122070312,984.0,967.0,979.0,10010996
2023-06-30 00:00:00+00:00,984.662841796875,987.4500122070312,989.8499755859375,976.0,977.0999755859375,7096350
2023-07-03 00:00:00+00:00,979.327880859375,982.0999755859375,990.0,978.0,990.0,5562743
2023-07-04 00:00:00+00:00,967.9600830078125,970.7000122070312,984.8499755859375,969.0,982.0999755859375,7396806
2023-07-05 00:00:00+00:00,963.7719116210938,966.5,975.5,962.0999755859375,969.0,8200047
2023-07-06 00:00:00+00:00,979.1943359375,980.9500122070312,986.0999755859375,961.0,961.0,10221727
2023-07-07 00:00:00+00:00,975.9468383789062,976.7000122070312,989.4500122070312,971.7999877929688,976.25,6236524
2023-07-10 00:00:00+00:00,963.3065185546875,964.0499877929688,986.0,960.4000244140625,976.7000122070312,7138850
2023-07-11 00:00:00+00:00,952.4649658203125,953.2000122070312,971.75,950.5999755859375,967.9000244140625,10616390
2023-07-12 00:00:00+00:00,949.2673950195312,950.0,957.5499877929688,947.0,956.7000122070312,10141257
2023-07-13 00:00:00+00:00,959.4096069335938,960.1500244140625,966.0,952.1500244140625,956.2999877929688,13079930
2023-07-14 00:00:00+00:00,956.3119506835938,957.0499877929688,967.0,947.75,964.4500122070312,5383514
2023-07-17 00:00:00+00:00,964.1058959960938,964.8499755859375,968.9000244140625,950.4500122070312,960.0,8472444
2023-07-18 00:00:00+00:00,962.9069213867188,963.6500244140625,979.9500122070312,951.2999877929688,964.0,14457717
2023-07-19 00:00:00+00:00,963.5563354492188,964.2999877929688,969.9000244140625,956.5,964.0,7574544
2023-07-20 00:00:00+00:00,977.1458740234375,977.9000244140625,979.9000244140625,957.5999755859375,963.9000244140625,15329753
2023-07-21 00:00:00+00:00,970.5509643554688,971.2999877929688,985.0,968.0,971.5999755859375,6230317
2023-07-24 00:00:00+00:00,970.7507934570312,971.5,984.9500122070312,968.7999877929688,973.4500122070312,9167788
2023-07-25 00:00:00+00:00,961.7577514648438,962.5,977.6500244140625,953.7999877929688,977.6500244140625,13448045
2023-07-26 00:00:00+00:00,976.0466918945312,976.7999877929688,980.0,963.2999877929688,966.8499755859375,8298226
2023-07-27 00:00:00+00:00,959.1597900390625,959.9000244140625,990.0,955.75,989.3499755859375,17858061
2023-07-28 00:00:00+00:00,949.2174682617188,949.9500122070312,969.75,942.2000122070312,959.9000244140625,8504392
2023-07-31 00:00:00+00:00,953.1644287109375,953.9000244140625,958.5999755859375,948.2999877929688,954.7000122070312,6601991
2023-08-01 00:00:00+00:00,959.1597900390625,959.9000244140625,964.0,952.0,956.0,8409096
2023-08-02 00:00:00+00:00,944.5210571289062,945.25,958.9000244140625,936.5999755859375,951.5,9324465
2023-08-03 00:00:00+00:00,934.8285522460938,935.5499877929688,946.5999755859375,927.1500244140625,944.0999755859375,17076611
2023-08-04 00:00:00+00:00,951.5156860351562,952.25,954.8499755859375,934.6500244140625,947.0,12376086
2023-08-07 00:00:00+00:00,946.66943359375,947.4000244140625,955.0,944.5499877929688,952.25,10922609
2023-08-08 00:00:00+00:00,952.1651611328125,952.9000244140625,959.9000244140625,944.0499877929688,950.0,11512735
2023-08-09 00:00:00+00:00,949.2673950195312,950.0,953.2999877929688,944.2999877929688,952.0,7701831
2023-08-10 00:00:00+00:00,939.0252685546875,939.75,951.9500122070312,937.2999877929688,948.0,13590891
2023-08-11 00:00:00+00:00,936.477294921875,937.2000122070312,945.7000122070312,933.0,937.5,9558237
2023-08-14 00:00:00+00:00,939.2251586914062,939.9500122070312,943.2999877929688,928.9000244140625,935.0,7172522
2023-08-16 00:00:00+00:00,932.3304443359375,933.0499877929688,940.0,931.2999877929688,935.9500122070312,7394623
2023-08-17 00:00:00+00:00,935.8277587890625,936.5499877929688,943.0,931.6500244140625,935.9500122070312,9336994
2023-08-18 00:00:00+00:00,942.32275390625,943.0499877929688,945.9500122070312,931.0499877929688,934.8499755859375,6648744
2023-08-21 00:00:00+00:00,951.8653564453125,952.5999755859375,954.25,943.9500122070312,944.2000122070312,6822155
2023-08-22 00:00:00+00:00,956.3119506835938,957.0499877929688,959.0999755859375,948.6500244140625,953.8499755859375,10860061
2023-08-23 00:00:00+00:00,978.4948120117188,979.25,980.4500122070312,958.4000244140625,962.0,12677151
2023-08-24 00:00:00+00:00,980.5932006835938,981.3499755859375,994.25,979.0999755859375,984.7999877929688,11899556
2023-08-25 00:00:00+00:00,982.3418579101562,983.0999755859375,988.2000122070312,970.7999877929688,974.0,6228241
2023-08-28 00:00:00+00:00,989.4364013671875,990.2000122070312,992.5,980.0999755859375,980.0999755859375,8451441
2023-08-29 00:00:00+00:00,979.9437255859375,980.7000122070312,991.0,977.5,990.2000122070312,8114141
2023-08-30 00:00:00+00:00,982.5916748046875,983.3499755859375,998.0,980.0,983.0,9023083
2023-08-31 00:00:00+00:00,972.749267578125,973.5,994.7000122070312,968.5999755859375,981.7999877929688,21558300
2023-09-01 00:00:00+00:00,990.3856811523438,991.1500244140625,993.0,969.0,974.25,10946742
2023-09-04 00:00:00+00:00,981.4925537109375,982.25,994.5499877929688,980.0,993.75,6727188
2023-09-05 00:00:00+00:00,980.6931762695312,981.4500122070312,986.2000122070312,977.9000244140625,985.4500122070312,10548660
2023-09-06 00:00:00+00:00,964.3057861328125,965.0499877929688,983.1500244140625,961.7999877929688,981.4500122070312,16351052
2023-09-07 00:00:00+00:00,977.4456787109375,978.2000122070312,979.7999877929688,963.0999755859375,965.0499877929688,8686550
2023-09-08 00:00:00+00:00,979.5440063476562,980.2999877929688,987.2999877929688,972.5,978.2000122070312,6439351
2023-09-11 00:00:00+00:00,999.6285400390625,1000.4000244140625,1004.0,979.0,981.7999877929688,7130484
2023-09-12 00:00:00+00:00,1000.128173828125,1000.9000244140625,1010.0,998.0499877929688,1010.0,8958327
2023-09-13 00:00:00+00:00,1013.667724609375,1014.4500122070312,1017.0,993.7000122070312,1002.9500122070312,12254423
2023-09-14 00:00:00+00:00,1020.1127319335938,1020.9000244140625,1022.4000244140625,1009.0499877929688,1014.4500122070312,7855558
2023-09-15 00:00:00+00:00,1026.35791015625,1027.1500244140625,1031.75,1014.5499877929688,1021.0,8986157
2023-09-18 00:00:00+00:00,1023.9597778320312,1024.75,1029.9000244140625,1019.0,1021.5499877929688,6397319
2023-09-20 00:00:00+00:00,1026.5078125,1027.300048828125,1047.5,1012.2999877929688,1012.2999877929688,13619788
2023-09-21 00:00:00+00:00,1013.667724609375,1014.4500122070312,1033.5999755859375,1012.0999755859375,1026.5999755859375,8156588
2023-09-22 00:00:00+00:00,1017.4647827148438,1018.25,1027.25,1008.0,1010.0,7108110
2023-09-25 00:00:00+00:00,1018.1642456054688,1018.9500122070312,1026.0,1005.1500244140625,1015.2000122070312,7123890
2023-09-26 00:00:00+00:00,1013.367919921875,1014.1500244140625,1020.7000122070312,1011.0,1019.0,6387615
2023-09-27 00:00:00+00:00,1024.4093017578125,1025.199951171875,1027.949951171875,1004.0,1009.9500122070312,5158686
2023-09-28 00:00:00+00:00,1030.10498046875,1030.9000244140625,1037.949951171875,1025.199951171875,1027.0,15818489
2023-09-29 00:00:00+00:00,1035.9005126953125,1036.699951171875,1041.0,1024.5,1030.9000244140625,9528626
2023-10-03 00:00:00+00:00,1040.2471923828125,1041.050048828125,1044.699951171875,1032.5999755859375,1035.0,11589322
2023-10-04 00:00:00+00:00,994.7822265625,995.5499877929688,1037.0,988.8499755859375,1035.3499755859375,22584212
2023-10-05 00:00:00+00:00,1002.476318359375,1003.25,1009.2000122070312,988.9000244140625,1000.0,7950412
2023-10-06 00:00:00+00:00,1000.1781005859375,1000.9500122070312,1008.0,999.4000244140625,1005.0,5289753
2023-10-09 00:00:00+00:00,995.4817504882812,996.25,999.7000122070312,988.25,994.7999877929688,6823214
2023-10-10 00:00:00+00:00,1011.4693603515625,1012.25,1014.9500122070312,996.5,999.9000244140625,5728499
2023-10-11 00:00:00+00:00,1018.3140869140625,1019.0999755859375,1025.6500244140625,1012.0,1019.0,7396783
2023-10-12 00:00:00+00:00,1017.6646118164062,1018.4500122070312,1031.0,1014.9500122070312,1022.0,4920222
2023-10-13 00:00:00+00:00,993.2833862304688,994.0499877929688,1011.4500122070312,992.25,1009.0,12173162
2023-10-16 00:00:00+00:00,1004.025146484375,1004.7999877929688,1009.4500122070312,990.0,990.0,4646960
2023-10-17 00:00:00+00:00,1007.2726440429688,1008.0499877929688,1014.7000122070312,1003.0999755859375,1008.8499755859375,6105067
2023-10-18 00:00:00+00:00,992.0843505859375,992.8499755859375,1014.0999755859375,989.3499755859375,1010.0,7818946
2023-10-19 00:00:00+00:00,990.635498046875,991.4000244140625,999.0,979.7000122070312,979.7000122070312,4836625
2023-10-20 00:00:00+00:00,979.593994140625,980.3499755859375,992.9000244140625,977.75,989.0,5664400
2023-10-23 00:00:00+00:00,963.5563354492188,964.2999877929688,984.9000244140625,961.0999755859375,980.0,5896695
2023-10-25 00:00:00+00:00,954.7131958007812,955.4500122070312,974.0,951.4000244140625,960.0,6957048
2023-10-26 00:00:00+00:00,971.3003540039062,972.0499877929688,975.0,952.75,956.0,17540495
2023-10-27 00:00:00+00:00,1001.9766845703125,1002.75,1004.75,973.2999877929688,980.0,13443016
2023-10-30 00:00:00+00:00,988.4371948242188,989.2000122070312,1002.75,979.2000122070312,1002.75,5270567
2023-10-31 00:00:00+00:00,981.0928344726562,981.8499755859375,998.0,978.0,998.0,7816805
2023-11-01 00:00:00+00:00,971.0505981445312,971.7999877929688,979.2999877929688,968.0,977.8499755859375,5703984
2023-11-02 00:00:00+00:00,982.1920166015625,982.9500122070312,988.3499755859375,974.0,978.0,5193982
2023-11-03 00:00:00+00:00,988.08740234375,988.8499755859375,991.4000244140625,981.5,986.0,4268048
2023-11-06 00:00:00+00:00,1008.62158203125,1009.4000244140625,1016.2000122070312,993.0999755859375,995.0,6552178
2023-11-07 00:00:00+00:00,1020.1127319335938,1020.9000244140625,1022.2000122070312,1005.25,1008.0,6559859
2023-11-08 00:00:00+00:00,1020.912109375,1021.7000122070312,1026.949951171875,1015.5999755859375,1024.0,7643314
2023-11-09 00:00:00+00:00,1021.1119995117188,1021.9000244140625,1028.8499755859375,1016.6500244140625,1024.75,4407935
2023-11-10 00:00:00+00:00,1028.40625,1029.199951171875,1031.0,1016.6500244140625,1017.9000244140625,3294063
2023-11-13 00:00:00+00:00,1024.5592041015625,1025.3499755859375,1031.8499755859375,1023.5,1030.050048828125,5985481
2023-11-15 00:00:00+00:00,1040.546875,1041.3499755859375,1045.0,1031.550048828125,1045.0,7240388
2023-11-16 00:00:00+00:00,1025.5584716796875,1026.3499755859375,1044.0,1022.1500244140625,1042.800048828125,6908825
2023-11-17 00:00:00+00:00,993.5831909179688,994.3499755859375,1020.0,991.8499755859375,1014.9000244140625,13268353
2023-11-20 00:00:00+00:00,987.9375610351562,988.7000122070312,994.75,980.3499755859375,981.0,8215656
2023-11-21 00:00:00+00:00,991.03515625,991.7999877929688,997.5,986.6500244140625,989.9500122070312,7061614
2023-11-22 00:00:00+00:00,997.3302612304688,998.0999755859375,999.9000244140625,988.0,991.0,6103988
2023-11-23 00:00:00+00:00,998.279541015625,999.0499877929688,1003.4000244140625,995.4000244140625,999.0,3112891
2023-11-24 00:00:00+00:00,1007.7222900390625,1008.5,1010.75,999.7000122070312,1002.0,6956281
2023-11-28 00:00:00+00:00,1020.362548828125,1021.1500244140625,1021.9500122070312,1009.25,1013.0499877929688,6173384
2023-11-29 00:00:00+00:00,1059.33251953125,1060.1500244140625,1063.5,1021.1500244140625,1027.1500244140625,9422396
2023-11-30 00:00:00+00:00,1073.421630859375,1074.25,1080.9000244140625,1055.449951171875,1062.699951171875,24755589
2023-12-01 00:00:00+00:00,1103.7982177734375,1104.6500244140625,1109.0,1070.199951171875,1075.4000244140625,14428758
2023-12-04 00:00:00+00:00,1124.73193359375,1125.5999755859375,1129.0,1099.0999755859375,1120.5,14043213
2023-12-05 00:00:00+00:00,1131.57666015625,1132.449951171875,1151.8499755859375,1127.1500244140625,1136.800048828125,15804808
2023-12-06 00:00:00+00:00,1119.6358642578125,1120.5,1145.699951171875,1117.949951171875,1135.0999755859375,7342767
2023-12-07 00:00:00+00:00,1116.9879150390625,1117.8499755859375,1129.5999755859375,1108.5,1119.25,6439419
2023-12-08 00:00:00+00:00,1130.32763671875,1131.199951171875,1134.3499755859375,1111.5,1115.8499755859375,7300989
2023-12-11 00:00:00+00:00,1115.6390380859375,1116.5,1139.4000244140625,1113.8499755859375,1129.0,6924589
2023-12-12 00:00:00+00:00,1130.1278076171875,1131.0,1133.9000244140625,1109.0,1120.0,9044111
2023-12-13 00:00:00+00:00,1113.990234375,1114.8499755859375,1151.0,1111.449951171875,1150.0,8184523
2023-12-14 00:00:00+00:00,1119.5859375,1120.449951171875,1138.5999755859375,1117.9000244140625,1132.4000244140625,9421193
2023-12-15 00:00:00+00:00,1119.4859619140625,1120.3499755859375,1127.8499755859375,1108.5999755859375,1119.199951171875,12048410
2023-12-18 00:00:00+00:00,1110.492919921875,1111.3499755859375,1120.0,1107.199951171875,1119.699951171875,7922468
2023-12-19 00:00:00+00:00,1119.3861083984375,1120.25,1126.8499755859375,1114.199951171875,1123.800048828125,6824641
2023-12-20 00:00:00+00:00,1109.393798828125,1110.25,1123.8499755859375,1102.699951171875,1122.0,9848057
2023-12-21 00:00:00+00:00,1094.5552978515625,1095.4000244140625,1103.9000244140625,1077.199951171875,1103.9000244140625,10914682
2023-12-22 00:00:00+00:00,1087.4608154296875,1088.300048828125,1106.300048828125,1085.800048828125,1095.4000244140625,10600025
2023-12-26 00:00:00+00:00,1093.4061279296875,1094.25,1100.6500244140625,1086.699951171875,1091.199951171875,5687517
2023-12-27 00:00:00+00:00,1105.496826171875,1106.3499755859375,1110.550048828125,1089.6500244140625,1096.050048828125,6132936
2023-12-28 00:00:00+00:00,1106.99560546875,1107.8499755859375,1113.0,1098.0,1107.25,14097667
2023-12-29 00:00:00+00:00,1101.449951171875,1102.300048828125,1106.8499755859375,1093.949951171875,1101.449951171875,8786731
2024-01-01 00:00:00+00:00,1096.8533935546875,1097.699951171875,1104.0,1093.0,1095.0,4083732
2024-01-02 00:00:00+00:00,1092.406982421875,1093.25,1099.3499755859375,1082.300048828125,1095.0999755859375,7895577
2024-01-03 00:00:00+00:00,1097.7528076171875,1098.5999755859375,1102.5999755859375,1081.300048828125,1091.0,10225290
2024-01-04 00:00:00+00:00,1122.53369140625,1123.4000244140625,1130.0,1100.050048828125,1103.0,11411683
2024-01-05 00:00:00+00:00,1136.0731201171875,1136.949951171875,1139.9000244140625,1119.0,1124.0,8025466
2024-01-08 00:00:00+00:00,1121.134765625,1122.0,1146.0,1118.5,1145.0,4735538
2024-01-09 00:00:00+00:00,1115.68896484375,1116.550048828125,1135.550048828125,1112.3499755859375,1128.550048828125,6359362
2024-01-10 00:00:00+00:00,1106.1463623046875,1107.0,1116.0,1099.050048828125,1115.25,5934163
2024-01-11 00:00:00+00:00,1124.8818359375,1125.75,1127.9000244140625,1111.050048828125,1111.050048828125,4683035
2024-01-12 00:00:00+00:00,1119.4859619140625,1120.3499755859375,1129.449951171875,1118.050048828125,1126.3499755859375,5616755
2024-01-15 00:00:00+00:00,1118.63671875,1119.5,1130.449951171875,1116.5999755859375,1122.0,6719079
2024-01-16 00:00:00+00:00,1118.2369384765625,1119.0999755859375,1127.800048828125,1115.0999755859375,1116.6500244140625,5229753
2024-01-17 00:00:00+00:00,1081.4654541015625,1082.300048828125,1115.0,1079.199951171875,1082.0,24913719
2024-01-18 00:00:00+00:00,1096.6536865234375,1097.5,1108.75,1066.0,1066.0,11473135
2024-01-19 00:00:00+00:00,1115.68896484375,1116.550048828125,1126.300048828125,1105.0,1107.1500244140625,12303696
2024-01-23 00:00:00+00:00,1088.4100341796875,1089.25,1141.5999755859375,1078.800048828125,1125.9000244140625,18924087
2024-01-24 00:00:00+00:00,1058.333251953125,1059.1500244140625,1073.199951171875,1020.9000244140625,1034.800048828125,20884046
2024-01-25 00:00:00+00:00,1041.4462890625,1042.25,1063.699951171875,1025.800048828125,1058.0,20835434
2024-01-29 00:00:00+00:00,1060.431640625,1061.25,1068.0,1036.0,1036.0,11188604
2024-01-30 00:00:00+00:00,1053.287109375,1054.0999755859375,1070.449951171875,1050.800048828125,1060.050048828125,9426983
2024-01-31 00:00:00+00:00,1066.9266357421875,1067.75,1084.0999755859375,1042.699951171875,1048.199951171875,12600390
2024-02-01 00:00:00+00:00,1083.413818359375,1084.25,1087.6500244140625,1056.800048828125,1072.6500244140625,9756682
2024-02-02 00:00:00+00:00,1066.2271728515625,1067.050048828125,1096.199951171875,1065.0,1088.050048828125,8667415
2024-02-05 00:00:00+00:00,1060.681396484375,1061.5,1079.5,1058.0,1067.050048828125,12569454
2024-02-06 00:00:00+00:00,1049.240234375,1050.050048828125,1065.0999755859375,1048.199951171875,1061.550048828125,8011171
2024-02-07 00:00:00+00:00,1068.2755126953125,1069.0999755859375,1073.699951171875,1057.5,1061.050048828125,7281793
2024-02-08 00:00:00+00:00,1035.1011962890625,1035.9000244140625,1075.5999755859375,1031.6500244140625,1072.0,9869141
2024-02-09 00:00:00+00:00,1050.5892333984375,1051.4000244140625,1054.9000244140625,1034.550048828125,1039.949951171875,8233454
2024-02-12 00:00:00+00:00,1045.892822265625,1046.699951171875,1057.25,1035.3499755859375,1051.4000244140625,8694379
2024-02-13 00:00:00+00:00,1069.92431640625,1070.75,1075.550048828125,1044.800048828125,1051.0,8413609
2024-02-14 00:00:00+00:00,1096.004150390625,1096.8499755859375,1100.9000244140625,1060.550048828125,1061.300048828125,16609115
2024-02-15 00:00:00+00:00,1071.3731689453125,1072.199951171875,1097.550048828125,1069.25,1097.5,11780823
2024-02-16 00:00:00+00:00,1067.92578125,1068.75,1076.0,1058.0,1073.0,8660907
2024-02-19 00:00:00+00:00,1062.1302490234375,1062.949951171875,1070.0,1060.0999755859375,1069.0,7562645
2024-02-20 00:00:00+00:00,1087.760498046875,1088.5999755859375,1090.5,1057.699951171875,1059.0,8722800
2024-02-21 00:00:00+00:00,1083.3638916015625,1084.199951171875,1093.949951171875,1073.0999755859375,1093.8499755859375,9177213
2024-02-22 00:00:00+00:00,1100.051025390625,1100.9000244140625,1110.699951171875,1081.5,1090.300048828125,14633340
2024-02-23 00:00:00+00:00,1095.9542236328125,1096.800048828125,1107.4000244140625,1090.0,1099.0,6250943
2024-02-26 00:00:00+00:00,1084.363037109375,1085.199951171875,1094.800048828125,1079.6500244140625,1093.449951171875,5354189
2024-02-27 00:00:00+00:00,1078.2178955078125,1079.050048828125,1088.550048828125,1072.050048828125,1081.6500244140625,6546815
2024-02-28 00:00:00+00:00,1073.37158203125,1074.199951171875,1085.0,1064.050048828125,1077.4000244140625,7643191
2024-02-29 00:00:00+00:00,1074.2708740234375,1075.0999755859375,1082.300048828125,1055.3499755859375,1071.0,13648997
2024-03-01 00:00:00+00:00,1098.40234375,1099.25,1101.699951171875,1076.0,1076.0,4819390
2024-03-04 00:00:00+00:00,1105.896484375,1106.75,1108.9000244140625,1093.0999755859375,1099.25,5895441
2024-03-05 00:00:00+00:00,1099.951171875,1100.800048828125,1110.9000244140625,1094.5,1102.199951171875,4851446
2024-03-06 00:00:00+00:00,1124.1324462890625,1125.0,1131.949951171875,1095.3499755859375,1100.199951171875,13787638
2024-03-07 00:00:00+00:00,1110.5928955078125,1111.449951171875,1126.9000244140625,1107.550048828125,1126.0,6943879
2024-03-11 00:00:00+00:00,1104.247802734375,1105.0999755859375,1120.0,1101.9000244140625,1112.25,6751641
2024-03-12 00:00:00+00:00,1096.154052734375,1097.0,1121.4000244140625,1084.25,1105.0,9817138
2024-03-13 00:00:00+00:00,1079.56689453125,1080.4000244140625,1099.550048828125,1070.75,1096.0,11503890
2024-03-14 00:00:00+00:00,1057.4339599609375,1058.25,1081.25,1055.5999755859375,1075.0,10253613
2024-03-15 00:00:00+00:00,1045.593017578125,1046.4000244140625,1056.25,1030.25,1056.25,17798175
2024-03-18 00:00:00+00:00,1060.531494140625,1061.3499755859375,1066.9000244140625,1043.5999755859375,1044.0,7612407
2024-03-19 00:00:00+00:00,1049.98974609375,1050.800048828125,1060.949951171875,1046.699951171875,1055.550048828125,6728886
2024-03-20 00:00:00+00:00,1033.9520263671875,1034.75,1057.449951171875,1030.949951171875,1050.0,12619644
2024-03-21 00:00:00+00:00,1034.8013916015625,1035.5999755859375,1050.550048828125,1028.1500244140625,1039.3499755859375,9903738
2024-03-22 00:00:00+00:00,1032.503173828125,1033.300048828125,1047.25,1029.949951171875,1040.0999755859375,9891194
2024-03-26 00:00:00+00:00,1039.74755859375,1040.550048828125,1044.199951171875,1027.5,1029.0,9656767
2024-03-27 00:00:00+00:00,1052.0380859375,1052.8499755859375,1057.550048828125,1044.25,1045.800048828125,17027308
2024-03-28 00:00:00+00:00,1046.392333984375,1047.199951171875,1058.4000244140625,1044.0999755859375,1052.8499755859375,10235318
2024-04-01 00:00:00+00:00,1052.287841796875,1053.0999755859375,1063.75,1048.9000244140625,1052.3499755859375,5484556
2024-04-02 00:00:00+00:00,1046.392333984375,1047.199951171875,1055.8499755859375,1040.199951171875,1051.0,13617893
2024-04-03 00:00:00+00:00,1062.4300537109375,1063.25,1070.300048828125,1043.75,1043.800048828125,11573590
2024-04-04 00:00:00+00:00,1062.1302490234375,1062.949951171875,1080.699951171875,1059.1500244140625,1070.0,17964844
2024-04-05 00:00:00+00:00,1058.283203125,1059.0999755859375,1063.0,1048.0999755859375,1061.0999755859375,9210187
2024-04-08 00:00:00+00:00,1075.22021484375,1076.050048828125,1079.449951171875,1063.550048828125,1067.0,4967186
2024-04-09 00:00:00+00:00,1079.1671142578125,1080.0,1090.0,1071.3499755859375,1090.0,11385226
2024-04-10 00:00:00+00:00,1086.961181640625,1087.800048828125,1093.0,1080.0,1086.199951171875,9064074
2024-04-12 00:00:00+00:00,1072.6221923828125,1073.449951171875,1096.4000244140625,1071.0999755859375,1079.5,18045983
2024-04-15 00:00:00+00:00,1057.1341552734375,1057.949951171875,1071.0,1055.25,1063.0999755859375,8889435
2024-04-16 00:00:00+00:00,1051.0888671875,1051.9000244140625,1057.8499755859375,1044.3499755859375,1049.949951171875,7107881
2024-04-18 00:00:00+00:00,1023.2103271484375,1024.0,1051.4000244140625,1013.8499755859375,1044.1500244140625,17832438
2024-04-19 00:00:00+00:00,1028.306396484375,1029.0999755859375,1036.949951171875,995.7000122070312,1015.0,21598007
2024-04-22 00:00:00+00:00,1053.13720703125,1053.949951171875,1058.5,1032.0,1039.0,9410832
2024-04-23 00:00:00+00:00,1054.935791015625,1055.75,1060.25,1048.75,1058.0,8300012
2024-04-24 00:00:00+00:00,1062.4300537109375,1063.25,1068.949951171875,1056.0,1056.0,5641163
2024-04-25 00:00:00+00:00,1126.130859375,1127.0,1133.949951171875,1086.0999755859375,1100.0,46136295
2024-04-26 00:00:00+00:00,1129.4283447265625,1130.300048828125,1141.3499755859375,1123.0,1130.0,10133766
2024-04-29 00:00:00+00:00,1158.3560791015625,1159.25,1164.0,1125.300048828125,1130.300048828125,15183242
2024-04-30 00:00:00+00:00,1165.0009765625,1165.9000244140625,1182.9000244140625,1155.1500244140625,1160.1500244140625,18965164
2024-05-02 00:00:00+00:00,1148.9632568359375,1149.8499755859375,1174.0,1148.0,1156.0,12302236
2024-05-03 00:00:00+00:00,1140.6197509765625,1141.5,1163.25,1134.0999755859375,1150.9000244140625,9993632
2024-05-06 00:00:00+00:00,1142.76806640625,1143.6500244140625,1156.0,1135.6500244140625,1143.9000244140625,7490104
2024-05-07 00:00:00+00:00,1126.830322265625,1127.699951171875,1148.800048828125,1124.050048828125,1146.050048828125,7115509
2024-05-08 00:00:00+00:00,1127.7796630859375,1128.6500244140625,1135.449951171875,1118.25,1124.6500244140625,8175609
2024-05-09 00:00:00+00:00,1114.7896728515625,1115.6500244140625,1134.550048828125,1112.199951171875,1122.0,5226693
2024-05-10 00:00:00+00:00,1119.2362060546875,1120.0999755859375,1140.0,1113.3499755859375,1123.699951171875,7242718
2024-05-13 00:00:00+00:00,1131.1270751953125,1132.0,1135.4000244140625,1105.050048828125,1120.0999755859375,5513160
2024-05-14 00:00:00+00:00,1121.984130859375,1122.8499755859375,1136.0999755859375,1118.0999755859375,1129.949951171875,5471143
2024-05-15 00:00:00+00:00,1127.18017578125,1128.050048828125,1131.199951171875,1118.5999755859375,1125.550048828125,5436338
2024-05-16 00:00:00+00:00,1138.4215087890625,1139.300048828125,1143.949951171875,1111.300048828125,1134.1500244140625,10750526
2024-05-17 00:00:00+00:00,1140.4698486328125,1141.3499755859375,1146.0,1126.0999755859375,1132.0,9909986
2024-05-21 00:00:00+00:00,1136.772705078125,1137.6500244140625,1145.75,1129.199951171875,1136.0,8162017
2024-05-22 00:00:00+00:00,1125.1317138671875,1126.0,1142.0,1117.949951171875,1142.0,9094033
2024-05-23 00:00:00+00:00,1164.3514404296875,1165.25,1169.6500244140625,1125.75,1126.0,12818081
2024-05-24 00:00:00+00:00,1173.0946044921875,1174.0,1177.0,1160.5999755859375,1165.5,8814997
2024-05-27 00:00:00+00:00,1186.0845947265625,1187.0,1196.0,1168.0,1178.9000244140625,10450046
2024-05-28 00:00:00+00:00,1182.4874267578125,1183.4000244140625,1192.4000244140625,1179.0,1188.0,4018776
2024-05-29 00:00:00+00:00,1158.8555908203125,1159.75,1185.9000244140625,1156.0,1172.0,9418064
2024-05-30 00:00:00+00:00,1167.04931640625,1167.949951171875,1179.800048828125,1155.0,1155.199951171875,7232217
2024-05-31 00:00:00+00:00,1161.2537841796875,1162.1500244140625,1178.0,1153.4000244140625,1173.0,10057642
2024-06-03 00:00:00+00:00,1222.9561767578125,1223.9000244140625,1242.199951171875,1193.4000244140625,1197.050048828125,22197339
2024-06-04 00:00:00+00:00,1130.3775634765625,1131.25,1224.0,1101.550048828125,1224.0,24135989
2024-06-05 00:00:00+00:00,1183.5865478515625,1184.5,1193.0,1110.699951171875,1138.0,21039499
2024-06-06 00:00:00+00:00,1170.0469970703125,1170.949951171875,1195.9000244140625,1163.25,1192.0999755859375,12006879
2024-06-07 00:00:00+00:00,1185.8848876953125,1186.800048828125,1195.199951171875,1166.75,1178.0,8583998
2024-06-10 00:00:00+00:00,1199.0745849609375,1200.0,1212.4000244140625,1185.0,1185.0,9995057
2024-06-11 00:00:00+00:00,1193.6787109375,1194.5999755859375,1209.3499755859375,1190.449951171875,1204.449951171875,9390212
2024-06-12 00:00:00+00:00,1186.9840087890625,1187.9000244140625,1206.1500244140625,1184.0999755859375,1192.0999755859375,7199718
2024-06-13 00:00:00+00:00,1173.744140625,1174.6500244140625,1202.0,1173.449951171875,1201.800048828125,5321148
2024-06-14 00:00:00+00:00,1180.1392822265625,1181.050048828125,1184.6500244140625,1170.0,1180.949951171875,4451031
2024-06-18 00:00:00+00:00,1190.9808349609375,1191.9000244140625,1194.0,1181.1500244140625,1194.0,6837181
2024-06-19 00:00:00+00:00,1225.7041015625,1226.6500244140625,1243.3499755859375,1185.5,1193.0,17987437
2024-06-20 00:00:00+00:00,1238.544189453125,1239.5,1241.5,1220.4000244140625,1230.0999755859375,8206858
2024-06-21 00:00:00+00:00,1236.4957275390625,1237.449951171875,1246.0,1223.75,1246.0,29311314
2024-06-24 00:00:00+00:00,1227.1529541015625,1228.0999755859375,1235.75,1225.050048828125,1231.0,6676530
2024-06-25 00:00:00+00:00,1270.469482421875,1271.449951171875,1278.75,1226.0,1234.449951171875,17607952
2024-06-26 00:00:00+00:00,1284.4088134765625,1285.4000244140625,1292.949951171875,1259.199951171875,1281.0999755859375,13956370
2024-06-27 00:00:00+00:00,1287.9559326171875,1288.949951171875,1310.0,1280.0,1310.0,22311393
2024-06-28 00:00:00+00:00,1264.2742919921875,1265.25,1289.9000244140625,1261.5999755859375,1283.0999755859375,7167069
2024-07-01 00:00:00+00:00,1260.9268798828125,1261.9000244140625,1273.0,1256.449951171875,1273.0,5797015
2024-07-02 00:00:00+00:00,1252.4334716796875,1253.4000244140625,1267.8499755859375,1238.25,1265.0,9945447
2024-07-03 00:00:00+00:00,1279.012939453125,1280.0,1288.5999755859375,1243.5999755859375,1260.0,15171347
2024-07-04 00:00:00+00:00,1279.9122314453125,1280.9000244140625,1293.0,1268.5,1288.0,4817380
2024-07-05 00:00:00+00:00,1286.0574951171875,1287.050048828125,1295.4000244140625,1270.9000244140625,1272.0,8593502
2024-07-08 00:00:00+00:00,1286.8568115234375,1287.8499755859375,1297.4000244140625,1279.5999755859375,1285.0,4216951
2024-07-09 00:00:00+00:00,1288.4056396484375,1289.4000244140625,1295.0,1279.199951171875,1284.0,6930340
2024-07-10 00:00:00+00:00,1290.6539306640625,1291.6500244140625,1294.0,1275.1500244140625,1284.199951171875,9020489
2024-07-11 00:00:00+00:00,1295.75,1296.75,1301.4000244140625,1276.949951171875,1301.050048828125,7848846
2024-07-12 00:00:00+00:00,1317.300048828125,1317.300048828125,1339.6500244140625,1293.9000244140625,1293.9000244140625,11278987
2024-07-15 00:00:00+00:00,1307.449951171875,1307.449951171875,1324.4000244140625,1305.0,1316.699951171875,11537127
2024-07-16 00:00:00+00:00,1304.0,1304.0,1318.449951171875,1299.699951171875,1307.449951171875,5433264
2024-07-18 00:00:00+00:00,1309.4000244140625,1309.4000244140625,1318.5999755859375,1294.5,1300.0,6787511
2024-07-19 00:00:00+00:00,1292.3499755859375,1292.3499755859375,1309.0,1288.199951171875,1305.6500244140625,4496066
2024-07-22 00:00:00+00:00,1282.5,1282.5,1292.3499755859375,1278.199951171875,1283.3499755859375,6695557
2024-07-23 00:00:00+00:00,1263.25,1263.25,1291.0999755859375,1251.0,1288.5,8789327
2024-07-24 00:00:00+00:00,1239.25,1239.25,1267.3499755859375,1226.6500244140625,1262.9000244140625,10344860
2024-07-25 00:00:00+00:00,1175.9000244140625,1175.9000244140625,1200.0,1155.5,1200.0,32979871
2024-07-26 00:00:00+00:00,1177.3499755859375,1177.3499755859375,1183.1500244140625,1155.25,1165.0,18554648
2024-07-29 00:00:00+00:00,1170.050048828125,1170.050048828125,1194.5999755859375,1163.6500244140625,1182.3499755859375,19598573
2024-07-30 00:00:00+00:00,1170.0,1170.0,1180.0,1160.199951171875,1164.0999755859375,18090045
2024-07-31 00:00:00+00:00,1166.0999755859375,1166.0999755859375,1171.0,1154.0,1157.0,17347076
2024-08-01 00:00:00+00:00,1172.300048828125,1172.300048828125,1175.6500244140625,1165.449951171875,1168.0,11190500
2024-08-02 00:00:00+00:00,1160.8499755859375,1160.8499755859375,1167.800048828125,1156.0999755859375,1164.0,10581445
2024-08-05 00:00:00+00:00,1133.5,1133.5,1151.449951171875,1124.300048828125,1142.0,12013362
2024-08-06 00:00:00+00:00,1126.0999755859375,1126.0999755859375,1151.0,1123.0999755859375,1140.0,8571122
2024-08-07 00:00:00+00:00,1136.800048828125,1136.800048828125,1144.800048828125,1127.0,1138.800048828125,8370312
2024-08-08 00:00:00+00:00,1138.1500244140625,1138.1500244140625,1142.800048828125,1126.0,1133.0999755859375,7903428
2024-08-09 00:00:00+00:00,1142.75,1142.75,1155.699951171875,1139.949951171875,1152.0,6262086
2024-08-12 00:00:00+00:00,1164.300048828125,1164.300048828125,1169.0999755859375,1135.8499755859375,1146.0,9078384
2024-08-13 00:00:00+00:00,1159.5999755859375,1159.5999755859375,1179.5999755859375,1155.4000244140625,1161.3499755859375,6180463
2024-08-14 00:00:00+00:00,1153.0999755859375,1153.0999755859375,1159.0,1148.6500244140625,1159.0,5021841
2024-08-16 00:00:00+00:00,1166.8499755859375,1166.8499755859375,1170.0,1149.5999755859375,1166.4000244140625,6107134
2024-08-19 00:00:00+00:00,1153.25,1153.25,1171.300048828125,1150.199951171875,1169.0,6691823
2024-08-20 00:00:00+00:00,1168.0,1168.0,1177.0,1154.6500244140625,1158.0,6721749
2024-08-21 00:00:00+00:00,1174.4000244140625,1174.4000244140625,1178.0,1161.5,1166.5999755859375,9480630
2024-08-22 00:00:00+00:00,1169.949951171875,1169.949951171875,1181.0,1168.949951171875,1179.699951171875,5841326
2024-08-23 00:00:00+00:00,1165.949951171875,1165.949951171875,1173.949951171875,1163.5,1170.0,5121962
2024-08-26 00:00:00+00:00,1170.300048828125,1170.300048828125,1175.25,1166.0999755859375,1171.699951171875,3392612
2024-08-27 00:00:00+00:00,1181.25,1181.25,1184.8499755859375,1164.25,1170.0,8702113
2024-08-28 00:00:00+00:00,1170.949951171875,1170.949951171875,1181.699951171875,1169.3499755859375,1177.0,5483503
2024-08-29 00:00:00+00:00,1175.4000244140625,1175.4000244140625,1179.9000244140625,1163.4000244140625,1169.0,7290114
2024-08-30 00:00:00+00:00,1175.25,1175.25,1182.949951171875,1171.8499755859375,1177.0,10190506
2024-09-02 00:00:00+00:00,1188.800048828125,1188.800048828125,1194.0,1174.0999755859375,1176.0,6432362
2024-09-03 00:00:00+00:00,1191.5999755859375,1191.5999755859375,1193.550048828125,1176.699951171875,1188.0,7920246
2024-09-04 00:00:00+00:00,1177.699951171875,1177.699951171875,1189.6500244140625,1173.300048828125,1182.699951171875,6527941
2024-09-05 00:00:00+00:00,1180.550048828125,1180.550048828125,1182.8499755859375,1173.449951171875,1182.0,4234766
2024-09-06 00:00:00+00:00,1158.75,1158.75,1181.3499755859375,1150.800048828125,1176.0,9874576
2024-09-09 00:00:00+00:00,1170.8499755859375,1170.8499755859375,1175.5999755859375,1145.0,1158.0,7700940
2024-09-10 00:00:00+00:00,1187.199951171875,1187.199951171875,1190.8499755859375,1173.3499755859375,1178.9000244140625,8723854
2024-09-11 00:00:00+00:00,1186.0999755859375,1186.0999755859375,1194.8499755859375,1181.0,1187.199951171875,6000329
2024-09-12 00:00:00+00:00,1203.3499755859375,1203.3499755859375,1205.699951171875,1176.75,1190.0999755859375,7592871
2024-09-13 00:00:00+00:00,1217.449951171875,1217.449951171875,1219.550048828125,1201.0,1209.9000244140625,6762566
2024-09-16 00:00:00+00:00,1231.050048828125,1231.050048828125,1234.0,1215.0,1222.0,4039284
2024-09-17 00:00:00+00:00,1232.0999755859375,1232.0999755859375,1240.5999755859375,1227.5999755859375,1235.199951171875,8030427
2024-09-18 00:00:00+00:00,1240.449951171875,1240.449951171875,1250.4000244140625,1225.0,1231.9000244140625,8210034
2024-09-19 00:00:00+00:00,1242.699951171875,1242.699951171875,1261.699951171875,1239.0,1248.449951171875,8449864
2024-09-20 00:00:00+00:00,1245.0,1245.0,1250.0,1229.9000244140625,1244.0,15009629
2024-09-23 00:00:00+00:00,1246.800048828125,1246.800048828125,1252.449951171875,1240.550048828125,1251.5,5462814
2024-09-24 00:00:00+00:00,1239.550048828125,1239.550048828125,1247.0999755859375,1235.3499755859375,1241.0999755859375,9225946
2024-09-25 00:00:00+00:00,1268.0999755859375,1268.0999755859375,1271.0,1231.0999755859375,1238.0,6853324
2024-09-26 00:00:00+00:00,1277.0999755859375,1277.0999755859375,1281.6500244140625,1262.25,1267.550048828125,7270078
2024-09-27 00:00:00+00:00,1273.1500244140625,1273.1500244140625,1281.550048828125,1257.25,1273.0,13372027
2024-09-30 00:00:00+00:00,1232.199951171875,1232.199951171875,1275.0,1229.3499755859375,1263.5,8466919
2024-10-01 00:00:00+00:00,1226.6500244140625,1226.6500244140625,1242.949951171875,1224.6500244140625,1228.0999755859375,11164280
2024-10-03 00:00:00+00:00,1175.699951171875,1175.699951171875,1219.1500244140625,1173.0999755859375,1207.5,17300892
2024-10-04 00:00:00+00:00,1178.4000244140625,1178.4000244140625,1202.800048828125,1174.0,1175.5,13064515
2024-10-07 00:00:00+00:00,1145.699951171875,1145.699951171875,1184.8499755859375,1130.9000244140625,1182.949951171875,20047013
2024-10-08 00:00:00+00:00,1153.300048828125,1153.300048828125,1168.3499755859375,1142.5,1153.0,8464570
2024-10-09 00:00:00+00:00,1170.1500244140625,1170.1500244140625,1185.0,1154.0,1154.0,9807734
2024-10-10 00:00:00+00:00,1184.25,1184.25,1191.0,1175.050048828125,1177.0,6806243
2024-10-11 00:00:00+00:00,1172.449951171875,1172.449951171875,1188.199951171875,1166.0,1182.5,4754158
2024-10-14 00:00:00+00:00,1164.3499755859375,1164.3499755859375,1175.0,1156.5999755859375,1171.550048828125,9765296
2024-10-15 00:00:00+00:00,1153.8499755859375,1153.8499755859375,1172.0,1149.5,1166.0999755859375,8741516
2024-10-16 00:00:00+00:00,1153.199951171875,1153.199951171875,1162.949951171875,1148.0999755859375,1151.0,7739854
2024-10-17 00:00:00+00:00,1131.8499755859375,1131.8499755859375,1151.3499755859375,1124.0,1151.0,6595231
2024-10-18 00:00:00+00:00,1196.8499755859375,1196.8499755859375,1203.8499755859375,1156.050048828125,1158.0,20829666
2024-10-21 00:00:00+00:00,1190.300048828125,1190.300048828125,1214.800048828125,1185.550048828125,1196.8499755859375,7456038
2024-10-22 00:00:00+00:00,1175.75,1175.75,1198.0,1173.3499755859375,1194.25,7256246
2024-10-23 00:00:00+00:00,1160.4000244140625,1160.4000244140625,1183.1500244140625,1158.6500244140625,1175.0999755859375,6501834
2024-10-24 00:00:00+00:00,1167.3499755859375,1167.3499755859375,1175.199951171875,1154.6500244140625,1165.0,5046700
2024-10-25 00:00:00+00:00,1189.3499755859375,1189.3499755859375,1201.75,1170.0,1187.0,12798716
2024-10-28 00:00:00+00:00,1171.5999755859375,1171.5999755859375,1194.0,1167.050048828125,1194.0,8572243
2024-10-29 00:00:00+00:00,1186.8499755859375,1186.8499755859375,1191.199951171875,1157.5999755859375,1176.4000244140625,9908946
2024-10-30 00:00:00+00:00,1170.4000244140625,1170.4000244140625,1187.6500244140625,1164.300048828125,1178.75,9686560
2024-10-31 00:00:00+00:00,1159.550048828125,1159.550048828125,1178.0,1153.8499755859375,1165.5,8682294
2024-11-01 00:00:00+00:00,1169.550048828125,1169.550048828125,1172.5,1164.0,1164.050048828125,460781
2024-11-04 00:00:00+00:00,1139.25,1139.25,1176.949951171875,1135.449951171875,1172.0,9288653
2024-11-05 00:00:00+00:00,1171.699951171875,1171.699951171875,1174.9000244140625,1133.449951171875,1138.949951171875,11701049
2024-11-06 00:00:00+00:00,1166.5,1166.5,1183.550048828125,1161.449951171875,1171.800048828125,10353506
2024-11-07 00:00:00+00:00,1159.9000244140625,1159.9000244140625,1172.9000244140625,1151.050048828125,1168.5999755859375,6252889
2024-11-08 00:00:00+00:00,1160.949951171875,1160.949951171875,1167.75,1151.0999755859375,1156.0,3786168
2024-11-11 00:00:00+00:00,1171.0,1171.0,1176.800048828125,1142.949951171875,1152.0,6620678
2024-11-12 00:00:00+00:00,1158.1500244140625,1158.1500244140625,1187.0,1153.800048828125,1171.6500244140625,9606088
2024-11-13 00:00:00+00:00,1139.1500244140625,1139.1500244140625,1165.5,1135.0999755859375,1151.9000244140625,8079048
